document,requirement,change,old_text,new_text,old_text_sha256,new_text_sha256
GSP-Charter,CH-001,unchanged,"The programme shall identify this document as a Governance Working Draft until a founding adoption record identifies the adopting persons, their actual authority over programme resources and publications, the edition adopted, its effective date, and the scope of that authority.","The programme shall identify this document as a Governance Working Draft until a founding adoption record identifies the adopting persons, their actual authority over programme resources and publications, the edition adopted, its effective date, and the scope of that authority.",b4b113471a45044b84bf60ca82ec77b548548e633a60bc078bcc5a6866be327a,b4b113471a45044b84bf60ca82ec77b548548e633a60bc078bcc5a6866be327a
GSP-Charter,CH-002,unchanged,"An adoption record shall distinguish the programme's own publication authority from any claim to represent a profession, institution, community, jurisdiction, or international constituency. Each representation claim shall identify its actual mandate and limits.","An adoption record shall distinguish the programme's own publication authority from any claim to represent a profession, institution, community, jurisdiction, or international constituency. Each representation claim shall identify its actual mandate and limits.",f219c6eded1e4bc00402c676ab57f19b45d036582601e826b97c7e582bf92f0a,f219c6eded1e4bc00402c676ab57f19b45d036582601e826b97c7e582bf92f0a
GSP-Charter,CH-003,unchanged,"Each proposed programme work item shall identify the recognition or practical problem it addresses, its intended beneficiaries and affected interests, its anticipated contribution to the mission, and the evidence by which that contribution will be evaluated.","Each proposed programme work item shall identify the recognition or practical problem it addresses, its intended beneficiaries and affected interests, its anticipated contribution to the mission, and the evidence by which that contribution will be evaluated.",9414b8025747d36e49efe6f50f2901fefd0b10b4db084ae0134b43d779836778,9414b8025747d36e49efe6f50f2901fefd0b10b4db084ae0134b43d779836778
GSP-Charter,CH-004,unchanged,"Programme evaluations shall distinguish demonstrated improvements in recording, interpretation, contestation, or practical response from broader claims about restored trust, justice, or future generative capacity. A broader claim shall identify its evidence and limitations.","Programme evaluations shall distinguish demonstrated improvements in recording, interpretation, contestation, or practical response from broader claims about restored trust, justice, or future generative capacity. A broader claim shall identify its evidence and limitations.",ae7bdb83c5e5058e9a7cf7b42aa1a5ca952c868dcdf66b9663e1879c91fe4541,ae7bdb83c5e5058e9a7cf7b42aa1a5ca952c868dcdf66b9663e1879c91fe4541
GSP-Charter,CH-005,unchanged,"The programme shall examine its own classification, recording, decision, and publication practices as potential sources of exclusion, dependency, and concentrated authority. Findings and corrective decisions shall enter the programme's maintained issue record.","The programme shall examine its own classification, recording, decision, and publication practices as potential sources of exclusion, dependency, and concentrated authority. Findings and corrective decisions shall enter the programme's maintained issue record.",55f027025b364ba56dab0a54f2f743a7e8d0163cb4aee861c3f2ad364d9fb750,55f027025b364ba56dab0a54f2f743a7e8d0163cb4aee861c3f2ad364d9fb750
GSP-Charter,CH-006,unchanged,"Programme publications shall distinguish metamodel, record ontology, epistemic representation, normative assessment, jurisprudential status, institutional governance, political economy, and technical implementation wherever a requirement or claim depends on more than one of these layers.","Programme publications shall distinguish metamodel, record ontology, epistemic representation, normative assessment, jurisprudential status, institutional governance, political economy, and technical implementation wherever a requirement or claim depends on more than one of these layers.",f4fbee1d116b883ed6b08c5dee090d337db5b0fbad0f566772e6999d9b93de5b,f4fbee1d116b883ed6b08c5dee090d337db5b0fbad0f566772e6999d9b93de5b
GSP-Charter,CH-007,unchanged,"The programme shall preserve the distinction between theoretical GR concepts and scoped operational requirements. Intentional narrowing, operationalization, or departure shall identify its foundation sources, alternatives, rationale, and recorded architectural decision.","The programme shall preserve the distinction between theoretical GR concepts and scoped operational requirements. Intentional narrowing, operationalization, or departure shall identify its foundation sources, alternatives, rationale, and recorded architectural decision.",dcb49f1dda79a5ceebf3a351fcb09cbb8e68e88e01b41889c765292c51c13fce,dcb49f1dda79a5ceebf3a351fcb09cbb8e68e88e01b41889c765292c51c13fce
GSP-Charter,CH-008,unchanged,"Programme publications and public claims shall not present technical conformance, authentic provenance, a programme decision, or a recorded institutional finding as sufficient proof of factual truth, ethical legitimacy, legal validity, or international endorsement.","Programme publications and public claims shall not present technical conformance, authentic provenance, a programme decision, or a recorded institutional finding as sufficient proof of factual truth, ethical legitimacy, legal validity, or international endorsement.",11b01097cbb89bafe5481d94179a043edf26d2deeb10b8bd1a3ab35aa912350e,11b01097cbb89bafe5481d94179a043edf26d2deeb10b8bd1a3ab35aa912350e
GSP-Charter,CH-009,unchanged,"The programme shall identify jurisdictional and institutional authority separately whenever a proposal concerns legal duties, rights, admissibility, liability, or public power. Unresolved applicability shall remain explicit.","The programme shall identify jurisdictional and institutional authority separately whenever a proposal concerns legal duties, rights, admissibility, liability, or public power. Unresolved applicability shall remain explicit.",5244027005c75f456da79f4930385395492f42970fe6240ee6c46fee01fc1f79,5244027005c75f456da79f4930385395492f42970fe6240ee6c46fee01fc1f79
GSP-Charter,CH-010,unchanged,"Each publication shall declare its class, maturity, version, responsible editor, and decision authority. Specifications, adopted Standards, policy proposals, governance documents, Technical Reports, and manuals shall retain their distinct authority.","Each publication shall declare its class, maturity, version, responsible editor, and decision authority. Specifications, adopted Standards, policy proposals, governance documents, Technical Reports, and manuals shall retain their distinct authority.",171d06664f0547fa738c31d1c1285699ce352d532b2bd77f9122aba26555ee6f,171d06664f0547fa738c31d1c1285699ce352d532b2bd77f9122aba26555ee6f
GSP-Charter,CH-011,unchanged,"The programme shall reserve the designation adopted Standard for an edition approved under its operative development procedure. A draft, schema, prototype, protocol, or technically normative Specification shall not acquire that designation through technical completion alone.","The programme shall reserve the designation adopted Standard for an edition approved under its operative development procedure. A draft, schema, prototype, protocol, or technically normative Specification shall not acquire that designation through technical completion alone.",327650800a0c2b4fc46648556b6d146cea4056a89abfd793307daaf2875d4870,327650800a0c2b4fc46648556b6d146cea4056a89abfd793307daaf2875d4870
GSP-Charter,CH-012,unchanged,"Standards-track work shall begin with a stated normative problem, scope, terminology, intended requirements, conformance subjects, and relevant constraints. A dependent Specification work item shall identify the reusable technical need that motivates it. Draft requirements and Specifications may co-evolve through pilots and review.","Standards-track work shall begin with a stated normative problem, scope, terminology, intended requirements, conformance subjects, and relevant constraints. A dependent Specification work item shall identify the reusable technical need that motivates it. Draft requirements and Specifications may co-evolve through pilots and review.",e11f7a088814f23f869b767440069f2f582aca75aded4edd0fe206200bc389b2,e11f7a088814f23f869b767440069f2f582aca75aded4edd0fe206200bc389b2
GSP-Charter,CH-013,unchanged,"A policy proposal shall identify its intended institution or class of institutions, mandate assumptions, institutional alternatives, expected effects, safeguards, and evaluation approach. Its recommendations shall not amend technical conformance requirements outside the standards-development procedure.","A policy proposal shall identify its intended institution or class of institutions, mandate assumptions, institutional alternatives, expected effects, safeguards, and evaluation approach. Its recommendations shall not amend technical conformance requirements outside the standards-development procedure.",e5d591f110c4fac1150e8139febe7af9fe9038349a749530aff5ad3c12180ed7,e5d591f110c4fac1150e8139febe7af9fe9038349a749530aff5ad3c12180ed7
GSP-Charter,CH-014,unchanged,"Formal work-item approval shall depend on the governance launch conditions in this Charter and Directives Part 1. Preliminary source research, draft preparation, synthetic examples, and technical exploration shall retain their preliminary status while those conditions remain unmet.","Formal work-item approval shall depend on the governance launch conditions in this Charter and Directives Part 1. Preliminary source research, draft preparation, synthetic examples, and technical exploration shall retain their preliminary status while those conditions remain unmet.",5c13920aec996ec4b51ed947b1248ddf072f42740149d9ce2364c7c01faf5208,5c13920aec996ec4b51ed947b1248ddf072f42740149d9ce2364c7c01faf5208
GSP-Charter,CH-015,unchanged,"The programme shall provide a documented route for interested individuals to contribute proposals and comments and to receive reasoned dispositions. Employment, institutional sponsorship, a proprietary tool account, payment, or travel shall not be a prerequisite for submitting a relevant comment.","The programme shall provide a documented route for interested individuals to contribute proposals and comments and to receive reasoned dispositions. Employment, institutional sponsorship, a proprietary tool account, payment, or travel shall not be a prerequisite for submitting a relevant comment.",14f32fb84cf58aecc602ff33daf727873b804bdbf8a3be03cd264d683f2f55d1,14f32fb84cf58aecc602ff33daf727873b804bdbf8a3be03cd264d683f2f55d1
GSP-Charter,CH-016,unchanged,"The participant register shall distinguish participation in an individual capacity from authorized institutional representation. It shall record relevant affiliations, interests, assigned roles, and any limits on a representation mandate, subject to justified protection of sensitive information.","The participant register shall distinguish participation in an individual capacity from authorized institutional representation. It shall record relevant affiliations, interests, assigned roles, and any limits on a representation mandate, subject to justified protection of sensitive information.",bb975eddb17706f54c0f281877cb102b4bbd08d02dce69e141bd8f4bd2491d04,bb975eddb17706f54c0f281877cb102b4bbd08d02dce69e141bd8f4bd2491d04
GSP-Charter,CH-017,unchanged,"For each work item, the coordinator shall identify affected interests, reviewer competence needed, known participation gaps, outreach undertaken, and feasible measures for language, disability, time-zone, connectivity, and resource barriers. Unfilled gaps shall remain visible in progression decisions.","For each work item, the coordinator shall identify affected interests, reviewer competence needed, known participation gaps, outreach undertaken, and feasible measures for language, disability, time-zone, connectivity, and resource barriers. Unfilled gaps shall remain visible in progression decisions.",f2ee5cc361362e59c1089743a464f3395cbde3aad2e612736b7c15f8c7f3096b,f2ee5cc361362e59c1089743a464f3395cbde3aad2e612736b7c15f8c7f3096b
GSP-Charter,CH-018,unchanged,The programme shall provide an asynchronous contribution route and a human-readable account of proposed substantive changes. A contribution requiring assistance with format shall be assessed for its substance after proportionate assistance or an accessible alternative has been offered.,The programme shall provide an asynchronous contribution route and a human-readable account of proposed substantive changes. A contribution requiring assistance with format shall be assessed for its substance after proportionate assistance or an accessible alternative has been offered.,87dbeaeb57cebe9d323de81d79ef01b850dd91dd725b716e8bf03bd68648db2a,87dbeaeb57cebe9d323de81d79ef01b850dd91dd725b716e8bf03bd68648db2a
GSP-Charter,CH-019,unchanged,"Funding, institutional affiliation, authorship volume, technical access, or control of repository credentials shall not by itself confer decision rights or priority in comment disposition. The decision authority shall assess whether concentrated interests or unpaid-work burdens materially limit fair consideration.","Funding, institutional affiliation, authorship volume, technical access, or control of repository credentials shall not by itself confer decision rights or priority in comment disposition. The decision authority shall assess whether concentrated interests or unpaid-work burdens materially limit fair consideration.",b769fe911d24c16613da84798164e1a2bd877c0c68813b4f6e152192aaaf00af,b769fe911d24c16613da84798164e1a2bd877c0c68813b4f6e152192aaaf00af
GSP-Charter,CH-020,unchanged,"Any restriction on participation shall state the conduct or process reason, its scope, duration or review trigger, responsible decision maker, and available challenge route. Restrictions shall not be imposed solely because a participant disputes a proposal or authoritative interpretation.","Any restriction on participation shall state the conduct or process reason, its scope, duration or review trigger, responsible decision maker, and available challenge route. Restrictions shall not be imposed solely because a participant disputes a proposal or authoritative interpretation.",27ec3d477ee29f3c505f0d73211ae803595b3e82e50dccefd9e72f13ae877267,27ec3d477ee29f3c505f0d73211ae803595b3e82e50dccefd9e72f13ae877267
GSP-Charter,CH-021,unchanged,"An appointment shall identify the person, appointing authority, accepted mandate, decision limits, relevant interests, start date, term or review date, alternate or vacancy arrangement, and removal or replacement procedure. An office shall not be treated as staffed until acceptance is recorded.","An appointment shall identify the person, appointing authority, accepted mandate, decision limits, relevant interests, start date, term or review date, alternate or vacancy arrangement, and removal or replacement procedure. An office shall not be treated as staffed until acceptance is recorded.",bad1515171330a56fe296b1da199a560754a20fdfae8f211eab8e9cc001e3c89,bad1515171330a56fe296b1da199a560754a20fdfae8f211eab8e9cc001e3c89
GSP-Charter,CH-022,unchanged,"The programme decision authority shall publish reasons for appointments, renewals, and removals at a level compatible with necessary protection. A challenged appointment or removal shall have access to neutral procedural review under Directives Part 1.","The programme decision authority shall publish reasons for appointments, renewals, and removals at a level compatible with necessary protection. A challenged appointment or removal shall have access to neutral procedural review under Directives Part 1.",5847d8399c205287748b7f9c517150721353385a89f15100436c07e7dfd21f9f,5847d8399c205287748b7f9c517150721353385a89f15100436c07e7dfd21f9f
GSP-Charter,CH-023,unchanged,"Where one person holds multiple functions, each decision record shall identify the capacity exercised and any resulting conflict. A person shall not conduct the neutral review of their own challenged decision.","Where one person holds multiple functions, each decision record shall identify the capacity exercised and any resulting conflict. A person shall not conduct the neutral review of their own challenged decision.",f85559f2e2beb69db458451c757c4d113761a1cdcd7c9f52dd5b3604b006257c,f85559f2e2beb69db458451c757c4d113761a1cdcd7c9f52dd5b3604b006257c
GSP-Charter,CH-024,unchanged,"The programme shall not delegate a decision to an automated system. AI-assisted drafting, summarization, analysis, or validation shall retain an accountable human role responsible for checking the resulting material and recording consequential use.","The programme shall not delegate a decision to an automated system. AI-assisted drafting, summarization, analysis, or validation shall retain an accountable human role responsible for checking the resulting material and recording consequential use.",0d420348676e0fbccae9a56fefcecf2f38d58654d8d5f24216fd4571e25c41dc,0d420348676e0fbccae9a56fefcecf2f38d58654d8d5f24216fd4571e25c41dc
GSP-Charter,CH-025,unchanged,The programme shall not exercise a delegated function while its required responsible role is vacant or recused without an authorized substitute. Unaffected preliminary work may continue with its status declared.,The programme shall not exercise a delegated function while its required responsible role is vacant or recused without an authorized substitute. Unaffected preliminary work may continue with its status declared.,c350a85ce0e45421a97dadd2e9fd46b5b1aea7caa6eef0692a2e17c8933a782e,c350a85ce0e45421a97dadd2e9fd46b5b1aea7caa6eef0692a2e17c8933a782e
GSP-Charter,CH-026,unchanged,"Each consequential progression, adoption, mandate, or appointment decision shall identify the operative procedure, authority, evidence considered, interests and recusals, alternatives, material objections, reasons, consequences, and review route.","Each consequential progression, adoption, mandate, or appointment decision shall identify the operative procedure, authority, evidence considered, interests and recusals, alternatives, material objections, reasons, consequences, and review route.",48755f74896210d2702fd2ca7113fe16d49440ed800993f72ef74c9d53fa91f3,48755f74896210d2702fd2ca7113fe16d49440ed800993f72ef74c9d53fa91f3
GSP-Charter,CH-027,unchanged,"A claim of consensus shall include evidence that relevant concerns were considered and that remaining substantial objections received reasoned treatment. Silence, elapsed time, a vote total, or lack of a funded alternative shall not alone establish consensus.","A claim of consensus shall include evidence that relevant concerns were considered and that remaining substantial objections received reasoned treatment. Silence, elapsed time, a vote total, or lack of a funded alternative shall not alone establish consensus.",7cb516951c133f1a58d3dd08eb867c07deae91d9dafbc98bc8f48373d3a78655,7cb516951c133f1a58d3dd08eb867c07deae91d9dafbc98bc8f48373d3a78655
GSP-Charter,CH-028,unchanged,"Before formal work-item initiation, the governance launch record shall identify the adopted Charter and Directives, committee mandate, ethics and contribution arrangements, public-review route, maintenance and records arrangements, accepted appointments, and an available neutral procedural review route. It shall include the results and dispositions of a governance rehearsal.","Before formal work-item initiation, the governance launch record shall identify the adopted Charter and Directives, committee mandate, ethics and contribution arrangements, public-review route, maintenance and records arrangements, accepted appointments, and an available neutral procedural review route. It shall include the results and dispositions of a governance rehearsal.",04ac2d32a7e49ebd6dd0ec5e5abdb84ccfbd9f1dae79f242edeed9ba6c78689d,04ac2d32a7e49ebd6dd0ec5e5abdb84ccfbd9f1dae79f242edeed9ba6c78689d
GSP-Charter,CH-029,unchanged,"If neutral review is unavailable for a consequential contested decision, the programme shall defer that disputed progression or adoption decision and record the capacity gap. The programme shall continue research and drafting that do not depend on the contested authority.","If neutral review is unavailable for a consequential contested decision, the programme shall defer that disputed progression or adoption decision and record the capacity gap. The programme shall continue research and drafting that do not depend on the contested authority.",14336c3181a37901e22862bed5535c8bb345200e020deecbc766e21811d9cc9b,14336c3181a37901e22862bed5535c8bb345200e020deecbc766e21811d9cc9b
GSP-Charter,CH-030,unchanged,"An amendment to governance shall follow the change and review procedure in Directives Part 1, state its effective date and transition arrangements, and preserve the prior edition. A procedure shall not be changed retrospectively solely to validate a disputed decision.","An amendment to governance shall follow the change and review procedure in Directives Part 1, state its effective date and transition arrangements, and preserve the prior edition. A procedure shall not be changed retrospectively solely to validate a disputed decision.",ea7cbac5d4d94729e06f0a8b22540297ece35660a069b0bbe8e9c8d7136e371a,ea7cbac5d4d94729e06f0a8b22540297ece35660a069b0bbe8e9c8d7136e371a
GSP-Charter,CH-031,unchanged,"The programme shall maintain an inspectable record of material funding, in-kind support, decision-related conditions, and control of essential infrastructure. Restricted details shall have a stated reason for restriction and an accountable reviewer.","The programme shall maintain an inspectable record of material funding, in-kind support, decision-related conditions, and control of essential infrastructure. Restricted details shall have a stated reason for restriction and an accountable reviewer.",d10c8a402d235a221515e3a192e0ef849d55d78192b4f90663b43305af335b7f,d10c8a402d235a221515e3a192e0ef849d55d78192b4f90663b43305af335b7f
GSP-Charter,CH-032,unchanged,"A funding or hosting arrangement shall not authorize a sponsor to suppress relevant criticism, require adoption of its preferred technical solution, or bypass review. Material changes in support shall trigger a capacity and continuity assessment.","A funding or hosting arrangement shall not authorize a sponsor to suppress relevant criticism, require adoption of its preferred technical solution, or bypass review. Material changes in support shall trigger a capacity and continuity assessment.",1aa3663e960534b436c33f12979dc115a62dee869451cd174a44a5e2e3dd1ca3,1aa3663e960534b436c33f12979dc115a62dee869451cd174a44a5e2e3dd1ca3
GSP-Charter,CH-033,unchanged,"The records custodian shall maintain access to publication status, version history, work scopes, decision reasons, comment dispositions, and correction notices. Protection or deletion of underlying sensitive records shall retain a non-sensitive account of the action and its authority where permitted.","The records custodian shall maintain access to publication status, version history, work scopes, decision reasons, comment dispositions, and correction notices. Protection or deletion of underlying sensitive records shall retain a non-sensitive account of the action and its authority where permitted.",b9033c7e91aec9c4a128314fdc488371e23377d54eb453749b3223d2c6faf92b,b9033c7e91aec9c4a128314fdc488371e23377d54eb453749b3223d2c6faf92b
GSP-Charter,CH-034,unchanged,"An external liaison, pilot, endorsement, submission, or agreement shall identify who is authorized to act, its purpose and limits, and any external institution's actual assent. Participation in the programme shall not be represented as institutional endorsement.","An external liaison, pilot, endorsement, submission, or agreement shall identify who is authorized to act, its purpose and limits, and any external institution's actual assent. Participation in the programme shall not be represented as institutional endorsement.",3b9e3edc6fd660de0b08d822c163a95b09ee11327f89a99e53e3c495bfd7a033,3b9e3edc6fd660de0b08d822c163a95b09ee11327f89a99e53e3c495bfd7a033
GSP-Charter,CH-035,unchanged,"The programme decision authority shall review mission performance, participation gaps, concentrated influence, conflicts, unresolved appeals, review capacity, and maintenance resources at least annually with the programme account required by Directives Part 1 and after a material institutional change. The review shall record remedial actions, owners, and follow-up.","The programme decision authority shall review mission performance, participation gaps, concentrated influence, conflicts, unresolved appeals, review capacity, and maintenance resources at least annually with the programme account required by Directives Part 1 and after a material institutional change. The review shall record remedial actions, owners, and follow-up.",4906e9704c798c51673bb82fb1ff351b26f9b1722ec3bfa66070a9b513e03766,4906e9704c798c51673bb82fb1ff351b26f9b1722ec3bfa66070a9b513e03766
GSP-Charter,CH-036,unchanged,"Before founding adoption, the prospective founding signatories shall identify their actual capacities and proposed commitments, publish the exact governance package within cleared rights, identify proposed appointments and decision-eligibility criteria, and announce a founding review that applies the public-review, comment-disposition, reply, and material-change periods in draft Directives Part 1 as explicit conditions of that founding process.","Before founding adoption, the prospective founding signatories shall identify their actual capacities and proposed commitments, publish the exact governance package within cleared rights, identify proposed appointments and decision-eligibility criteria, and announce a founding review that applies the public-review, comment-disposition, reply, and material-change periods in draft Directives Part 1 as explicit conditions of that founding process.",ffa3286a1682a4ba710ae90bf7dd899bae4d36bc7cebbd3ef63381defcf7575b,ffa3286a1682a4ba710ae90bf7dd899bae4d36bc7cebbd3ef63381defcf7575b
GSP-Charter,CH-037,unchanged,"The founding signatories shall execute an adoption instrument only after review dispositions, a governance rehearsal, accepted minimum appointments, and independent assessment of the founding process are recorded. The instrument shall identify each signatory's express agreement, scope of commitment, dissent, outstanding limits, and the exact texts adopted. A person or institution shall not be bound or represented by a signature that lacks actual authority.","The founding signatories shall execute an adoption instrument only after review dispositions, a governance rehearsal, accepted minimum appointments, and independent assessment of the founding process are recorded. The instrument shall identify each signatory's express agreement, scope of commitment, dissent, outstanding limits, and the exact texts adopted. A person or institution shall not be bound or represented by a signature that lacks actual authority.",e5f5fb2f18a8680622a15dfdb5e6acf1d24d522dbb2f207ce7953deafd8962a9,e5f5fb2f18a8680622a15dfdb5e6acf1d24d522dbb2f207ce7953deafd8962a9
GSP-Charter,CH-038,unchanged,"The founding instrument shall identify the first programme decision authority, its delegated limits, appointment and succession route, and review date. Founding adoption shall not itself approve GR/NWIP-001 or any technical Standard. Subsequent formal adoption and maintenance decisions shall use the applicable ballot and review rules of operative Directives Part 1, distinguishing substantive maintenance from editorial correction and confirmation.","The founding instrument shall identify the first programme decision authority, its delegated limits, appointment and succession route, and review date. Founding adoption shall not itself approve GR/NWIP-001 or any technical Standard. Subsequent formal adoption and maintenance decisions shall use the applicable ballot and review rules of operative Directives Part 1, distinguishing substantive maintenance from editorial correction and confirmation.",918d99d270ea15b168e449445615fcbfb12303018e81648b07a13bb741120e08,918d99d270ea15b168e449445615fcbfb12303018e81648b07a13bb741120e08
GSP-Charter,CH-039,unchanged,"Before constituting a decision roster, the programme decision authority shall publish the proposed decision scope, nominations route, closing date, competence or affected-perspective criteria, expected review commitment, and conflict rules. Eligible individuals shall have an accepted bounded role, disclosed relevant interests, agreed applicable conduct terms, and a recorded capacity for the particular decision. Institutional representation shall require an identified mandate.","Before constituting a decision roster, the programme decision authority shall publish the proposed decision scope, nominations route, closing date, competence or affected-perspective criteria, expected review commitment, and conflict rules. Eligible individuals shall have an accepted bounded role, disclosed relevant interests, agreed applicable conduct terms, and a recorded capacity for the particular decision. Institutional representation shall require an identified mandate.",997713dc0198101ba491a060909c9acffaa6b4af54859538af5f7bc5e2c2e977,997713dc0198101ba491a060909c9acffaa6b4af54859538af5f7bc5e2c2e977
GSP-Charter,CH-040,unchanged,Selection to or exclusion from a decision roster shall have recorded reasons against the announced criteria and an available procedural challenge. The authority shall assess concentrated interests and missing perspectives before fixing the roster. A roster shall not change during a ballot except through the correction and restart rules of Directives Part 1.,Selection to or exclusion from a decision roster shall have recorded reasons against the announced criteria and an available procedural challenge. The authority shall assess concentrated interests and missing perspectives before fixing the roster. A roster shall not change during a ballot except through the correction and restart rules of Directives Part 1.,a78900dc50bedb9613c47e5ca3c777aec8b62a77ce4c29248872205d054d2af3,a78900dc50bedb9613c47e5ca3c777aec8b62a77ce4c29248872205d054d2af3
GSP-Charter,CH-041,unchanged,"An appointment renewal or proposed removal shall receive a recorded grounds statement and an opportunity for the affected person and relevant participants to respond before a final decision. A non-conflicted authority shall decide the matter within its mandate and provide access to neutral procedural review. Urgent temporary protective measures shall follow the ethics policy and emergency procedure, with a stated review point.","An appointment renewal or proposed removal shall receive a recorded grounds statement and an opportunity for the affected person and relevant participants to respond before a final decision. A non-conflicted authority shall decide the matter within its mandate and provide access to neutral procedural review. Urgent temporary protective measures shall follow the ethics policy and emergency procedure, with a stated review point.",b66e5143bf109778a083e233e94991bf333a3d1bf0d7b2a10fcfad2ea92aa6ab,b66e5143bf109778a083e233e94991bf333a3d1bf0d7b2a10fcfad2ea92aa6ab
GSP-Charter,CH-042,unchanged,"The founding or amending authority shall identify the exact coordinated governance editions, resolve conflicting provisions, and record the resulting allocation of authority before dependent decisions proceed. A later draft of a referenced document shall not replace the operative edition automatically.","The founding or amending authority shall identify the exact coordinated governance editions, resolve conflicting provisions, and record the resulting allocation of authority before dependent decisions proceed. A later draft of a referenced document shall not replace the operative edition automatically.",45846922b4911fe085ade837e7d996a7b218663fb75d6d1292d11f463af9b405,45846922b4911fe085ade837e7d996a7b218663fb75d6d1292d11f463af9b405
GSP-Charter,CH-043,unchanged,"The programme decision authority shall maintain a current statement of objectives that links active work to the mission, identifies the practical capacities being developed, and distinguishes intended benefits from effects supported by evaluation. Each annual review shall examine whether the active portfolio still addresses those objectives.","The programme decision authority shall maintain a current statement of objectives that links active work to the mission, identifies the practical capacities being developed, and distinguishes intended benefits from effects supported by evaluation. Each annual review shall examine whether the active portfolio still addresses those objectives.",ad6e2f385b16570b9e3d91e42217d8d55761441a5f5d58c6f85fc6eaab7ad8bd,ad6e2f385b16570b9e3d91e42217d8d55761441a5f5d58c6f85fc6eaab7ad8bd
GSP-Charter,CH-044,unchanged,"When prioritizing work, the programme decision authority shall record the relative need, affected interests, alternatives to new standardization, resource demands, dependencies, and consequences of delay. A priority based on available funding shall identify the resulting coverage gaps and influence conditions.","When prioritizing work, the programme decision authority shall record the relative need, affected interests, alternatives to new standardization, resource demands, dependencies, and consequences of delay. A priority based on available funding shall identify the resulting coverage gaps and influence conditions.",0d668daf72a91667d359862e5a4dbace9be4b71172572b070c86d95e66baa039,0d668daf72a91667d359862e5a4dbace9be4b71172572b070c86d95e66baa039
GSP-Charter,CH-045,unchanged,"Where evidence shows that a programme activity materially undermines participation, inspectability, contestation, or future access, the responsible authority shall examine revision, narrowing, suspension, or closure and record the chosen response and follow-up evidence. Publication volume shall not alone justify continuation.","Where evidence shows that a programme activity materially undermines participation, inspectability, contestation, or future access, the responsible authority shall examine revision, narrowing, suspension, or closure and record the chosen response and follow-up evidence. Publication volume shall not alone justify continuation.",4a56ec8b0ba063b49b54be2da2828020a2d5817f07a47e2034a9ccfe4eb53a5b,4a56ec8b0ba063b49b54be2da2828020a2d5817f07a47e2034a9ccfe4eb53a5b
GSP-Charter,CH-046,unchanged,"The programme decision authority shall reserve approval of governance amendments, creation or material alteration of committee mandates, formal work-item initiation, Standard adoption, substantive publication maintenance, and agreements creating programme commitments. A delegation of an operational step shall not transfer a reserved decision unless the operative founding or governance instrument expressly permits it.","The programme decision authority shall reserve approval of governance amendments, creation or material alteration of committee mandates, formal work-item initiation, Standard adoption, substantive publication maintenance, and agreements creating programme commitments. A delegation of an operational step shall not transfer a reserved decision unless the operative founding or governance instrument expressly permits it.",485e7216972f4261471c033656ed9656b82e28d403e05a771a7cbdd004ee8367,485e7216972f4261471c033656ed9656b82e28d403e05a771a7cbdd004ee8367
GSP-Charter,CH-047,unchanged,"An editor or repository administrator shall exercise only recorded editorial or custodial powers. Technical ability to merge, publish, assign identifiers, change access, or remove material shall not substitute for authorization of a substantive decision.","An editor or repository administrator shall exercise only recorded editorial or custodial powers. Technical ability to merge, publish, assign identifiers, change access, or remove material shall not substitute for authorization of a substantive decision.",c044479d7a287406e7f3c006d441b705a8f899cef413a1e780de0d6a7c656304,c044479d7a287406e7f3c006d441b705a8f899cef413a1e780de0d6a7c656304
GSP-Charter,CH-048,unchanged,"Before an authorized release, the release owner shall verify the applicable adoption or publication decision and the exact artifact set. If the intended public statement exceeds the recorded decision, the statement shall be corrected or referred for a new decision before release.","Before an authorized release, the release owner shall verify the applicable adoption or publication decision and the exact artifact set. If the intended public statement exceeds the recorded decision, the statement shall be corrected or referred for a new decision before release.",a907044d9ec9d0b6546514cde2d129dd25aaa30e608687ad2d7672a4e269fd5b,a907044d9ec9d0b6546514cde2d129dd25aaa30e608687ad2d7672a4e269fd5b
GSP-Charter,CH-049,unchanged,"The coordinator shall publish the purpose and actual availability of each contribution route, the information needed to handle a submission, access and attribution choices, and the process for obtaining assistance. Failed contact, inaccessible material, or unmet accommodation shall be recorded and referred to the responsible review chair.","The coordinator shall publish the purpose and actual availability of each contribution route, the information needed to handle a submission, access and attribution choices, and the process for obtaining assistance. Failed contact, inaccessible material, or unmet accommodation shall be recorded and referred to the responsible review chair.",02a4e84646f13775779754d8d2c5ed11cd84b98d0ae884e1107d002bb3e0fe73,02a4e84646f13775779754d8d2c5ed11cd84b98d0ae884e1107d002bb3e0fe73
GSP-Charter,CH-050,unchanged,"Before closing a review, the review chair shall examine recorded access failures and participation gaps, determine their materiality to the decision, and document extension, targeted outreach, alternative access, narrowed claims, or deferral as appropriate. The absence of a complaint shall not alone establish adequate access.","Before closing a review, the review chair shall examine recorded access failures and participation gaps, determine their materiality to the decision, and document extension, targeted outreach, alternative access, narrowed claims, or deferral as appropriate. The absence of a complaint shall not alone establish adequate access.",0e2a9882c06fca65003959726a05b9159e1f0a714a2c66bf6f5ebcbfda6cf487,0e2a9882c06fca65003959726a05b9159e1f0a714a2c66bf6f5ebcbfda6cf487
GSP-Charter,CH-051,unchanged,"When an affected person cannot participate through the published format, the coordinator shall offer a feasible alternative or explain the resource limitation and a route to review it. An assisted submission shall preserve the contributor's intended meaning and identify substantive interpretation by the assisting person.","When an affected person cannot participate through the published format, the coordinator shall offer a feasible alternative or explain the resource limitation and a route to review it. An assisted submission shall preserve the contributor's intended meaning and identify substantive interpretation by the assisting person.",d080dd359c9480033502a2f5facb925a723929d25c66058f47766847563f6b09,d080dd359c9480033502a2f5facb925a723929d25c66058f47766847563f6b09
GSP-Charter,CH-052,unchanged,"The programme shall distinguish endorsement, consultation, contribution, representation, and assent in public accounts. A participant's name, affiliation, or contribution shall not be used as evidence of support for a decision without an established basis for that attribution.","The programme shall distinguish endorsement, consultation, contribution, representation, and assent in public accounts. A participant's name, affiliation, or contribution shall not be used as evidence of support for a decision without an established basis for that attribution.",53c39654f3529cb4266aa149820716d49ac8a005694471c0d96b256f4b9a824f,53c39654f3529cb4266aa149820716d49ac8a005694471c0d96b256f4b9a824f
GSP-Charter,CH-053,unchanged,"A change in an eligible person's affiliation, capacity, or material interest shall be assessed before their next affected decision. The coordinator shall record whether the accepted role remains valid, requires a new mandate, or requires recusal or replacement under the operative procedure.","A change in an eligible person's affiliation, capacity, or material interest shall be assessed before their next affected decision. The coordinator shall record whether the accepted role remains valid, requires a new mandate, or requires recusal or replacement under the operative procedure.",5a7c009c0026aa6edcb7538ac54bf95d0893329562e398fa67573209c5014606,5a7c009c0026aa6edcb7538ac54bf95d0893329562e398fa67573209c5014606
GSP-Charter,CH-054,unchanged,"Before granting operational access for an appointed role, the appointing authority shall confirm the holder's accepted mandate, relevant competence or induction needs, conflict assessment, and knowledge of escalation and protection duties. Credentials shall be limited to the tasks actually assigned.","Before granting operational access for an appointed role, the appointing authority shall confirm the holder's accepted mandate, relevant competence or induction needs, conflict assessment, and knowledge of escalation and protection duties. Credentials shall be limited to the tasks actually assigned.",29253fe98993ddaf44b08945209a4c9f82376208b053b5958501f367140e5425,29253fe98993ddaf44b08945209a4c9f82376208b053b5958501f367140e5425
GSP-Charter,CH-055,unchanged,"Each role holder shall report inability to perform a material assigned duty, loss of required access, or a conflict preventing performance to the appointing authority. The authority shall assign an authorized substitute, narrow the activity, or defer dependent decisions and record the response.","Each role holder shall report inability to perform a material assigned duty, loss of required access, or a conflict preventing performance to the appointing authority. The authority shall assign an authorized substitute, narrow the activity, or defer dependent decisions and record the response.",7386f3f8a4b580090a87b228525d7c11e8d1980ad50ceee6f3fa6fabd136d29a,7386f3f8a4b580090a87b228525d7c11e8d1980ad50ceee6f3fa6fabd136d29a
GSP-Charter,CH-056,unchanged,"A role handover shall identify pending decisions, deadlines, records and access responsibilities, conflicts, accepted commitments, and unresolved risks. The outgoing and incoming custodians shall verify transferred access and the disposition of credentials; absence of an outgoing holder shall be recorded with recovery actions.","A role handover shall identify pending decisions, deadlines, records and access responsibilities, conflicts, accepted commitments, and unresolved risks. The outgoing and incoming custodians shall verify transferred access and the disposition of credentials; absence of an outgoing holder shall be recorded with recovery actions.",d5dae19d1d82dc304b44b74846a91432097964085b62d64bb378118f66134973,d5dae19d1d82dc304b44b74846a91432097964085b62d64bb378118f66134973
GSP-Charter,CH-057,unchanged,"Role performance review shall consider completion and quality of assigned duties, handling of objections, protection of records, influence concerns, and resource limits. An adverse assessment shall identify evidence and permit a response before a final appointment action, subject to time-limited protective measures.","Role performance review shall consider completion and quality of assigned duties, handling of objections, protection of records, influence concerns, and resource limits. An adverse assessment shall identify evidence and permit a response before a final appointment action, subject to time-limited protective measures.",2b90480ada054d0a3d751d27e8f2c1dc35a2f07f6408ca519dd3c5298101cd12,2b90480ada054d0a3d751d27e8f2c1dc35a2f07f6408ca519dd3c5298101cd12
GSP-Charter,CH-058,unchanged,"The founding review notice shall distinguish the proposed founding signatories from reviewers and commenters, identify the actual resources or functions they can commit, and explain how additional participation or an objection to authority will be considered. A claimed mandate disputed during review shall receive a reasoned disposition before reliance on that mandate.","The founding review notice shall distinguish the proposed founding signatories from reviewers and commenters, identify the actual resources or functions they can commit, and explain how additional participation or an objection to authority will be considered. A claimed mandate disputed during review shall receive a reasoned disposition before reliance on that mandate.",6b19bd8b5f634507022e15b45ba56dca9ba4682a66b336b4efc50453efe95055,6b19bd8b5f634507022e15b45ba56dca9ba4682a66b336b4efc50453efe95055
GSP-Charter,CH-059,unchanged,"Execution of the founding instrument shall identify the exact agreement accepted by each signatory, any reservation and its agreed effect, verification of assent, and satisfaction of effective conditions. An unsigned field, synthetic signature, or recorded invitation shall not be treated as assent.","Execution of the founding instrument shall identify the exact agreement accepted by each signatory, any reservation and its agreed effect, verification of assent, and satisfaction of effective conditions. An unsigned field, synthetic signature, or recorded invitation shall not be treated as assent.",8f961f88d1f2b678a604844fd9b290ebb5e487b8f0c5a288aafabcd73e2b4545,8f961f88d1f2b678a604844fd9b290ebb5e487b8f0c5a288aafabcd73e2b4545
GSP-Charter,CH-060,unchanged,"The governance launch assessment shall classify each required capacity as available and evidenced, limited with a stated consequence, or unavailable. A rehearsal result shall be recorded separately from actual staffing, public review, permissions, and independent-review availability. Unmet mandatory launch conditions shall prevent formal work-item initiation.","The governance launch assessment shall classify each required capacity as available and evidenced, limited with a stated consequence, or unavailable. A rehearsal result shall be recorded separately from actual staffing, public review, permissions, and independent-review availability. Unmet mandatory launch conditions shall prevent formal work-item initiation.",4081b5b503dddc794250a26c6fda05d988961062fa36572f62f17892235bc6b1,4081b5b503dddc794250a26c6fda05d988961062fa36572f62f17892235bc6b1
GSP-Charter,CH-061,unchanged,"For a decision involving multiple functions, the decision record shall identify who prepared the evidence, who reviewed it, who decided, and who implements the result. Combined capacities shall be explicit, and the record shall identify which findings depend on independent consideration.","For a decision involving multiple functions, the decision record shall identify who prepared the evidence, who reviewed it, who decided, and who implements the result. Combined capacities shall be explicit, and the record shall identify which findings depend on independent consideration.",aca6e4bf94914464b1862b68eb9fc246f576a9669ee6a208e2605c6ac333c31b,aca6e4bf94914464b1862b68eb9fc246f576a9669ee6a208e2605c6ac333c31b
GSP-Charter,CH-062,unchanged,"A request to interpret an operative governance provision shall identify the text, affected decision, competing readings, and practical consequences. The governance authority shall publish a reasoned interpretation within its mandate; an interpretation changing authority, eligibility, obligations, or minimum safeguards shall use the amendment procedure rather than operate as an editorial clarification.","A request to interpret an operative governance provision shall identify the text, affected decision, competing readings, and practical consequences. The governance authority shall publish a reasoned interpretation within its mandate; an interpretation changing authority, eligibility, obligations, or minimum safeguards shall use the amendment procedure rather than operate as an editorial clarification.",7801a412bf860f4fdf14e76ddc6247690fa01e64ee1ad7eaa4d343a2a6068c22,7801a412bf860f4fdf14e76ddc6247690fa01e64ee1ad7eaa4d343a2a6068c22
GSP-Charter,CH-063,unchanged,A governance amendment shall assess pending proceedings and identify the edition governing each transition. A pending participant's opportunity for reply or procedural review shall not be removed by an undisclosed change of rule.,A governance amendment shall assess pending proceedings and identify the edition governing each transition. A pending participant's opportunity for reply or procedural review shall not be removed by an undisclosed change of rule.,4b95849a9914dd190c1b572b92a8b1ead922f5a287d82e909fd4be58ef38c9eb,4b95849a9914dd190c1b572b92a8b1ead922f5a287d82e909fd4be58ef38c9eb
GSP-Charter,CH-064,unchanged,"Before accepting material support or expenditure commitments, the authorized holder shall record the purpose, amount or nature of support, actual committing authority, conditions, expected benefit, duration, and effect on independence and continuity. A contribution shall not create an undisclosed priority or publication veto.","Before accepting material support or expenditure commitments, the authorized holder shall record the purpose, amount or nature of support, actual committing authority, conditions, expected benefit, duration, and effect on independence and continuity. A contribution shall not create an undisclosed priority or publication veto.",5f64d1a636286c24a18861c68079131af4bb899ff79675d43b686d0e3e6a2f36,5f64d1a636286c24a18861c68079131af4bb899ff79675d43b686d0e3e6a2f36
GSP-Charter,CH-065,unchanged,"The programme decision authority shall compare planned obligations with available financial, human, technical, and accessibility resources before authorizing an activity. An unfunded essential safeguard or maintenance duty shall be resolved by resourcing, scope reduction, or deferral rather than recorded as an assumed future capacity.","The programme decision authority shall compare planned obligations with available financial, human, technical, and accessibility resources before authorizing an activity. An unfunded essential safeguard or maintenance duty shall be resolved by resourcing, scope reduction, or deferral rather than recorded as an assumed future capacity.",a64aa55af77fe29187b80323c4ec06ed9fd80cbb347b78a6253409a771f2e783,a64aa55af77fe29187b80323c4ec06ed9fd80cbb347b78a6253409a771f2e783
GSP-Charter,CH-066,unchanged,"The coordinator shall maintain an inventory of essential repositories, identifiers, contact routes, publication locations, build resources, and protected record stores, with accountable custodians, actual access, recovery arrangements, and dependencies on external providers. Sensitive recovery information shall be protected.","The coordinator shall maintain an inventory of essential repositories, identifiers, contact routes, publication locations, build resources, and protected record stores, with accountable custodians, actual access, recovery arrangements, and dependencies on external providers. Sensitive recovery information shall be protected.",ad67512fca48a60d30aae6fdb7a6f7958cb9550122ea34dccded95376a008068,ad67512fca48a60d30aae6fdb7a6f7958cb9550122ea34dccded95376a008068
GSP-Charter,CH-067,unchanged,"The responsible custodian shall periodically exercise recovery of essential publication and decision records and record the recovered version, access limitations, failures, and corrective action. The review interval and extent shall reflect identified continuity risks and shall be included in the governance records schedule.","The responsible custodian shall periodically exercise recovery of essential publication and decision records and record the recovered version, access limitations, failures, and corrective action. The review interval and extent shall reflect identified continuity risks and shall be included in the governance records schedule.",dfe05fa7a80bdcb4d52f4b1c1fcdce189d1eedc5b81bb6b05e1967bbf9cc3085,dfe05fa7a80bdcb4d52f4b1c1fcdce189d1eedc5b81bb6b05e1967bbf9cc3085
GSP-Charter,CH-068,unchanged,"Before a change of hosting or custody, the governance authority shall record preservation of identifiers, versions, access restrictions, permissions, and continuity of comment and review routes. Unrecoverable losses shall be disclosed with their effect on pending decisions and publication claims.","Before a change of hosting or custody, the governance authority shall record preservation of identifiers, versions, access restrictions, permissions, and continuity of comment and review routes. Unrecoverable losses shall be disclosed with their effect on pending decisions and publication claims.",f0f18c7f72a8003a95ee09db4110ecf2d891e74c07f6a84728ee857fe62c6825,f0f18c7f72a8003a95ee09db4110ecf2d891e74c07f6a84728ee857fe62c6825
GSP-Charter,CH-069,unchanged,"The records custodian shall distinguish operative decisions from proposals, superseded decisions, implementation reports, and unresolved questions. Corrections shall link the changed account to the reason and authority, preserving prior material subject to the applicable protection and retention decision.","The records custodian shall distinguish operative decisions from proposals, superseded decisions, implementation reports, and unresolved questions. Corrections shall link the changed account to the reason and authority, preserving prior material subject to the applicable protection and retention decision.",e4d459d99c153b752b74d60f09271fc44077a69dbebf5153781534877701932a,e4d459d99c153b752b74d60f09271fc44077a69dbebf5153781534877701932a
GSP-Charter,CH-070,unchanged,"Where a public account omits protected material, the custodian shall record the basis and scope of restriction and the availability of authorized review. The public account shall disclose its limitation without revealing protected existence, identity, or content where that disclosure would defeat protection.","Where a public account omits protected material, the custodian shall record the basis and scope of restriction and the availability of authorized review. The public account shall disclose its limitation without revealing protected existence, identity, or content where that disclosure would defeat protection.",3f82175c787963e85dea0f98296f923c5385881f221dc8f187c45dd7d190b1ef,3f82175c787963e85dea0f98296f923c5385881f221dc8f187c45dd7d190b1ef
GSP-Charter,CH-071,unchanged,"An external agreement proposal shall identify the counterparty's actual mandate, authorized programme signatory, commitments and costs, control of resulting material, publication rights, protection duties, review and termination arrangements, and effects on programme independence. Unresolved authority or rights material to the agreement shall prevent execution of the affected commitment.","An external agreement proposal shall identify the counterparty's actual mandate, authorized programme signatory, commitments and costs, control of resulting material, publication rights, protection duties, review and termination arrangements, and effects on programme independence. Unresolved authority or rights material to the agreement shall prevent execution of the affected commitment.",5607f4f625c29e0e0c095d8e799d4a8eaae90d75ddd48e533d70d401e628d5dd,5607f4f625c29e0e0c095d8e799d4a8eaae90d75ddd48e533d70d401e628d5dd
GSP-Charter,CH-072,unchanged,"An authorized spokesperson shall distinguish the programme's adopted position from personal analysis, a committee draft, or a policy option. An inaccurate public claim of adoption, affiliation, or representation shall receive a recorded correction through the same relevant communication route where feasible.","An authorized spokesperson shall distinguish the programme's adopted position from personal analysis, a committee draft, or a policy option. An inaccurate public claim of adoption, affiliation, or representation shall receive a recorded correction through the same relevant communication route where feasible.",c8b2a5391461e9db94346cba9df6c7f89fe7632768a2c003ac08b0336b09219a,c8b2a5391461e9db94346cba9df6c7f89fe7632768a2c003ac08b0336b09219a
GSP-Charter,CH-073,unchanged,"The annual governance review shall identify open corrective actions, repeated procedural failures, unresolved capacity gaps, resource concentration, overdue maintenance, and the practical effects of earlier remedies. The authority shall assign owners, review points, and escalation conditions for actions it retains.","The annual governance review shall identify open corrective actions, repeated procedural failures, unresolved capacity gaps, resource concentration, overdue maintenance, and the practical effects of earlier remedies. The authority shall assign owners, review points, and escalation conditions for actions it retains.",7f2a51df1aef6daec6bdec50886455f6438846c5ba173a04428c079b55b0aa53,7f2a51df1aef6daec6bdec50886455f6438846c5ba173a04428c079b55b0aa53
GSP-Charter,CH-074,unchanged,"A material governance failure shall receive an assessment of affected decisions and publications. The governance authority shall record whether renewed participation, independent review, correction, repetition of a stage, or suspension is required; correcting the administrative record shall not alone validate the original decision.","A material governance failure shall receive an assessment of affected decisions and publications. The governance authority shall record whether renewed participation, independent review, correction, repetition of a stage, or suspension is required; correcting the administrative record shall not alone validate the original decision.",54a9cdcc44ea7e27f34e3f5e9c14b7c49c8ca36ce17b8d0b28b452eb8a78418d,54a9cdcc44ea7e27f34e3f5e9c14b7c49c8ca36ce17b8d0b28b452eb8a78418d
GSP-Charter,CH-075,unchanged,"A transition to institutional or hybrid participation shall identify representation mandates, decision eligibility, related-entity influence, existing participant treatment, resource needs, and appeal independence, and shall undergo Charter amendment before the new model governs decisions.","A transition to institutional or hybrid participation shall identify representation mandates, decision eligibility, related-entity influence, existing participant treatment, resource needs, and appeal independence, and shall undergo Charter amendment before the new model governs decisions.",7c084ebf6567a7577c17370ac977d3d8b697074caa4422c77c5f7231127d7a2b,7c084ebf6567a7577c17370ac977d3d8b697074caa4422c77c5f7231127d7a2b
GSP-Charter,CH-076,unchanged,"A proposal to suspend or close programme operations shall identify the reason, actual deciding authority, current commitments, pending reviews and complaints, custodial destination of publications and protected records, rights limits, and feasible maintenance or withdrawal arrangements. The transition shall be reviewed under Directives Part 1 before permanent disposition.","A proposal to suspend or close programme operations shall identify the reason, actual deciding authority, current commitments, pending reviews and complaints, custodial destination of publications and protected records, rights limits, and feasible maintenance or withdrawal arrangements. The transition shall be reviewed under Directives Part 1 before permanent disposition.",05dde8c2d1a78f03c8780271cb58f20307699aed993a85defaaf3077c3710dc6,05dde8c2d1a78f03c8780271cb58f20307699aed993a85defaaf3077c3710dc6
GSP-Charter,CH-077,unchanged,"A closure or suspension notice shall state which activities stop, which publication statuses remain operative or change, the custodian and available contact route, and unresolved matters. It shall not represent loss of operational capacity as erasure of historical decisions or as retroactive cancellation of external uses.","A closure or suspension notice shall state which activities stop, which publication statuses remain operative or change, the custodian and available contact route, and unresolved matters. It shall not represent loss of operational capacity as erasure of historical decisions or as retroactive cancellation of external uses.",24d07d0703e29cbcee6477f6db9d2a557ea0f3347eacebba49f354d16ebf73c6,24d07d0703e29cbcee6477f6db9d2a557ea0f3347eacebba49f354d16ebf73c6
GSP-Charter,CH-078,unchanged,"A governance assessment shall identify the operative or experimentally assessed edition, review period, scope, assessor, interests, and evidence for each applicable Charter requirement. Results shall distinguish fulfilled, not fulfilled, not assessed, and not applicable, with reasons and corrective actions.","A governance assessment shall identify the operative or experimentally assessed edition, review period, scope, assessor, interests, and evidence for each applicable Charter requirement. Results shall distinguish fulfilled, not fulfilled, not assessed, and not applicable, with reasons and corrective actions.",caeaf088a77e08a0897875e0dfbbb46f51bf3cb69607d7816e06395f810a4018,caeaf088a77e08a0897875e0dfbbb46f51bf3cb69607d7816e06395f810a4018
GSP-Charter,CH-079,unchanged,"An assessor shall examine actual records and demonstrated routes relevant to the claim, including appointments, decision authority, access, recusal, independent review, resources, and continuity. A blank template, announced intention, or unperformed rehearsal shall not be accepted as evidence of completed performance.","An assessor shall examine actual records and demonstrated routes relevant to the claim, including appointments, decision authority, access, recusal, independent review, resources, and continuity. A blank template, announced intention, or unperformed rehearsal shall not be accepted as evidence of completed performance.",36bfcf7b1f086ae6ed996aec48260059da39f19b558478ac2f885401e6f06d98,36bfcf7b1f086ae6ed996aec48260059da39f19b558478ac2f885401e6f06d98
GSP-Charter,CH-080,unchanged,"The programme decision authority shall respond to material assessment findings with an action, owner, due or review date, and consequence for dependent decisions. A finding shall be closed only with recorded evidence of the action or a reasoned change of scope, while preserving any unresolved historical effect.","The programme decision authority shall respond to material assessment findings with an action, owner, due or review date, and consequence for dependent decisions. A finding shall be closed only with recorded evidence of the action or a reasoned change of scope, while preserving any unresolved historical effect.",67248df7faaba9deb1202f6607df2025e5141668c00da0c241397f348dde1f00,67248df7faaba9deb1202f6607df2025e5141668c00da0c241397f348dde1f00
GSP-Charter,CH-081,unchanged,"Each governance evidence record shall include a stable identifier, record type, responsible actor, relevant date or interval, applicable governance edition, subject and version, evidence location or access limitation, status, related records, and correction history. Unknown information shall be explicitly identified rather than supplied by inference without attribution.","Each governance evidence record shall include a stable identifier, record type, responsible actor, relevant date or interval, applicable governance edition, subject and version, evidence location or access limitation, status, related records, and correction history. Unknown information shall be explicitly identified rather than supplied by inference without attribution.",d48cc002fb1d9b24e2c09444a0c1fb0f58521cad12247813b698838c35fdda0e,d48cc002fb1d9b24e2c09444a0c1fb0f58521cad12247813b698838c35fdda0e
GSP-Charter,CH-082,unchanged,"The appointing authority shall maintain the authority and appointment elements in this annex for each operative role and shall update the record when its holder, scope, interests, acceptance, or effective status changes.","The appointing authority shall maintain the authority and appointment elements in this annex for each operative role and shall update the record when its holder, scope, interests, acceptance, or effective status changes.",f1265afc35c66670e7535f59dee82fcd6c494be61570259e18aba554401b917a,f1265afc35c66670e7535f59dee82fcd6c494be61570259e18aba554401b917a
GSP-Charter,CH-083,unchanged,"The responsible decision maker shall ensure that a consequential decision has the decision and review elements in this annex before it is relied on for progression. Where evidence is restricted, authorized review access and a safe public account shall be identified.","The responsible decision maker shall ensure that a consequential decision has the decision and review elements in this annex before it is relied on for progression. Where evidence is restricted, authorized review access and a safe public account shall be identified.",9928dd31c8edcb3f9669b67dcddb587b5516c85cca506571d72366297f7b94a2,9928dd31c8edcb3f9669b67dcddb587b5516c85cca506571d72366297f7b94a2
GSP-Charter,CH-084,unchanged,"The governance authority shall use the continuity and transition elements in this annex when authorizing a transfer, prolonged suspension, or closure and shall record material gaps and their disposition.","The governance authority shall use the continuity and transition elements in this annex when authorizing a transfer, prolonged suspension, or closure and shall record material gaps and their disposition.",7a818ddc54275e42bfc503873b8b369a099dab3b4ece425324999ac5f2afcc82,7a818ddc54275e42bfc503873b8b369a099dab3b4ece425324999ac5f2afcc82
GSP-Charter,CH-085,unchanged,"The assessor shall select evidence appropriate to the requirement using the minimum evidence families in Table~\ref{tab:charter-evidence}. An assessment based on sampling shall identify the population, selection rationale, excluded cases, and limits on conclusions. Documentary completeness shall not replace observation of a route whose actual availability is claimed.","The assessor shall select evidence appropriate to the requirement using the minimum evidence families in Table~\ref{tab:charter-evidence}. An assessment based on sampling shall identify the population, selection rationale, excluded cases, and limits on conclusions. Documentary completeness shall not replace observation of a route whose actual availability is claimed.",70ecd36b1c720c932de1c36da18c6a1ccdcb54590966ea48335e03f58efa8bab,70ecd36b1c720c932de1c36da18c6a1ccdcb54590966ea48335e03f58efa8bab
GSP-Directives-1,D1-001,unchanged,"The programme shall apply the adopted Charter for decision authority and appointments, these Directives for development procedure, Directives Part 2 for drafting, and the adopted Ethics, Conflict-of-Interest, and Contribution Rights Policy for conduct, conflicts, and rights. A conflict between these instruments shall be referred to the governance authority and resolved before a dependent decision proceeds.","The programme shall apply the adopted Charter for decision authority and appointments, these Directives for development procedure, Directives Part 2 for drafting, and the adopted Ethics, Conflict-of-Interest, and Contribution Rights Policy for conduct, conflicts, and rights. A conflict between these instruments shall be referred to the governance authority and resolved before a dependent decision proceeds.",e5de328da44c6830ce9564e34de1598a777feab1f501c32c8f2d2125f458e435,e5de328da44c6830ce9564e34de1598a777feab1f501c32c8f2d2125f458e435
GSP-Directives-1,D1-002,unchanged,"Every procedural decision shall identify its accountable decision maker, operative authority and procedure versions, input document versions, grounds, outcome, date, and review or appeal route. Drafting, a repository merge, an ADR, or successful compilation shall not constitute governance adoption or Standard approval.","Every procedural decision shall identify its accountable decision maker, operative authority and procedure versions, input document versions, grounds, outcome, date, and review or appeal route. Drafting, a repository merge, an ADR, or successful compilation shall not constitute governance adoption or Standard approval.",8cccdcdcc4950e0b5391a31d2b11d4b0a05ae87e84b07085963dfa7aa3b7de57,8cccdcdcc4950e0b5391a31d2b11d4b0a05ae87e84b07085963dfa7aa3b7de57
GSP-Directives-1,D1-003,unchanged,"An organizational function without an appointed holder and recorded mandate shall remain \texttt{UNASSIGNED}. Formal project initiation and adoption shall remain pending while required authority or an independent appeal route is unavailable. Preliminary research, drafting, and synthetic rehearsals may continue with explicit status labels.","An organizational function without an appointed holder and recorded mandate shall remain \texttt{UNASSIGNED}. Formal project initiation and adoption shall remain pending while required authority or an independent appeal route is unavailable. Preliminary research, drafting, and synthetic rehearsals may continue with explicit status labels.",c3d8db30690d694108fc09834371638cbfc873dd909ec1be248fa5e7d4307523,c3d8db30690d694108fc09834371638cbfc873dd909ec1be248fa5e7d4307523
GSP-Directives-1,D1-004,unchanged,"Before formal standards-project approval, the founding adoption record shall identify the founding basis, adopted governance texts and versions, participants and capacities, decision method, dissent, transitional limits, review date, and replacement route. Governance adoption shall follow the founding procedure recorded under the Charter, rather than assume that these draft Directives have already authorized themselves.","Before formal standards-project approval, the founding adoption record shall identify the founding basis, adopted governance texts and versions, participants and capacities, decision method, dissent, transitional limits, review date, and replacement route. Governance adoption shall follow the founding procedure recorded under the Charter, rather than assume that these draft Directives have already authorized themselves.",50801f5f2cc9ab9ec2dab9e8844eb89de41bbaed24eeb9602726e984bd95057c,50801f5f2cc9ab9ec2dab9e8844eb89de41bbaed24eeb9602726e984bd95057c
GSP-Directives-1,D1-005,unchanged,"The governance authority shall assign oversight, project progression, public-review administration, release, maintenance, conflict handling, and independent appeal functions. The assignment register shall identify holders, terms, delegated limits, substitutes, and contact routes. Combined roles shall be disclosed; an interested decision maker shall not determine their own procedural appeal.","The governance authority shall assign oversight, project progression, public-review administration, release, maintenance, conflict handling, and independent appeal functions. The assignment register shall identify holders, terms, delegated limits, substitutes, and contact routes. Combined roles shall be disclosed; an interested decision maker shall not determine their own procedural appeal.",5dd64f9ffe7500e65605c240f4f84f95dc2a536e6bcf78582a21a5dda1ab6cf0,5dd64f9ffe7500e65605c240f4f84f95dc2a536e6bcf78582a21a5dda1ab6cf0
GSP-Directives-1,D1-006,unchanged,"The Secretariat shall maintain an accessible work programme and participation route. A project notice shall identify the problem, scope, current status, available documents, contribution terms, comment routes, decision roles, and intended review dates. Public comment shall not require voting membership or endorsement of the proposal.","The Secretariat shall maintain an accessible work programme and participation route. A project notice shall identify the problem, scope, current status, available documents, contribution terms, comment routes, decision roles, and intended review dates. Public comment shall not require voting membership or endorsement of the proposal.",c88aef64acae9ede4b74a1332bd8cc8eba6be92170af5ce876272cfef4dca39c,c88aef64acae9ede4b74a1332bd8cc8eba6be92170af5ce876272cfef4dca39c
GSP-Directives-1,D1-007,unchanged,"The review chair shall document outreach to affected interests and relevant expertise, participation barriers, affiliations relevant to dominance, and remaining gaps. The chair shall provide an asynchronous contribution route and record requested accessibility or language accommodations and the response. Lack of response shall not be recorded as consent.","The review chair shall document outreach to affected interests and relevant expertise, participation barriers, affiliations relevant to dominance, and remaining gaps. The chair shall provide an asynchronous contribution route and record requested accessibility or language accommodations and the response. Lack of response shall not be recorded as consent.",7bdc64de89f707c99aab96d16e22e729d222cfb66435bff526b143135b8e3dbe,7bdc64de89f707c99aab96d16e22e729d222cfb66435bff526b143135b8e3dbe
GSP-Directives-1,D1-008,unchanged,"Before a formal decision, the chair shall confirm current conflict declarations and apply the adopted recusal procedure. The record shall identify recusals and their effect on eligibility and quorum without disclosing protected details unnecessarily. If conflicts prevent a valid decision or impartial review, progression shall be deferred.","Before a formal decision, the chair shall confirm current conflict declarations and apply the adopted recusal procedure. The record shall identify recusals and their effect on eligibility and quorum without disclosing protected details unnecessarily. If conflicts prevent a valid decision or impartial review, progression shall be deferred.",a38815991808c29be44127ece452df58f987aa9b435300f91e014dd1c89bae66,a38815991808c29be44127ece452df58f987aa9b435300f91e014dd1c89bae66
GSP-Directives-1,D1-009,unchanged,"A New Work Item Proposal shall identify purpose, intended users and affected people, publication class, bounded deliverables, exclusions, proposed conformance subjects, alternatives to new standardization, source basis, dependencies, review expertise, pilot evidence, resource needs, and prospective maintenance responsibility.","A New Work Item Proposal shall identify purpose, intended users and affected people, publication class, bounded deliverables, exclusions, proposed conformance subjects, alternatives to new standardization, source basis, dependencies, review expertise, pilot evidence, resource needs, and prospective maintenance responsibility.",9a202b75904d43d16abb3c778f9d9ae3a41d6fe823efdf9a402c086e6921bebf,9a202b75904d43d16abb3c778f9d9ae3a41d6fe823efdf9a402c086e6921bebf
GSP-Directives-1,D1-010,unchanged,"The proposal shall explain how the work addresses warranted recognition or generative trajectory and identify epistemic assumptions, ethical impacts, legal and institutional boundaries, public-policy implications, accessibility, protection needs, and distribution of recording and implementation burdens. A claimed institutional mandate shall identify its source and limits.","The proposal shall explain how the work addresses warranted recognition or generative trajectory and identify epistemic assumptions, ethical impacts, legal and institutional boundaries, public-policy implications, accessibility, protection needs, and distribution of recording and implementation burdens. A claimed institutional mandate shall identify its source and limits.",e95abc466796c1c823bcd244fd5ee3ae8784e8cf4442a82898ae8b957677f157,e95abc466796c1c823bcd244fd5ee3ae8784e8cf4442a82898ae8b957677f157
GSP-Directives-1,D1-011,unchanged,"The technical committee shall begin with the normative problem and assessment needs. A dependent Specification proposal shall identify the draft requirements requiring reusable technical infrastructure, the implementation alternatives, and intended tests. A protocol proposal shall additionally identify actors, interactions, states, transitions, outcomes, failure handling, and authority boundaries.","The technical committee shall begin with the normative problem and assessment needs. A dependent Specification proposal shall identify the draft requirements requiring reusable technical infrastructure, the implementation alternatives, and intended tests. A protocol proposal shall additionally identify actors, interactions, states, transitions, outcomes, failure handling, and authority boundaries.",cb2902dd7ecd1a571950fb73503b753f8f0e514b00cb777f91cffa7ff7cfa4a1,cb2902dd7ecd1a571950fb73503b753f8f0e514b00cb777f91cffa7ff7cfa4a1
GSP-Directives-1,D1-012,unchanged,"The authorized project decision maker shall record accept, revise, defer, or reject, with reasons, scope, assigned responsibilities, dependencies, and review milestones. A coordinated proposal shall retain a separate bounded scope and progression record for each deliverable. A technical dependency shall not acquire Standard status through inclusion in a proposal.","The authorized project decision maker shall record accept, revise, defer, or reject, with reasons, scope, assigned responsibilities, dependencies, and review milestones. A coordinated proposal shall retain a separate bounded scope and progression record for each deliverable. A technical dependency shall not acquire Standard status through inclusion in a proposal.",b748a37efb9f0e1975aecb31b9d541accf3c36ad206b02f4ba53bd623ea50db9,b748a37efb9f0e1975aecb31b9d541accf3c36ad206b02f4ba53bd623ea50db9
GSP-Directives-1,D1-013,unchanged,A proposed expansion beyond approved scope shall receive impact review and an explicit scope decision before dependent progression. A Specification intended for promotion to a Standard shall enter an explicit standards-track proposal and the applicable review stages; technical stability alone shall not authorize promotion.,A proposed expansion beyond approved scope shall receive impact review and an explicit scope decision before dependent progression. A Specification intended for promotion to a Standard shall enter an explicit standards-track proposal and the applicable review stages; technical stability alone shall not authorize promotion.,a7f690c978fd054255c2caba1e06364bfc7b0d9468fbb45900f9f526630f80c1,a7f690c978fd054255c2caba1e06364bfc7b0d9468fbb45900f9f526630f80c1
GSP-Directives-1,D1-014,unchanged,"Each progression decision shall state the current and proposed stage, evaluate the relevant evidence, identify remaining limitations, and record approval, return for revision, deferral, or closure. A stage label shall not substitute for the decision record. No Standard shall skip public review or final approval by claiming that a prototype or pilot already establishes acceptance.","Each progression decision shall state the current and proposed stage, evaluate the relevant evidence, identify remaining limitations, and record approval, return for revision, deferral, or closure. A stage label shall not substitute for the decision record. No Standard shall skip public review or final approval by claiming that a prototype or pilot already establishes acceptance.",efb3649e21bbc9144c8df0e20a402e2acc060c2e2a97f9c3a2b7d5a42c354720,efb3649e21bbc9144c8df0e20a402e2acc060c2e2a97f9c3a2b7d5a42c354720
GSP-Directives-1,D1-015,unchanged,"The editor shall retain versioned drafts, a requirement-to-source and assessment map, an issue register, and substantive decision records identifying alternatives, selected direction, rationale, and affected artifacts. GR interpretation shall use relevant foundation manuscripts and preserve unresolved source differences; operational narrowing affecting architecture shall have an ADR.","The editor shall retain versioned drafts, a requirement-to-source and assessment map, an issue register, and substantive decision records identifying alternatives, selected direction, rationale, and affected artifacts. GR interpretation shall use relevant foundation manuscripts and preserve unresolved source differences; operational narrowing affecting architecture shall have an ADR.",8ee408e5b36eb7ccf64160576f92d86d9b8d38d4a5bd14c2deefc4423befe0a5,8ee408e5b36eb7ccf64160576f92d86d9b8d38d4a5bd14c2deefc4423befe0a5
GSP-Directives-1,D1-016,unchanged,"At committee review, named reviewers shall evaluate epistemic adequacy, practical usability, ethical and distributional effects, accessibility, preservation and protection, legal/institutional boundaries, and technical feasibility within declared competence. Missing expertise or evidence shall be reported and resolved, or the scope narrowed, before unsupported requirements advance.","At committee review, named reviewers shall evaluate epistemic adequacy, practical usability, ethical and distributional effects, accessibility, preservation and protection, legal/institutional boundaries, and technical feasibility within declared competence. Missing expertise or evidence shall be reported and resolved, or the scope narrowed, before unsupported requirements advance.",53f888ae2456ed30c63736f754bcfb12ffec18aa62b03fe5a126e8fc596ba208,53f888ae2456ed30c63736f754bcfb12ffec18aa62b03fe5a126e8fc596ba208
GSP-Directives-1,D1-017,unchanged,"Pilot reports shall identify the tested versions, cases and negative cases, methods, participants' roles, failures, burdens, limitations, and resulting changes. Synthetic or author-operated tests shall be labelled accordingly. External institutional participation, access authority, independent validation, and legal validity shall not be inferred from a synthetic rehearsal.","Pilot reports shall identify the tested versions, cases and negative cases, methods, participants' roles, failures, burdens, limitations, and resulting changes. Synthetic or author-operated tests shall be labelled accordingly. External institutional participation, access authority, independent validation, and legal validity shall not be inferred from a synthetic rehearsal.",658ef47caff428f9fa39e2dc1849840a2061c678905bed06f6c2ad7e0e0ce942,658ef47caff428f9fa39e2dc1849840a2061c678905bed06f6c2ad7e0e0ce942
GSP-Directives-1,D1-018,unchanged,"Before opening public review, the chair shall freeze a uniquely identified draft and publish its scope, class, maturity, change summary, dependencies, known limitations, review questions, exact opening and closing times, submission routes, and intended treatment of commenter information. Required supporting material shall be accessible to reviewers under workable terms.","Before opening public review, the chair shall freeze a uniquely identified draft and publish its scope, class, maturity, change summary, dependencies, known limitations, review questions, exact opening and closing times, submission routes, and intended treatment of commenter information. Required supporting material shall be accessible to reviewers under workable terms.",9b73a6f46e6c0e380c9a78e8bdf33d57ad7ee85673202ebe860e45ca5525b92b,9b73a6f46e6c0e380c9a78e8bdf33d57ad7ee85673202ebe860e45ca5525b92b
GSP-Directives-1,D1-019,unchanged,"Public review shall remain open for at least 60 calendar days. The chair shall record outreach, access interruptions, and accommodation needs; a material access failure shall receive an extension sufficient to restore meaningful opportunity, with reasons and revised closing time published.","Public review shall remain open for at least 60 calendar days. The chair shall record outreach, access interruptions, and accommodation needs; a material access failure shall receive an extension sufficient to restore meaningful opportunity, with reasons and revised closing time published.",cc17c00e68f1efd1edcd64218096bfc99e31d2e75be892bc80e1ec1901ded2e8,cc17c00e68f1efd1edcd64218096bfc99e31d2e75be892bc80e1ec1901ded2e8
GSP-Directives-1,D1-020,unchanged,"The Secretariat shall accept comments in an accessible free-text route as well as any structured template. It shall assign a stable identifier, record the affected version or topic, requested change if supplied, receipt date, and disclosure preference, and acknowledge receipt within seven calendar days. A comment shall not be rejected solely for lacking technical drafting expertise.","The Secretariat shall accept comments in an accessible free-text route as well as any structured template. It shall assign a stable identifier, record the affected version or topic, requested change if supplied, receipt date, and disclosure preference, and acknowledge receipt within seven calendar days. A comment shall not be rejected solely for lacking technical drafting expertise.",c84939eebd055e79328fac66077e65052daf5e87f4fe126e690ea4c009cbbd40,c84939eebd055e79328fac66077e65052daf5e87f4fe126e690ea4c009cbbd40
GSP-Directives-1,D1-021,unchanged,"The Secretariat shall offer a protected route for justified confidential submissions and explain its access limits. The chair shall arrange competent consideration and publish a safe summary of the issue and disposition where possible. If essential grounds cannot be exposed sufficiently for fair review, the chair shall record the limitation and defer or narrow the affected decision.","The Secretariat shall offer a protected route for justified confidential submissions and explain its access limits. The chair shall arrange competent consideration and publish a safe summary of the issue and disposition where possible. If essential grounds cannot be exposed sufficiently for fair review, the chair shall record the limitation and defer or narrow the affected decision.",48bb10c217bcc03d94ad3872d17be8a3f76090503fd8091582f10f4288763a51,48bb10c217bcc03d94ad3872d17be8a3f76090503fd8091582f10f4288763a51
GSP-Directives-1,D1-022,unchanged,"The responsible review group shall give every in-scope comment a disposition of accepted, accepted with modification, not accepted, or deferred, with reasons and links to affected clauses or issues. Out-of-scope and duplicate comments shall retain identifiers and a reason or linked disposition. Deferral shall identify an owner, next action, and why the unresolved issue does not invalidate proposed progression.","The responsible review group shall give every in-scope comment a disposition of accepted, accepted with modification, not accepted, or deferred, with reasons and links to affected clauses or issues. Out-of-scope and duplicate comments shall retain identifiers and a reason or linked disposition. Deferral shall identify an owner, next action, and why the unresolved issue does not invalidate proposed progression.",8165903a5fb27dfda8b75e87c58ba01bff9027ca76e4b80d7dbbb0b9c3c14c32,8165903a5fb27dfda8b75e87c58ba01bff9027ca76e4b80d7dbbb0b9c3c14c32
GSP-Directives-1,D1-023,unchanged,"The chair shall target initial dispositions within 30 calendar days after review closes. If that target cannot be met, the chair shall publish reasons, interim status, and a new target before it expires. A target extension shall not deem comments resolved. Commenters shall receive disposition notice and at least 30 calendar days to reply before final approval.","The chair shall target initial dispositions within 30 calendar days after review closes. If that target cannot be met, the chair shall publish reasons, interim status, and a new target before it expires. A target extension shall not deem comments resolved. Commenters shall receive disposition notice and at least 30 calendar days to reply before final approval.",14fbcfc02cd51e228837b46c1e438121d65ff533f354310c245e4f2cd55b4eef,14fbcfc02cd51e228837b46c1e438121d65ff533f354310c245e4f2cd55b4eef
GSP-Directives-1,D1-024,unchanged,"The chair shall assess each reply and record remaining disagreement. Late comments shall be logged with reasons for current-cycle consideration or later referral; a newly identified material safety, rights, or validity defect shall receive assessment before adoption regardless of receipt date.","The chair shall assess each reply and record remaining disagreement. Late comments shall be logged with reasons for current-cycle consideration or later referral; a newly identified material safety, rights, or validity defect shall receive assessment before adoption regardless of receipt date.",c7dbd309a0219b02b365f4b12416e9ae15653e81c0dcec139041e1a16160aa66,c7dbd309a0219b02b365f4b12416e9ae15653e81c0dcec139041e1a16160aa66
GSP-Directives-1,D1-025,unchanged,"A substantive post-review change shall undergo public re-review for at least 30 calendar days, showing the changed text, reasons, effects, and affected dependencies. The chair shall notify previous commenters and newly affected interests. A change that substantially alters the purpose, affected constituency, or conformance subject shall receive renewed scope approval and a full 60-day review.","A substantive post-review change shall undergo public re-review for at least 30 calendar days, showing the changed text, reasons, effects, and affected dependencies. The chair shall notify previous commenters and newly affected interests. A change that substantially alters the purpose, affected constituency, or conformance subject shall receive renewed scope approval and a full 60-day review.",3ee13367efb0fa49b832a0c555ecc408e2752c2c915b4671db1361b6ce6d13f7,3ee13367efb0fa49b832a0c555ecc408e2752c2c915b4671db1361b6ce6d13f7
GSP-Directives-1,D1-026,unchanged,Re-review shall permit comments on changed material and its consequences for unchanged clauses. Further substantive changes shall repeat the applicable review. Editorial changes shall be logged with a reason why meaning and conformance remain unchanged.,Re-review shall permit comments on changed material and its consequences for unchanged clauses. Further substantive changes shall repeat the applicable review. Editorial changes shall be logged with a reason why meaning and conformance remain unchanged.,f1bb9bd7439a54f688c48d865ce4ea20f3a13882c8560555019216b386fadb56,f1bb9bd7439a54f688c48d865ce4ea20f3a13882c8560555019216b386fadb56
GSP-Directives-1,D1-027,unchanged,"Before recommending progression, the chair shall produce a consensus assessment identifying participation and gaps, objections, attempts at resolution, evidence and alternatives considered, remaining dissent, and reasons for the recommendation. Numerical approval shall not establish substantive truth or by itself dispose of an objection.","Before recommending progression, the chair shall produce a consensus assessment identifying participation and gaps, objections, attempts at resolution, evidence and alternatives considered, remaining dissent, and reasons for the recommendation. Numerical approval shall not establish substantive truth or by itself dispose of an objection.",38916c5dacda678c27b467d97fa091d67ea018772aa9fd0141a36be3eb500165,38916c5dacda678c27b467d97fa091d67ea018772aa9fd0141a36be3eb500165
GSP-Directives-1,D1-028,unchanged,"A sustained substantive objection shall receive reasoned consideration and an opportunity for reply. It shall not automatically confer a veto. Unresolved defects in mandatory procedure, decision authority, rights to participate, or required evidence shall prevent progression until remedied. Other remaining disagreement shall be visible in the approval package and assessed by the authorized decision maker.","A sustained substantive objection shall receive reasoned consideration and an opportunity for reply. It shall not automatically confer a veto. Unresolved defects in mandatory procedure, decision authority, rights to participate, or required evidence shall prevent progression until remedied. Other remaining disagreement shall be visible in the approval package and assessed by the authorized decision maker.",6ecd3f193f2f650ed802476491296d22dc7689e6d26eb9135b8a4b53b8ffea06,6ecd3f193f2f650ed802476491296d22dc7689e6d26eb9135b8a4b53b8ffea06
GSP-Directives-1,D1-029,unchanged,"For adoption, substantive maintenance decisions, and other decisions assigned a formal ballot by the Charter, the Secretariat shall circulate a frozen package and proposed resolution for at least 30 calendar days. It shall state eligible participants, recusals, closing time, threshold calculation, ballot options, and challenge route. Ballots shall be approve, disapprove, or abstain; nonresponse shall be recorded separately.","For adoption, substantive maintenance decisions, and other decisions assigned a formal ballot by the Charter, the Secretariat shall circulate a frozen package and proposed resolution for at least 30 calendar days. It shall state eligible participants, recusals, closing time, threshold calculation, ballot options, and challenge route. Ballots shall be approve, disapprove, or abstain; nonresponse shall be recorded separately.",af9033102e8e5e105179c9f74a0edbccae3376426ddec1aaf04f84da953b289a,af9033102e8e5e105179c9f74a0edbccae3376426ddec1aaf04f84da953b289a
GSP-Directives-1,D1-030,unchanged,"The eligible non-recused roster shall be fixed before ballot opening. Each eligible person shall have one ballot in their declared capacity; proxies and duplicate capacities shall not count. Eligibility corrections or later recusals shall be recorded. A change materially affecting the electorate, quorum, or result shall require a new ballot; membership shall not be manipulated to obtain a desired outcome.","The eligible non-recused roster shall be fixed before ballot opening. Each eligible person shall have one ballot in their declared capacity; proxies and duplicate capacities shall not count. Eligibility corrections or later recusals shall be recorded. A change materially affecting the electorate, quorum, or result shall require a new ballot; membership shall not be manipulated to obtain a desired outcome.",d152be20f5c3b1208372becd4e95aeb48aa8fe7f670533217ce90c29ccb6ca87,d152be20f5c3b1208372becd4e95aeb48aa8fe7f670533217ce90c29ccb6ca87
GSP-Directives-1,D1-031,unchanged,"Let $N$ be the number of eligible non-recused participants, $R$ valid returned ballots including abstentions, $Y$ approvals, and $D$ disapprovals. A ballot shall meet quorum only if $R\geq\lceil2N/3\rceil$. Approval shall also require at least three substantive ballots, $Y+D\geq3$, and $Y\geq\lceil2(Y+D)/3\rceil$. Abstentions shall count for returned-ballot quorum but not the substantive-ballot minimum or approval denominator; nonresponses shall count for neither.","Let $N$ be the number of eligible non-recused participants, $R$ valid returned ballots including abstentions, $Y$ approvals, and $D$ disapprovals. A ballot shall meet quorum only if $R\geq\lceil2N/3\rceil$. Approval shall also require at least three substantive ballots, $Y+D\geq3$, and $Y\geq\lceil2(Y+D)/3\rceil$. Abstentions shall count for returned-ballot quorum but not the substantive-ballot minimum or approval denominator; nonresponses shall count for neither.",9d542ff0dd660be90b8556b0f0b8c49488942a1fc57f0eeb639eb31d3d3d3ff8,9d542ff0dd660be90b8556b0f0b8c49488942a1fc57f0eeb639eb31d3d3d3ff8
GSP-Directives-1,D1-032,revised,"The result shall include the frozen roster count, recusals, returned ballots, approvals, disapprovals, abstentions, nonresponses, calculation, minority grounds, and decision. Failure of quorum or threshold shall return the matter for further work or deferral, without deemed approval. A substantive change during ballot shall return to the applicable review stage.","The result shall include the frozen roster count, recusals, valid returned ballots, approvals, disapprovals, abstentions, eligible participants with attributable excluded or unresolved attempted submissions but no valid counted ballot, eligible participants without an attributable submission, calculation, minority grounds, and decision. The reconciliation shall distinguish $R=Y+D+A$, $I$ eligible participants with such unsuccessful attempts and no valid counted ballot, and $U$ eligible participants without an attributable submission, with $N=R+I+U$. Unattributable and ineligible submissions shall have a separate protected inventory and shall not be assigned to an eligible participant without grounds. Failure of quorum or threshold shall return the matter for further work or deferral, without deemed approval. A substantive change during ballot shall return to the applicable review stage.",a2ac7cee7f5a407453543256ed3a32903ce033c21e277606e2a97eb0d02314b9,e1cb5004061594691250a3dfcbad22f48eda5e9329bdf90d33121c169ae06fb9
GSP-Directives-1,D1-033,unchanged,"Final approval shall require a procedurally valid ballot, reasoned consensus assessment, completed dispositions and reply periods, resolved blocking findings, compatible normative dependencies, rights clearance, maintenance assignment, and an authorized adoption record. The Secretariat shall publish accessible decision notice, notify participants and commenters, and record when the appeal period starts. Release shall await that period and resolution of any appeal affecting adoption or publication.","Final approval shall require a procedurally valid ballot, reasoned consensus assessment, completed dispositions and reply periods, resolved blocking findings, compatible normative dependencies, rights clearance, maintenance assignment, and an authorized adoption record. The Secretariat shall publish accessible decision notice, notify participants and commenters, and record when the appeal period starts. Release shall await that period and resolution of any appeal affecting adoption or publication.",3a5803b06218a329380247a4cb8f83639e7a40fca2a8bed6cc348a7d1e990938,3a5803b06218a329380247a4cb8f83639e7a40fca2a8bed6cc348a7d1e990938
GSP-Directives-1,D1-034,unchanged,"A participant, commenter, or person directly affected by a programme decision may lodge a procedural appeal identifying the decision, alleged procedural failure, available evidence, and requested remedy. Membership or payment shall not be a condition. The ordinary filing period shall be 30 calendar days after accessible notice of the decision; lack of effective notice or newly discovered concealed procedural failure shall permit a reasoned extension by the independent reviewer.","A participant, commenter, or person directly affected by a programme decision may lodge a procedural appeal identifying the decision, alleged procedural failure, available evidence, and requested remedy. Membership or payment shall not be a condition. The ordinary filing period shall be 30 calendar days after accessible notice of the decision; lack of effective notice or newly discovered concealed procedural failure shall permit a reasoned extension by the independent reviewer.",d32eff364ccf9538d5dbfa9947d88518cef00ed64f35f8ae572bfbc2d4b38cd6,d32eff364ccf9538d5dbfa9947d88518cef00ed64f35f8ae572bfbc2d4b38cd6
GSP-Directives-1,D1-035,unchanged,"The Secretariat shall acknowledge an appeal within seven calendar days and refer it to an appointed reviewer independent of the disputed decision. The reviewer shall disclose relevant involvement and interests, consider conflict objections, and record independence. The decision's author, a materially interested participant, or a person deciding a related complaint about their own conduct shall not determine the appeal.","The Secretariat shall acknowledge an appeal within seven calendar days and refer it to an appointed reviewer independent of the disputed decision. The reviewer shall disclose relevant involvement and interests, consider conflict objections, and record independence. The decision's author, a materially interested participant, or a person deciding a related complaint about their own conduct shall not determine the appeal.",76e20ceb743431e43950b123eafb5cdbb8accfd0d271762c32a4c88aa513e9d8,76e20ceb743431e43950b123eafb5cdbb8accfd0d271762c32a4c88aa513e9d8
GSP-Directives-1,D1-036,unchanged,"The reviewer shall state scope, admissibility reasons, record access arrangements, and timetable; provide the appellant and responsible decision maker a meaningful opportunity to reply; and issue a reasoned determination. An initial determination shall be targeted within 30 calendar days of receipt, with reasoned extensions and updated dates notified before expiry. No response or elapsed time shall constitute rejection.","The reviewer shall state scope, admissibility reasons, record access arrangements, and timetable; provide the appellant and responsible decision maker a meaningful opportunity to reply; and issue a reasoned determination. An initial determination shall be targeted within 30 calendar days of receipt, with reasoned extensions and updated dates notified before expiry. No response or elapsed time shall constitute rejection.",c9796aa6515891fe9e81468ba4c4713265e2ab48590ada72ad136c21b4f0cf40,c9796aa6515891fe9e81468ba4c4713265e2ab48590ada72ad136c21b4f0cf40
GSP-Directives-1,D1-037,unchanged,"An appeal concerning adoption, public-review exclusion, or authority shall pause the affected publication decision. Other appeals shall receive a recorded decision on whether a stay is necessary to prevent prejudice. If no independent reviewer is available, consequential contested progression shall remain pending while unaffected work continues.","An appeal concerning adoption, public-review exclusion, or authority shall pause the affected publication decision. Other appeals shall receive a recorded decision on whether a stay is necessary to prevent prejudice. If no independent reviewer is available, consequential contested progression shall remain pending while unaffected work continues.",d615fd90db43be8f21f6801400c63850d978ae7ba42c16911ac3ef8cd19aad61,d615fd90db43be8f21f6801400c63850d978ae7ba42c16911ac3ef8cd19aad61
GSP-Directives-1,D1-038,unchanged,"The reviewer may uphold the process, require disclosure or correction of records, set aside a procedurally defective decision, or remit the matter for renewed participation, review, or ballot. The reviewer shall not substitute a ruling on factual truth, external legal entitlement, or technical merit for procedural review. The accountable body shall record implementation of the remedy before renewed progression.","The reviewer may uphold the process, require disclosure or correction of records, set aside a procedurally defective decision, or remit the matter for renewed participation, review, or ballot. The reviewer shall not substitute a ruling on factual truth, external legal entitlement, or technical merit for procedural review. The accountable body shall record implementation of the remedy before renewed progression.",b12c978b549b7a53fab296d4bce80b5537036be81209c86e97c5c2554e616aac,b12c978b549b7a53fab296d4bce80b5537036be81209c86e97c5c2554e616aac
GSP-Directives-1,D1-039,unchanged,"Technical reconsideration, conduct complaints, record-specific access or correction requests, and external legal remedies shall have distinguishable routes. Misrouted submissions shall receive assisted referral rather than silent rejection. Protected conduct handling shall follow the adopted ethics policy; disagreement alone shall not be treated as misconduct. Internal review shall not be presented as replacing external rights or remedies.","Technical reconsideration, conduct complaints, record-specific access or correction requests, and external legal remedies shall have distinguishable routes. Misrouted submissions shall receive assisted referral rather than silent rejection. Protected conduct handling shall follow the adopted ethics policy; disagreement alone shall not be treated as misconduct. Internal review shall not be presented as replacing external rights or remedies.",13437f6bb299dd1a07e640a4be9c6fb3c8d69c5d5fe77a6cb6741e777ca1a1c9,13437f6bb299dd1a07e640a4be9c6fb3c8d69c5d5fe77a6cb6741e777ca1a1c9
GSP-Directives-1,D1-040,unchanged,"The release owner shall verify that the exact publication package implements the approved text and decision. The package shall identify edition, date, class, maturity, adoption authority, conformance scope, dependencies, licenses or permissions, known limitations, maintenance contact, next review date, and superseded publications where applicable.","The release owner shall verify that the exact publication package implements the approved text and decision. The package shall identify edition, date, class, maturity, adoption authority, conformance scope, dependencies, licenses or permissions, known limitations, maintenance contact, next review date, and superseded publications where applicable.",a99b09c1f03d86be51d9e7635cbb95e07bbe8edc765044754cc281aba4821243,a99b09c1f03d86be51d9e7635cbb95e07bbe8edc765044754cc281aba4821243
GSP-Directives-1,D1-041,unchanged,"The release manifest shall identify authoritative source files, rendered publications, schemas or fixtures where included, their versions and integrity checks, build instructions and tool versions, and the approval record. A reviewer other than the final editor shall compare the rendered output with the approved source for omitted, altered, or unreadable requirements and record the result.","The release manifest shall identify authoritative source files, rendered publications, schemas or fixtures where included, their versions and integrity checks, build instructions and tool versions, and the approval record. A reviewer other than the final editor shall compare the rendered output with the approved source for omitted, altered, or unreadable requirements and record the result.",dc6c6b25319a11eb23c27621ac1632a582e803a0f3592c4f82d10fb29f4334ff,dc6c6b25319a11eb23c27621ac1632a582e803a0f3592c4f82d10fb29f4334ff
GSP-Directives-1,D1-042,unchanged,"The release owner shall resolve source/build discrepancies before release. Source corrections affecting meaning shall return to substantive review; a rebuild shall not silently change an adopted requirement. Public notices shall distinguish an adopted Standard, a Specification, an informative publication, and a policy recommendation and shall not claim ungranted endorsement or certification.","The release owner shall resolve source/build discrepancies before release. Source corrections affecting meaning shall return to substantive review; a rebuild shall not silently change an adopted requirement. Public notices shall distinguish an adopted Standard, a Specification, an informative publication, and a policy recommendation and shall not claim ungranted endorsement or certification.",11e1b5aa80be65d83f30b5fd10c46387361c07cd1d331d7db34a9e2fe3d5c162,11e1b5aa80be65d83f30b5fd10c46387361c07cd1d331d7db34a9e2fe3d5c162
GSP-Directives-1,D1-043,unchanged,"Every release shall have an assigned maintenance owner, issue intake route, and next review date. The default review interval shall be two years, shortened by a recorded risk-based decision. Loss of ownership, serious defects, changed dependencies, inaccessible implementation rights, or evidence of material exclusion or harm shall trigger earlier review. An overdue review shall be publicly marked and escalated; silence shall not confirm continued suitability.","Every release shall have an assigned maintenance owner, issue intake route, and next review date. The default review interval shall be two years, shortened by a recorded risk-based decision. Loss of ownership, serious defects, changed dependencies, inaccessible implementation rights, or evidence of material exclusion or harm shall trigger earlier review. An overdue review shall be publicly marked and escalated; silence shall not confirm continued suitability.",ff942e96fb21be6fc757b39c1050dc4ec944d34872247a1c4ff281e5707e1723,ff942e96fb21be6fc757b39c1050dc4ec944d34872247a1c4ff281e5707e1723
GSP-Directives-1,D1-044,unchanged,"The maintenance owner shall log reported issues, classify their effect, identify affected versions and dependencies, and publish disposition or investigation status. A correction request shall not be rejected merely because the reported behavior matches the current text.","The maintenance owner shall log reported issues, classify their effect, identify affected versions and dependencies, and publish disposition or investigation status. A correction request shall not be rejected merely because the reported behavior matches the current text.",8848a2117749a797a39417b42900055058d25930724bf93e3cddb8550fe6aa8b,8848a2117749a797a39417b42900055058d25930724bf93e3cddb8550fe6aa8b
GSP-Directives-1,D1-045,unchanged,"A corrigendum shall correct an error without introducing a new obligation, altering intended meaning, or changing a valid conformance outcome. It shall identify the affected text, corrected text, justification, reviewer, and authorization. If semantic effect is uncertain, the change shall use the amendment or revision route. Historical publications shall remain identifiable rather than silently overwritten.","A corrigendum shall correct an error without introducing a new obligation, altering intended meaning, or changing a valid conformance outcome. It shall identify the affected text, corrected text, justification, reviewer, and authorization. If semantic effect is uncertain, the change shall use the amendment or revision route. Historical publications shall remain identifiable rather than silently overwritten.",a87aa5b1bf2ade7dba77dc6c4a44531129f79418b04cc9c1b885e08fc256fbf8,a87aa5b1bf2ade7dba77dc6c4a44531129f79418b04cc9c1b885e08fc256fbf8
GSP-Directives-1,D1-046,unchanged,"An amendment shall make a bounded substantive change to a named edition; a revision shall issue a consolidated new edition. Both shall receive scope approval, assessment of dependent artifacts and users, appropriate pilots, committee and public review, and final approval under these Directives. An incompatible change shall include migration, coexistence, and deprecation information without claiming lossless conversion absent evidence.","An amendment shall make a bounded substantive change to a named edition; a revision shall issue a consolidated new edition. Both shall receive scope approval, assessment of dependent artifacts and users, appropriate pilots, committee and public review, and final approval under these Directives. An incompatible change shall include migration, coexistence, and deprecation information without claiming lossless conversion absent evidence.",be00b12a0b87b5c30353638357d02a3f0e8177ae19f3f96134c7daa7781193f5,be00b12a0b87b5c30353638357d02a3f0e8177ae19f3f96134c7daa7781193f5
GSP-Directives-1,D1-047,unchanged,"Periodic review shall invite evidence from users and affected parties and record confirmation, correction, amendment, revision, supersession, or withdrawal with reasons. Confirmation shall require a maintenance report and an authorized decision; it shall not erase known limitations.","Periodic review shall invite evidence from users and affected parties and record confirmation, correction, amendment, revision, supersession, or withdrawal with reasons. Confirmation shall require a maintenance report and an authorized decision; it shall not erase known limitations.",2f8a5da5e36a546c4d8b20f05dde8de4f5eafe5b8d00823319ab351da06b8e9d,2f8a5da5e36a546c4d8b20f05dde8de4f5eafe5b8d00823319ab351da06b8e9d
GSP-Directives-1,D1-048,unchanged,"Proposed withdrawal or supersession shall receive a public notice of reasons, dependencies, transition consequences, and alternatives for at least 60 calendar days, followed by comment disposition, reply, and formal approval. Withdrawn editions shall remain identifiable with status and date; withdrawal shall not retroactively change what a past conformance claim asserted. Necessary protection of underlying records shall follow D1-052, D1-053, and EIP-039.","Proposed withdrawal or supersession shall receive a public notice of reasons, dependencies, transition consequences, and alternatives for at least 60 calendar days, followed by comment disposition, reply, and formal approval. Withdrawn editions shall remain identifiable with status and date; withdrawal shall not retroactively change what a past conformance claim asserted. Necessary protection of underlying records shall follow D1-052, D1-053, and EIP-039.",b04c318e6b526b1d8fdae58ffd6dda85bf2b32518f2f257ad8df2f05dd4795e5,b04c318e6b526b1d8fdae58ffd6dda85bf2b32518f2f257ad8df2f05dd4795e5
GSP-Directives-1,D1-049,unchanged,"An authorized governance or release holder may issue a time-limited warning or suspend programme distribution or programme recommendations for new use where a documented serious protection, rights, or integrity risk requires immediate action. The action shall state evidence, scope, authority, duration, contact, affected users, and safe public reasons. It shall remain within programme authority and shall not create or amend normative requirements or purport to invalidate external legal decisions.","An authorized governance or release holder may issue a time-limited warning or suspend programme distribution or programme recommendations for new use where a documented serious protection, rights, or integrity risk requires immediate action. The action shall state evidence, scope, authority, duration, contact, affected users, and safe public reasons. It shall remain within programme authority and shall not create or amend normative requirements or purport to invalidate external legal decisions.",71947f4ce7b0cb30d8257b9ffae2b779c6e3231acd9eeb3f4a00edeae2fd1f18,71947f4ce7b0cb30d8257b9ffae2b779c6e3231acd9eeb3f4a00edeae2fd1f18
GSP-Directives-1,D1-050,unchanged,"Emergency action shall receive independent review within seven calendar days and expire within 30 calendar days unless the governance authority records a justified extension, next review date, and remedy plan. Unavailable independent capacity shall not authorize emergency adoption. Permanent amendment or withdrawal shall follow the ordinary procedure; protective handling of unlawfully or improperly disclosed material remains governed by the applicable policy and context.","Emergency action shall receive independent review within seven calendar days and expire within 30 calendar days unless the governance authority records a justified extension, next review date, and remedy plan. Unavailable independent capacity shall not authorize emergency adoption. Permanent amendment or withdrawal shall follow the ordinary procedure; protective handling of unlawfully or improperly disclosed material remains governed by the applicable policy and context.",84ac875b43ac083acc4b04c6982d2157729ba4f1345ce5a378981736f2d2dfb7,84ac875b43ac083acc4b04c6982d2157729ba4f1345ce5a378981736f2d2dfb7
GSP-Directives-1,D1-051,unchanged,A vacant role shall trigger recorded reassignment within the Charter's mandate or deferral of dependent decisions. A temporary substitute shall meet the same conflict and independence conditions. Emergency procedure shall not be used to avoid consultation because ordinary development is late or under-resourced.,A vacant role shall trigger recorded reassignment within the Charter's mandate or deferral of dependent decisions. A temporary substitute shall meet the same conflict and independence conditions. Emergency procedure shall not be used to avoid consultation because ordinary development is late or under-resourced.,ff2d6fa3b3fa7bde0b3a34d30b66859cd211964a499cdeae50b0dd13b0fdd449,ff2d6fa3b3fa7bde0b3a34d30b66859cd211964a499cdeae50b0dd13b0fdd449
GSP-Directives-1,D1-052,unchanged,"The Secretariat shall preserve linked proposal, draft, comment, disposition, decision, ballot-result, appeal-outcome, release, and maintenance records. Public readers shall be able to follow the grounds and changes of a decision without mandatory access to private correspondence. Record corrections shall retain the prior account and correction relationship where lawful and appropriate.","The Secretariat shall preserve linked proposal, draft, comment, disposition, decision, ballot-result, appeal-outcome, release, and maintenance records. Public readers shall be able to follow the grounds and changes of a decision without mandatory access to private correspondence. Record corrections shall retain the prior account and correction relationship where lawful and appropriate.",766ad73db8e8fc082912219b6036c7e04d37d8086b3860e664bf454c878a3247,766ad73db8e8fc082912219b6036c7e04d37d8086b3860e664bf454c878a3247
GSP-Directives-1,D1-053,unchanged,"A records schedule shall state purpose, custodian, access category, retention period or trigger, restriction review, and authorized disposition for each record category. Public publication history and safe decision reasons shall be retained durably; sensitive submissions and personal data shall not be retained indefinitely by default. A restriction or deletion shall preserve a safe explanation when permitted, without revealing protected existence or identity.","A records schedule shall state purpose, custodian, access category, retention period or trigger, restriction review, and authorized disposition for each record category. Public publication history and safe decision reasons shall be retained durably; sensitive submissions and personal data shall not be retained indefinitely by default. A restriction or deletion shall preserve a safe explanation when permitted, without revealing protected existence or identity.",efb07aedb4418d9186f1c2aa3092356686232c13ee5e35724de868b1d644ed4a,efb07aedb4418d9186f1c2aa3092356686232c13ee5e35724de868b1d644ed4a
GSP-Directives-1,D1-054,unchanged,"The governance authority shall publish an annual account of active work, decisions, unresolved objections, participation gaps, funding influence, overdue maintenance, and procedural incidents at a level that protects affected people. The account shall distinguish claimed representation from evidenced participation.","The governance authority shall publish an annual account of active work, decisions, unresolved objections, participation gaps, funding influence, overdue maintenance, and procedural incidents at a level that protects affected people. The account shall distinguish claimed representation from evidenced participation.",6c9df890a5edf7981838c121bbe81f4c199c0d434a6b1ac3237157d908ada964,6c9df890a5edf7981838c121bbe81f4c199c0d434a6b1ac3237157d908ada964
GSP-Directives-1,D1-055,unchanged,"External liaison shall have an explicit mandate identifying purpose, authorized speaker, commitments permitted, and reporting duties. A policy proposal shall identify its intended institution and review route and remain recommendatory. Liaison, use of external sources, and informal participation shall not imply affiliation, institutional endorsement, or adoption of another body's procedures.","External liaison shall have an explicit mandate identifying purpose, authorized speaker, commitments permitted, and reporting duties. A policy proposal shall identify its intended institution and review route and remain recommendatory. Liaison, use of external sources, and informal participation shall not imply affiliation, institutional endorsement, or adoption of another body's procedures.",5b792c4d82fd20decdea1de9ab48b4b68cc9d54229f1d975a8c36729ec0affd7,5b792c4d82fd20decdea1de9ab48b4b68cc9d54229f1d975a8c36729ec0affd7
GSP-Directives-1,D1-056,unchanged,"Before external release of a Specification or informative publication, the responsible authority shall approve a work-item review plan identifying publication class, maturity criteria, release authority, reviewers and needed competence, public-comment arrangements and period with rationale, objection disposition, appeal route, maintenance responsibility and rights clearance. The release record shall identify fulfillment and remaining limitations. Drafting alone shall not constitute that approval.","Before external release of a Specification or informative publication, the responsible authority shall approve a work-item review plan identifying publication class, maturity criteria, release authority, reviewers and needed competence, public-comment arrangements and period with rationale, objection disposition, appeal route, maintenance responsibility and rights clearance. The release record shall identify fulfillment and remaining limitations. Drafting alone shall not constitute that approval.",fdcf02031af2d5e363286f8310dae98d4c9d5d2ac4bfe1d9d1172f91ae358381,fdcf02031af2d5e363286f8310dae98d4c9d5d2ac4bfe1d9d1172f91ae358381
GSP-Directives-1,D1-057,unchanged,"A Specification release containing technical conformance requirements shall use the technical review, public review, disposition, ballot and appeal rules in this Part, while retaining Specification status and its declared maturity. Its release shall not use stage 60 or imply Standard adoption. Promotion shall require an explicit Standard work-item and adoption decision with review of changed scope, requirements and prior evidence.","A Specification release containing technical conformance requirements shall use the technical review, public review, disposition, ballot and appeal rules in this Part, while retaining Specification status and its declared maturity. Its release shall not use stage 60 or imply Standard adoption. Promotion shall require an explicit Standard work-item and adoption decision with review of changed scope, requirements and prior evidence.",8afcb0cc2d016ccd92acae9ed84a69602b3b05e77a7533cad2cb8a10baa8a655,8afcb0cc2d016ccd92acae9ed84a69602b3b05e77a7533cad2cb8a10baa8a655
GSP-Directives-1,D1-058,unchanged,"A Policy or Institutional Proposal shall receive a separate mandate-specific release decision identifying its intended addressee, institutional and affected-interest review, public-comment opportunity, considered alternatives and unresolved objections. Its review plan shall preserve a reasoned disposition and the procedural appeal route in this Part. An informative report or manual shall likewise identify its review and release decision without claiming technical Standard conformance authority.","A Policy or Institutional Proposal shall receive a separate mandate-specific release decision identifying its intended addressee, institutional and affected-interest review, public-comment opportunity, considered alternatives and unresolved objections. Its review plan shall preserve a reasoned disposition and the procedural appeal route in this Part. An informative report or manual shall likewise identify its review and release decision without claiming technical Standard conformance authority.",63b8e5a9498f6bda0ac0fdcaed94ca500e69b65a6315650c4aa4cc38912a8174,63b8e5a9498f6bda0ac0fdcaed94ca500e69b65a6315650c4aa4cc38912a8174
GSP-Directives-1,D1-059,unchanged,"The Secretariat shall register a proposal with an identifier, receipt date, proposer, proposed class, scope version, and handling status. It shall acknowledge receipt within seven calendar days and identify the authority responsible for scheduling its consideration. An incomplete proposal shall receive a specific request for information or a reasoned deferral; registration shall not confer project approval.","The Secretariat shall register a proposal with an identifier, receipt date, proposer, proposed class, scope version, and handling status. It shall acknowledge receipt within seven calendar days and identify the authority responsible for scheduling its consideration. An incomplete proposal shall receive a specific request for information or a reasoned deferral; registration shall not confer project approval.",a6537406897f3676d1babe413d0d7647d3ea3813328789c528217c7418f3f0c4,a6537406897f3676d1babe413d0d7647d3ea3813328789c528217c7418f3f0c4
GSP-Directives-1,D1-060,unchanged,"Before accepting a project, the decision authority shall verify that the editor and maintenance owner accept their responsibilities, required review competence can be obtained, the resource estimate includes participation and protection work, and the work plan states review dates and capacity limits. An unfilled essential role shall be resolved through assignment, a narrower scope, or deferral, rather than entered as an assumed resource.","Before accepting a project, the decision authority shall verify that the editor and maintenance owner accept their responsibilities, required review competence can be obtained, the resource estimate includes participation and protection work, and the work plan states review dates and capacity limits. An unfilled essential role shall be resolved through assignment, a narrower scope, or deferral, rather than entered as an assumed resource.",11a781e617c5d4e39d79049e3e1a67d69b02fe8625354452a5b303a6177995fd,11a781e617c5d4e39d79049e3e1a67d69b02fe8625354452a5b303a6177995fd
GSP-Directives-1,D1-061,unchanged,"The project register shall distinguish proposed, active, suspended, closed, and completed work and retain the reason for a change of status. A proposer may withdraw a proposal before authorization; withdrawal shall preserve its record and relevant unresolved issues. Suspension or closure of approved work shall be authorized with affected-participant notice and a disposition of dependencies, contributions, and remaining records.","The project register shall distinguish proposed, active, suspended, closed, and completed work and retain the reason for a change of status. A proposer may withdraw a proposal before authorization; withdrawal shall preserve its record and relevant unresolved issues. Suspension or closure of approved work shall be authorized with affected-participant notice and a disposition of dependencies, contributions, and remaining records.",40b6f5818e5251e83d3d3534395fc74de4722beb077ec1eea63fdd103384a66d,40b6f5818e5251e83d3d3534395fc74de4722beb077ec1eea63fdd103384a66d
GSP-Directives-1,D1-062,unchanged,"The project lead shall assemble the entry and exit evidence specified in Annex A before requesting progression. The decision authority shall record its assessment of each applicable item, the evidence locator, responsible reviewer, result, and any required action. An inapplicable item shall have a scope-based reason; unperformed work or unavailable evidence shall not be recorded as fulfilled.","The project lead shall assemble the entry and exit evidence specified in Annex A before requesting progression. The decision authority shall record its assessment of each applicable item, the evidence locator, responsible reviewer, result, and any required action. An inapplicable item shall have a scope-based reason; unperformed work or unavailable evidence shall not be recorded as fulfilled.",486629ce8c225970bd12bef643383e8f0a050db59882aaf89ab9ba17b65ea61f,486629ce8c225970bd12bef643383e8f0a050db59882aaf89ab9ba17b65ea61f
GSP-Directives-1,D1-063,unchanged,"A Working Draft shall identify open design alternatives and any unresolved requirements or dependencies. A Committee Draft shall integrate the selected proposal, source rationale, assessment method, and issue disposition sufficiently for a reviewer who did not participate in authoring. Neither designation shall imply that open issues have disappeared merely because the document has been renumbered.","A Working Draft shall identify open design alternatives and any unresolved requirements or dependencies. A Committee Draft shall integrate the selected proposal, source rationale, assessment method, and issue disposition sufficiently for a reviewer who did not participate in authoring. Neither designation shall imply that open issues have disappeared merely because the document has been renumbered.",d2b6ed46c42eb3cd9393c4192f54b7453ddb92b6c2fe6679d7a862195b6e6cec,d2b6ed46c42eb3cd9393c4192f54b7453ddb92b6c2fe6679d7a862195b6e6cec
GSP-Directives-1,D1-064,unchanged,"Before public review, the chair shall verify that applicable requirements have identified conformance subjects and assessment methods, examples are distinguished from obligations, material pilot failures are visible, and unresolved issues are bounded. A requirement whose interpretation depends on unavailable material or an unsettled contradiction shall be revised, narrowed, or withheld from the proposed normative scope.","Before public review, the chair shall verify that applicable requirements have identified conformance subjects and assessment methods, examples are distinguished from obligations, material pilot failures are visible, and unresolved issues are bounded. A requirement whose interpretation depends on unavailable material or an unsettled contradiction shall be revised, narrowed, or withheld from the proposed normative scope.",a6a4447113e78b27430c9f3be583b4de7924af68ee433281fee6904e92232b4b,a6a4447113e78b27430c9f3be583b4de7924af68ee433281fee6904e92232b4b
GSP-Directives-1,D1-065,unchanged,"A coordinated package shall identify authoritative locations for shared requirements, exact dependency versions, change propagation responsibilities, and release sequencing. The responsible editors shall assess a material dependency change against affected scopes, tests, examples, and users before progressing any dependent release. Circular references shall not be used to conceal an unassigned obligation or unsupported conformance claim.","A coordinated package shall identify authoritative locations for shared requirements, exact dependency versions, change propagation responsibilities, and release sequencing. The responsible editors shall assess a material dependency change against affected scopes, tests, examples, and users before progressing any dependent release. Circular references shall not be used to conceal an unassigned obligation or unsupported conformance claim.",5c98bd7fddb09a3971e58b1562a053f385d8bd39a01f14e1e511d3fa68e75771,5c98bd7fddb09a3971e58b1562a053f385d8bd39a01f14e1e511d3fa68e75771
GSP-Directives-1,D1-066,unchanged,"A meeting used for a consequential decision shall have prior notice, an agenda and accessible materials, an assigned chair, identified participants and capacities, declared conflicts, and a decision record. A person unable to attend shall have the declared asynchronous opportunity to contribute before the decision closes. Meeting attendance alone shall not replace the prescribed ballot, public review, or reply period.","A meeting used for a consequential decision shall have prior notice, an agenda and accessible materials, an assigned chair, identified participants and capacities, declared conflicts, and a decision record. A person unable to attend shall have the declared asynchronous opportunity to contribute before the decision closes. Meeting attendance alone shall not replace the prescribed ballot, public review, or reply period.",1690977c89cbf874967e9f2f06c667678f7bd02e800c0b30a2e1cc8ae734410f,1690977c89cbf874967e9f2f06c667678f7bd02e800c0b30a2e1cc8ae734410f
GSP-Directives-1,D1-067,unchanged,"The chair shall circulate a proposed decision record for correction of factual inaccuracies and attribute unresolved corrections before using it as progression evidence. An editorial correction to minutes shall not alter the decision taken; a proposed change to that decision shall use the relevant reconsideration or new-decision procedure. The register shall distinguish a proposal, recommendation, authorization, and completed action.","The chair shall circulate a proposed decision record for correction of factual inaccuracies and attribute unresolved corrections before using it as progression evidence. An editorial correction to minutes shall not alter the decision taken; a proposed change to that decision shall use the relevant reconsideration or new-decision procedure. The register shall distinguish a proposal, recommendation, authorization, and completed action.",250ef1afb536805d7d429fc3bf090b3ac2ff5e9056fb2eddc46f8ab85a1af7d6,250ef1afb536805d7d429fc3bf090b3ac2ff5e9056fb2eddc46f8ab85a1af7d6
GSP-Directives-1,D1-068,unchanged,The Secretariat shall maintain the comment and disposition register specified in Annex B. A combined response may address duplicate issues only if each original comment remains traceable and its distinct material grounds are considered. Splitting a submission into issues shall preserve the connection to its original meaning. Summary statistics shall not substitute for the disposition of an unresolved substantive concern.,The Secretariat shall maintain the comment and disposition register specified in Annex B. A combined response may address duplicate issues only if each original comment remains traceable and its distinct material grounds are considered. Splitting a submission into issues shall preserve the connection to its original meaning. Summary statistics shall not substitute for the disposition of an unresolved substantive concern.,6aef5d50eeab87e2dad17d0e30ba119425aca34a224aa14fcc9bcf701bb1bd9c,6aef5d50eeab87e2dad17d0e30ba119425aca34a224aa14fcc9bcf701bb1bd9c
GSP-Directives-1,D1-069,unchanged,"A review closure record shall identify the exact closing time, submissions received, submissions awaiting acknowledgement or clarification, late submissions, access failures, extensions, and next steps. The chair shall distinguish closure of intake from completion of dispositions. The count of unresolved comments shall not become zero merely because the public submission window has closed.","A review closure record shall identify the exact closing time, submissions received, submissions awaiting acknowledgement or clarification, late submissions, access failures, extensions, and next steps. The chair shall distinguish closure of intake from completion of dispositions. The count of unresolved comments shall not become zero merely because the public submission window has closed.",832ab52592da878ddc0315dd6bbcfd7f81632772e3148f46d148cc138f5b28f8,832ab52592da878ddc0315dd6bbcfd7f81632772e3148f46d148cc138f5b28f8
GSP-Directives-1,D1-070,unchanged,"For each proposed disposition, the review group shall identify the responsible respondent, material evidence, affected requirements, reason, resulting text or decision, and review required by the change. A not-accepted disposition shall address the substantive grounds rather than rely solely on lack of votes, institutional rank, drafting inconvenience, or an unsupported assertion that the issue was already settled.","For each proposed disposition, the review group shall identify the responsible respondent, material evidence, affected requirements, reason, resulting text or decision, and review required by the change. A not-accepted disposition shall address the substantive grounds rather than rely solely on lack of votes, institutional rank, drafting inconvenience, or an unsupported assertion that the issue was already settled.",c4e41eb8be4bd8301ffa58d261b0a41a75268d57fe27d77ed9bbbc4e2d52ad32,c4e41eb8be4bd8301ffa58d261b0a41a75268d57fe27d77ed9bbbc4e2d52ad32
GSP-Directives-1,D1-071,unchanged,"If a submission includes conduct allegations or protected information together with a technical objection, the Secretariat shall separate access and handling while retaining a safe cross-reference. The technical issue shall continue to receive consideration unless a recorded reason requires a stay. Protected reporting shall not confer permission to publish personal details in the public disposition register.","If a submission includes conduct allegations or protected information together with a technical objection, the Secretariat shall separate access and handling while retaining a safe cross-reference. The technical issue shall continue to receive consideration unless a recorded reason requires a stay. Protected reporting shall not confer permission to publish personal details in the public disposition register.",5848bfb7ef20aa10e136a6e248eb8c37e64fd2dc5ef36630dc2ac4a385475140,5848bfb7ef20aa10e136a6e248eb8c37e64fd2dc5ef36630dc2ac4a385475140
GSP-Directives-1,D1-072,unchanged,"When sending a disposition or re-review notice, the Secretariat shall record its intended recipients, authorized route, content version, dispatch time, and known delivery failures. Where a material failure prevents meaningful reply, the chair shall provide a workable alternative or extend the affected reply opportunity and record the resulting progression consequence. A failed delivery shall not be represented as silence by the recipient.","When sending a disposition or re-review notice, the Secretariat shall record its intended recipients, authorized route, content version, dispatch time, and known delivery failures. Where a material failure prevents meaningful reply, the chair shall provide a workable alternative or extend the affected reply opportunity and record the resulting progression consequence. A failed delivery shall not be represented as silence by the recipient.",a19ac171c4dcee721bb59a0b399458de5a2465cf88266b8f58589709524efbd1,a19ac171c4dcee721bb59a0b399458de5a2465cf88266b8f58589709524efbd1
GSP-Directives-1,D1-073,unchanged,"The ballot notice shall include the exact resolution, frozen text and associated artifacts, consensus assessment, dispositions, remaining objections, eligibility basis, and required calculation. The Secretariat shall provide each eligible person a means to submit one attributable ballot without disclosing unnecessary personal information and shall identify a neutral route for challenges to ballot administration.","The ballot notice shall include the exact resolution, frozen text and associated artifacts, consensus assessment, dispositions, remaining objections, eligibility basis, and required calculation. The Secretariat shall provide each eligible person a means to submit one attributable ballot without disclosing unnecessary personal information and shall identify a neutral route for challenges to ballot administration.",a5ed042abc5dacbe5cbf2098c0489872c07918c7aa50885891be82486d96bbf5,a5ed042abc5dacbe5cbf2098c0489872c07918c7aa50885891be82486d96bbf5
GSP-Directives-1,D1-074,revised,A participant may replace their own ballot before the declared closing time; the Secretariat shall count only the latest valid submission and retain a protected audit of the replacement. An ambiguous or unverifiable submission shall receive a clarification request and shall not be silently converted to approval or abstention. Ballot validity decisions shall identify the rule applied and the available challenge route.,"A participant may replace their own ballot before the declared closing time; the Secretariat shall count only the latest valid submission and retain a protected audit of the replacement. An ambiguous or unverifiable submission shall receive a clarification request and shall not be silently converted to approval or abstention. The last valid submission shall remain counted unless withdrawn or invalidated under an identified applicable rule. A participant with a valid counted replacement shall not also be counted in the unsuccessful-attempt category in D1-032. Ballot validity decisions shall identify the rule applied, grounds, clarification status and available challenge route; unresolved validity shall not be relabelled as absence of an attempted submission.",6d812bfd347859bdaae2fb72227aba68293fdab236aa5535ff8b304f04e6b396,94f774583b23814651c0e99886877bccee288a5272383cc77f982fdda32cc40a
GSP-Directives-1,D1-075,unchanged,"A ballot extension shall be announced before the original close, state the access or participation reason and new closing time, and apply equally to the eligible electorate. An extension shall not change the resolution or threshold or be used solely to solicit a desired result. A frozen package requiring substantive change shall be withdrawn from ballot and returned to applicable review.","A ballot extension shall be announced before the original close, state the access or participation reason and new closing time, and apply equally to the eligible electorate. An extension shall not change the resolution or threshold or be used solely to solicit a desired result. A frozen package requiring substantive change shall be withdrawn from ballot and returned to applicable review.",390e1270e68d648653034950a90dc8ab260704651271c79e4d94cf50ab8aa9a9,390e1270e68d648653034950a90dc8ab260704651271c79e4d94cf50ab8aa9a9
GSP-Directives-1,D1-076,unchanged,"A non-conflicted person other than the person compiling the tally shall verify eligibility counts, duplicate or replacement handling, recusals, arithmetic, and the consistency of the declared result with the frozen resolution. The verification record shall identify any unresolved discrepancy. A numerical pass with an unresolved blocking procedural finding shall not authorize adoption.","A non-conflicted person other than the person compiling the tally shall verify eligibility counts, duplicate or replacement handling, recusals, arithmetic, and the consistency of the declared result with the frozen resolution. The verification record shall identify any unresolved discrepancy. A numerical pass with an unresolved blocking procedural finding shall not authorize adoption.",7bf4c8cde5ebd866f8282553643894d959c4eaeab65feb2365ed9db3af4e6522,7bf4c8cde5ebd866f8282553643894d959c4eaeab65feb2365ed9db3af4e6522
GSP-Directives-1,D1-077,unchanged,"The adoption or release authorization shall identify the approved publication class and edition, resolution, vote result where required, consensus rationale, authority exercised, effective date, appeal notice, and conditions affecting release. The release owner shall distinguish this authorization from compilation, distribution, and commencement of an institution's use. An institution's uptake shall not be inferred from programme publication.","The adoption or release authorization shall identify the approved publication class and edition, resolution, vote result where required, consensus rationale, authority exercised, effective date, appeal notice, and conditions affecting release. The release owner shall distinguish this authorization from compilation, distribution, and commencement of an institution's use. An institution's uptake shall not be inferred from programme publication.",860f15583ecf7d61cca290a57ab1f6e85fc093bf35bc6c9f9b8156b36c3f2ae3,860f15583ecf7d61cca290a57ab1f6e85fc093bf35bc6c9f9b8156b36c3f2ae3
GSP-Directives-1,D1-078,unchanged,"An appeal record shall identify the challenged decision, appellant or protected reference, grounds, requested remedy, receipt and notice dates, admissibility assessment, appointed reviewer, disclosed conflicts, participation opportunities, stay status, outcome, reasons, and implementation responsibility. Refusal to admit an appeal shall receive reasons and the same independence safeguards as a determination on its merits.","An appeal record shall identify the challenged decision, appellant or protected reference, grounds, requested remedy, receipt and notice dates, admissibility assessment, appointed reviewer, disclosed conflicts, participation opportunities, stay status, outcome, reasons, and implementation responsibility. Refusal to admit an appeal shall receive reasons and the same independence safeguards as a determination on its merits.",613a08f008516e53aec1c0558f98c6d5bd0849a2f4ddee42963eec9de60851ce,613a08f008516e53aec1c0558f98c6d5bd0849a2f4ddee42963eec9de60851ce
GSP-Directives-1,D1-079,unchanged,The reviewer shall distinguish an objection to the substantive proposal from an allegation that the operative process was not followed. A submission containing both shall receive coordinated handling without forcing the appellant to abandon either ground. A procedural remedy shall identify which decision or stage is affected and what evidence is required before the stay can be lifted.,The reviewer shall distinguish an objection to the substantive proposal from an allegation that the operative process was not followed. A submission containing both shall receive coordinated handling without forcing the appellant to abandon either ground. A procedural remedy shall identify which decision or stage is affected and what evidence is required before the stay can be lifted.,00126dc9f2bd30a0d06fcd9fb99a21d9f455459cb3735be9ca076ea29486c138,00126dc9f2bd30a0d06fcd9fb99a21d9f455459cb3735be9ca076ea29486c138
GSP-Directives-1,D1-080,unchanged,"A protected appeal shall give each affected party sufficient grounds and opportunity to respond for the determination being made. If disclosure limits prevent fair determination, the reviewer shall narrow the finding, obtain an authorized independent examination, or defer with stated reasons. Confidentiality shall not be described as proof that the undisclosed account is correct.","A protected appeal shall give each affected party sufficient grounds and opportunity to respond for the determination being made. If disclosure limits prevent fair determination, the reviewer shall narrow the finding, obtain an authorized independent examination, or defer with stated reasons. Confidentiality shall not be described as proof that the undisclosed account is correct.",e7a4b91d50e0ff4c7952746baac02e25c9282a261c5b37e7be3d672fb2ae4e9e,e7a4b91d50e0ff4c7952746baac02e25c9282a261c5b37e7be3d672fb2ae4e9e
GSP-Directives-1,D1-081,unchanged,"The Secretariat shall track implementation of an appeal remedy and provide the appellant with its status through the permitted route. A remitted decision shall cite the appeal and demonstrate completion of the required reconsideration or repeated stage. Closing the appeal file shall not establish that a correction, new review, or practical remedy has been completed.","The Secretariat shall track implementation of an appeal remedy and provide the appellant with its status through the permitted route. A remitted decision shall cite the appeal and demonstrate completion of the required reconsideration or repeated stage. Closing the appeal file shall not establish that a correction, new review, or practical remedy has been completed.",9f6a1ae89fbeea4ba5d543bcf40f67cca1e991b666afe793831a60e512ee6e9c,9f6a1ae89fbeea4ba5d543bcf40f67cca1e991b666afe793831a60e512ee6e9c
GSP-Directives-1,D1-082,unchanged,"Before release, the owner shall complete the release register in Annex B, including dependency availability, permission basis, source/render verification, accessibility limitations, unresolved issues, appeal status, distribution locations, and withdrawal contact. A dependency that is unavailable on usable terms shall trigger scope revision or deferral rather than an unsupported interoperability claim.","Before release, the owner shall complete the release register in Annex B, including dependency availability, permission basis, source/render verification, accessibility limitations, unresolved issues, appeal status, distribution locations, and withdrawal contact. A dependency that is unavailable on usable terms shall trigger scope revision or deferral rather than an unsupported interoperability claim.",4fb4f5792e250be3847b2e6d2cc2aa42358a67d4d82a144127d8c1cd2236e307,4fb4f5792e250be3847b2e6d2cc2aa42358a67d4d82a144127d8c1cd2236e307
GSP-Directives-1,D1-083,unchanged,"A corrected build or accessible alternative representation shall identify its relationship to the approved edition and whether substantive content is unchanged. Where two representations disagree, the owner shall issue a notice, determine the approved content from the decision record, and correct the affected artifacts under the applicable change procedure. A hidden preference for the newest file shall not resolve normative disagreement.","A corrected build or accessible alternative representation shall identify its relationship to the approved edition and whether substantive content is unchanged. Where two representations disagree, the owner shall issue a notice, determine the approved content from the decision record, and correct the affected artifacts under the applicable change procedure. A hidden preference for the newest file shall not resolve normative disagreement.",c5230608f5aac63dcd182376899b58cb3ab01e530929e3464f5df3de2fd4faa6,c5230608f5aac63dcd182376899b58cb3ab01e530929e3464f5df3de2fd4faa6
GSP-Directives-1,D1-084,unchanged,"An issue assessment shall distinguish editorial error, conflicting requirements, implementation defect, changed external dependency, emerging misuse or harm, accessibility failure, and proposed new scope. The maintenance owner shall state the affected editions, current mitigation, evidence required, accountable next action, and review date. Classification shall be reconsidered when new evidence changes the issue's substantive effect.","An issue assessment shall distinguish editorial error, conflicting requirements, implementation defect, changed external dependency, emerging misuse or harm, accessibility failure, and proposed new scope. The maintenance owner shall state the affected editions, current mitigation, evidence required, accountable next action, and review date. Classification shall be reconsidered when new evidence changes the issue's substantive effect.",ac9c9c6358a1dc555140713b7b1a6c6e8519ca1af1b5042a3d6e379723200159,ac9c9c6358a1dc555140713b7b1a6c6e8519ca1af1b5042a3d6e379723200159
GSP-Directives-1,D1-085,unchanged,"A proposed corrigendum shall be reviewed by a person other than its editor against examples and known conformance outcomes material to the correction. If the parties disagree whether meaning changes, the owner shall preserve the disagreement and use substantive review unless the uncertainty is resolved with recorded grounds. Issuing a corrected file shall not erase the original published error and its applicability interval.","A proposed corrigendum shall be reviewed by a person other than its editor against examples and known conformance outcomes material to the correction. If the parties disagree whether meaning changes, the owner shall preserve the disagreement and use substantive review unless the uncertainty is resolved with recorded grounds. Issuing a corrected file shall not erase the original published error and its applicability interval.",3c33616c35020e07ba38443a56141dc13ddb4024dfddfdaf1dcb60db32649c48,3c33616c35020e07ba38443a56141dc13ddb4024dfddfdaf1dcb60db32649c48
GSP-Directives-1,D1-086,unchanged,"An amendment or revision proposal shall assess current users, dependencies, historical records, version negotiation, migration losses, and coexistence needs. The approval record shall distinguish prospective requirements from statements about previous editions. A deprecated feature shall have a reason, affected scope, intended alternative, and transition notice; deprecation alone shall not retroactively change an earlier conformance result.","An amendment or revision proposal shall assess current users, dependencies, historical records, version negotiation, migration losses, and coexistence needs. The approval record shall distinguish prospective requirements from statements about previous editions. A deprecated feature shall have a reason, affected scope, intended alternative, and transition notice; deprecation alone shall not retroactively change an earlier conformance result.",f6262267a5bd02290fd3582d674ac69bc6bcb61e3eb31bec5937d475bcb3b3f5,f6262267a5bd02290fd3582d674ac69bc6bcb61e3eb31bec5937d475bcb3b3f5
GSP-Directives-1,D1-087,unchanged,"A confirmation decision shall identify the review evidence, known limitations, current maintenance capacity, dependency status, and next review date. If review cannot establish continued suitability, the authority shall select further investigation, narrowing, revision, suspension of programme recommendations, or withdrawal rather than confirm by default. A dormant publication shall remain findable with its actual status.","A confirmation decision shall identify the review evidence, known limitations, current maintenance capacity, dependency status, and next review date. If review cannot establish continued suitability, the authority shall select further investigation, narrowing, revision, suspension of programme recommendations, or withdrawal rather than confirm by default. A dormant publication shall remain findable with its actual status.",0310a12212aff21018c11bef3ab6b98b7e470fcb306f2e4363342ddcec8ccf4a,0310a12212aff21018c11bef3ab6b98b7e470fcb306f2e4363342ddcec8ccf4a
GSP-Directives-1,D1-088,unchanged,"The owner of an emergency action shall maintain an incident record identifying the triggering evidence, protection decision, consultations, users notified, independent review, expiry or extension, and restoration criteria. At closure, the governance authority shall assess whether ordinary maintenance, a procedural amendment, or further support is needed and publish permitted reasons. Repetition of temporary measures shall not conceal an unresolved need for substantive review.","The owner of an emergency action shall maintain an incident record identifying the triggering evidence, protection decision, consultations, users notified, independent review, expiry or extension, and restoration criteria. At closure, the governance authority shall assess whether ordinary maintenance, a procedural amendment, or further support is needed and publish permitted reasons. Repetition of temporary measures shall not conceal an unresolved need for substantive review.",43ab5385f3eb9ea5315efef22a2426c2f841e72f6c55ced23d4c403d4ae1d9c6,43ab5385f3eb9ea5315efef22a2426c2f841e72f6c55ced23d4c403d4ae1d9c6
GSP-Directives-1,D1-089,unchanged,"An assessment against these Directives shall identify the procedure, project and decisions covered, operative or rehearsal editions, assessor and relationship, methods, evidence, and results for every applicable requirement. Documentary checks and observation of performed procedures shall be distinguished. An unobserved action shall remain not assessed when only a designed form or hypothetical record is available.","An assessment against these Directives shall identify the procedure, project and decisions covered, operative or rehearsal editions, assessor and relationship, methods, evidence, and results for every applicable requirement. Documentary checks and observation of performed procedures shall be distinguished. An unobserved action shall remain not assessed when only a designed form or hypothetical record is available.",33ad276c3da591e0c09edaf202885ddc0c10940ce461a1a72718abd0701121f7,33ad276c3da591e0c09edaf202885ddc0c10940ce461a1a72718abd0701121f7
GSP-Directives-1,D1-090,unchanged,"The governance authority shall review procedural failures and participant feedback for recurring barriers, delay, concentrated influence, unavailable remedies, or unmanageable burden. The review shall identify corrective actions, owners, and follow-up evidence. A procedural amendment shall itself follow the Charter's review and transition rules and shall not retrospectively validate a defective decision.","The governance authority shall review procedural failures and participant feedback for recurring barriers, delay, concentrated influence, unavailable remedies, or unmanageable burden. The review shall identify corrective actions, owners, and follow-up evidence. A procedural amendment shall itself follow the Charter's review and transition rules and shall not retrospectively validate a defective decision.",4a5c5eb06ac8cb717739a8e1bd570d57dd74615447215fcace67c8b1eb859746,4a5c5eb06ac8cb717739a8e1bd570d57dd74615447215fcace67c8b1eb859746
GSP-Directives-1,D1-091,unchanged,"The stage dossier shall identify each scheduled evidence item, its location and version, custodian, access limitations, assessment result, and unresolved action. An item may be reused from an earlier stage when the responsible reviewer confirms that its scope and evidence remain applicable. Reuse shall not imply that a later change has been reviewed when it has not.","The stage dossier shall identify each scheduled evidence item, its location and version, custodian, access limitations, assessment result, and unresolved action. An item may be reused from an earlier stage when the responsible reviewer confirms that its scope and evidence remain applicable. Reuse shall not imply that a later change has been reviewed when it has not.",275259259021f017869cc2fedea1697554f5b7f501f9040e6c126982008d4ff2,275259259021f017869cc2fedea1697554f5b7f501f9040e6c126982008d4ff2
GSP-Directives-1,D1-092,unchanged,"Every notice governed by a period in Table~\ref{tab:d1-periods} shall state the starting event, time zone, closing timestamp, responsible function, extension rule, and next route if the period is missed. The period shall be measured from effective accessible notice or the specified receipt event. A changed closing time shall remain traceable to the prior notice and its reason.","Every notice governed by a period in Table~\ref{tab:d1-periods} shall state the starting event, time zone, closing timestamp, responsible function, extension rule, and next route if the period is missed. The period shall be measured from effective accessible notice or the specified receipt event. A changed closing time shall remain traceable to the prior notice and its reason.",3e961abaa37b369556c08327a385687ca8e45661b62118ad0b2374a5dac2815a,3e961abaa37b369556c08327a385687ca8e45661b62118ad0b2374a5dac2815a
GSP-Directives-1,D1-093,unchanged,"A missed acknowledgement or target date shall remain visible as a procedural event with reason, effect, corrective action, and notice to permitted recipients. An extension shall not erase the missed service obligation or cure exclusion retrospectively. An unresolved failure material to fair consideration shall prevent dependent progression until remedied.","A missed acknowledgement or target date shall remain visible as a procedural event with reason, effect, corrective action, and notice to permitted recipients. An extension shall not erase the missed service obligation or cure exclusion retrospectively. An unresolved failure material to fair consideration shall prevent dependent progression until remedied.",cdd67534056db368e20630591d51515de01bd7f228225cae4fc0ee4c601e1518,cdd67534056db368e20630591d51515de01bd7f228225cae4fc0ee4c601e1518
GSP-Directives-1,D1-094,unchanged,"The Secretariat shall maintain the registers in Table~\ref{tab:d1-registers} for applicable activities. Each record shall have a distinguishable reference, version or correction relationship, responsible custodian, creation time, and permitted access scope. A shared register may satisfy several functions if each required distinction remains retrievable.","The Secretariat shall maintain the registers in Table~\ref{tab:d1-registers} for applicable activities. Each record shall have a distinguishable reference, version or correction relationship, responsible custodian, creation time, and permitted access scope. A shared register may satisfy several functions if each required distinction remains retrievable.",0ed3f7e21ba1d7d8817552444a7b9aa483303ca281b7cc552d2dc87424732f89,0ed3f7e21ba1d7d8817552444a7b9aa483303ca281b7cc552d2dc87424732f89
GSP-Directives-1,D1-095,unchanged,"A public decision view shall preserve enough permitted information to identify the issue, authority, reasons, outcome, status, and challenge route. An authorized assessor shall be able to locate the underlying protected record when their mandate permits. A restriction that prevents assessment shall produce a stated assessment limitation rather than a presumed pass.","A public decision view shall preserve enough permitted information to identify the issue, authority, reasons, outcome, status, and challenge route. An authorized assessor shall be able to locate the underlying protected record when their mandate permits. A restriction that prevents assessment shall produce a stated assessment limitation rather than a presumed pass.",f92cad855bce93d11448a77ef14e02584fc994f264f2bc8db3a29ecef9bbe604,f92cad855bce93d11448a77ef14e02584fc994f264f2bc8db3a29ecef9bbe604
GSP-Directives-2,D2-001,unchanged,"A publication shall identify its code or other identifier, title, publication class, maturity status, version, responsible editor or unassigned responsibility, and source location near its beginning.","A publication shall identify its code or other identifier, title, publication class, maturity status, version, responsible editor or unassigned responsibility, and source location near its beginning.",ccad4a6233e65c76dcf7fad6f8e31f607430cbc1a5bb74a775691244122f76e0,ccad4a6233e65c76dcf7fad6f8e31f607430cbc1a5bb74a775691244122f76e0
GSP-Directives-2,D2-002,unchanged,"A draft shall state that it is not adopted and shall distinguish authoring progress from formally authorized project status. A publication shall not imply ISO, IEC, IEEE or governmental authority without a documented basis.","A draft shall state that it is not adopted and shall distinguish authoring progress from formally authorized project status. A publication shall not imply ISO, IEC, IEEE or governmental authority without a documented basis.",3e4a82db288753d891336f45908b28bfb43644f7240aa3fe6f9c9af0e1865f31,3e4a82db288753d891336f45908b28bfb43644f7240aa3fe6f9c9af0e1865f31
GSP-Directives-2,D2-003,unchanged,"An editor shall assign one principal publication class and state its intended readers, use and authority. A Standard, Specification, Technical Report, Manual, governance document and Policy or Institutional Proposal shall not be treated as interchangeable classes.","An editor shall assign one principal publication class and state its intended readers, use and authority. A Standard, Specification, Technical Report, Manual, governance document and Policy or Institutional Proposal shall not be treated as interchangeable classes.",67237701ed42d4c35779458b8d3106498ce676ef58da8432e08acb1982709476,67237701ed42d4c35779458b8d3106498ce676ef58da8432e08acb1982709476
GSP-Directives-2,D2-004,unchanged,A protocol description shall identify its containing publication class. Protocol behavior shall be distinguished from the institutional authority and procedure under which that behavior is used.,A protocol description shall identify its containing publication class. Protocol behavior shall be distinguished from the institutional authority and procedure under which that behavior is used.,ddbafb1fc31a0939022a6321afc6a340c80dc893caa6722925cbf44ec401c2e4,ddbafb1fc31a0939022a6321afc6a340c80dc893caa6722925cbf44ec401c2e4
GSP-Directives-2,D2-005,unchanged,"A Policy or Institutional Proposal shall distinguish factual background, interpretation, objectives, options, mandate, implementation implications and unresolved questions. It shall not create technical conformance obligations through an unapproved policy recommendation.","A Policy or Institutional Proposal shall distinguish factual background, interpretation, objectives, options, mandate, implementation implications and unresolved questions. It shall not create technical conformance obligations through an unapproved policy recommendation.",a3b850866098358b6f3d839bb39d65f8bcd0a4e94a936101ea32c3bb504f72fc,a3b850866098358b6f3d839bb39d65f8bcd0a4e94a936101ea32c3bb504f72fc
GSP-Directives-2,D2-006,unchanged,"The scope shall identify the subject of conformance, intended use, relevant environment and exclusions. A claim of conformance shall be assessable within that stated boundary.","The scope shall identify the subject of conformance, intended use, relevant environment and exclusions. A claim of conformance shall be assessable within that stated boundary.",f60b3f22231446d6a463fa9e2cd48ad4caf1d0b9152ec9d548b45511e37fd974,f60b3f22231446d6a463fa9e2cd48ad4caf1d0b9152ec9d548b45511e37fd974
GSP-Directives-2,D2-007,unchanged,"Normative and informative material shall be distinguishable at clause, annex or artifact level. Notes, examples and informative annexes shall not introduce additional requirements.","Normative and informative material shall be distinguishable at clause, annex or artifact level. Notes, examples and informative annexes shall not introduce additional requirements.",4e1a4fb4939ce80e5d49f5c9aaa05685f8d28c28b18d3a061afb61d12d0676c8,4e1a4fb4939ce80e5d49f5c9aaa05685f8d28c28b18d3a061afb61d12d0676c8
GSP-Directives-2,D2-008,unchanged,"Every table, figure, annex and associated artifact shall have a stated role and, where interpretation depends on it, a stated authority status. A normative requirement represented in a diagram shall also have an identifiable textual formulation.","Every table, figure, annex and associated artifact shall have a stated role and, where interpretation depends on it, a stated authority status. A normative requirement represented in a diagram shall also have an identifiable textual formulation.",09eb7354ebbeeca6f1f592d13d983da241859d22df244b5723c0177714c8c357,09eb7354ebbeeca6f1f592d13d983da241859d22df244b5723c0177714c8c357
GSP-Directives-2,D2-009,unchanged,"A requirement shall identify the responsible actor or object, the applicable condition, the required behavior or property, and an outcome or evidence by which fulfillment can be assessed.","A requirement shall identify the responsible actor or object, the applicable condition, the required behavior or property, and an outcome or evidence by which fulfillment can be assessed.",cfbe267f83bafbd51fd2ead8a6ec10a7d1a2611512e8886ecc4ceff18bdb4e21,cfbe267f83bafbd51fd2ead8a6ec10a7d1a2611512e8886ecc4ceff18bdb4e21
GSP-Directives-2,D2-010,unchanged,A requirement shall use a stable identifier independent of its displayed section number. An identifier shall not be reassigned to a different obligation after circulation; a withdrawn identifier shall remain traceable.,A requirement shall use a stable identifier independent of its displayed section number. An identifier shall not be reassigned to a different obligation after circulation; a withdrawn identifier shall remain traceable.,30f8e678e618d85f7f26f8ff259212abbb816ca1f6ad7fa022ce154bc89ab95e,30f8e678e618d85f7f26f8ff259212abbb816ca1f6ad7fa022ce154bc89ab95e
GSP-Directives-2,D2-011,unchanged,A requirement shall not combine independent obligations whose applicability or assessment differs so materially that one result would conceal another. Related obligations can be grouped when their joint assessment is explicit.,A requirement shall not combine independent obligations whose applicability or assessment differs so materially that one result would conceal another. Related obligations can be grouped when their joint assessment is explicit.,66f6d0973afd5c323a0d860dff822d7157e5fbb7193c672c36d6b8413a9dee79,66f6d0973afd5c323a0d860dff822d7157e5fbb7193c672c36d6b8413a9dee79
GSP-Directives-2,D2-012,unchanged,"Terms such as adequate, appropriate, trustworthy or significant shall have a scoped criterion, declared decision responsibility or assessment procedure when they determine conformance. A broad aspiration alone shall not be presented as a testable requirement.","Terms such as adequate, appropriate, trustworthy or significant shall have a scoped criterion, declared decision responsibility or assessment procedure when they determine conformance. A broad aspiration alone shall not be presented as a testable requirement.",d5e7f8530749c5738ec894a44aa09c20865409fd65d264ed7f60adedd24f76ca,d5e7f8530749c5738ec894a44aa09c20865409fd65d264ed7f60adedd24f76ca
GSP-Directives-2,D2-013,unchanged,"A permission shall not override a requirement implicitly. Exceptions shall identify the affected obligation, conditions, authority, required record and any limitation on the resulting conformance claim.","A permission shall not override a requirement implicitly. Exceptions shall identify the affected obligation, conditions, authority, required record and any limitation on the resulting conformance claim.",d9f22a72430426090622752eeb781c9fa4eb1ee802b23bf97369c3fe512ea8cc,d9f22a72430426090622752eeb781c9fa4eb1ee802b23bf97369c3fe512ea8cc
GSP-Directives-2,D2-014,unchanged,"The editor shall distinguish mandatory conditions, recommendations, permissions and capability statements consistently. A recommendation's non-fulfillment shall not be reported as failure of a requirement.","The editor shall distinguish mandatory conditions, recommendations, permissions and capability statements consistently. A recommendation's non-fulfillment shall not be reported as failure of a requirement.",c0c76843d0c419f927818adc530570712b9e8edc37337cca46cc8c57370f811b,c0c76843d0c419f927818adc530570712b9e8edc37337cca46cc8c57370f811b
GSP-Directives-2,D2-015,unchanged,A conditional requirement shall state its trigger and how applicability is determined. A result of not applicable shall include its reason; it shall not substitute for unavailable evidence or an unperformed assessment.,A conditional requirement shall state its trigger and how applicability is determined. A result of not applicable shall include its reason; it shall not substitute for unavailable evidence or an unperformed assessment.,743a212648104a99882a4e2be34d237ff138385d03d7949a4757dca2fac29d50,743a212648104a99882a4e2be34d237ff138385d03d7949a4757dca2fac29d50
GSP-Directives-2,D2-016,unchanged,"When complete information is not realistically available, a recording requirement shall specify whether a justified unknown, limitation or restricted disclosure satisfies the obligation. It shall not require invented content to complete a mandatory field.","When complete information is not realistically available, a recording requirement shall specify whether a justified unknown, limitation or restricted disclosure satisfies the obligation. It shall not require invented content to complete a mandatory field.",90b51543eebb0451ce850b3b6d193784e9534a7b6190232b7af54206d8244df1,90b51543eebb0451ce850b3b6d193784e9534a7b6190232b7af54206d8244df1
GSP-Directives-2,D2-017,unchanged,"An operational definition shall state its scope and shall not imply that it exhausts a broader philosophical concept. A definition imported or adapted from a source shall identify that source, edition and the nature of the adaptation.","An operational definition shall state its scope and shall not imply that it exhausts a broader philosophical concept. A definition imported or adapted from a source shall identify that source, edition and the nature of the adaptation.",212285c5ec4e5a5dcafd10d018e3c23c76de8b00e4c38e9de3b22c5295e5ebdd,212285c5ec4e5a5dcafd10d018e3c23c76de8b00e4c38e9de3b22c5295e5ebdd
GSP-Directives-2,D2-018,unchanged,"For a substantive GR definition, the editor shall record the relevant foundation passage, alternatives, unresolved differences and the rationale for operational use. A material narrowing or departure shall have an Architecture Decision Record before the definition is stabilized for adoption.","For a substantive GR definition, the editor shall record the relevant foundation passage, alternatives, unresolved differences and the rationale for operational use. A material narrowing or departure shall have an Architecture Decision Record before the definition is stabilized for adoption.",d43647e2dc8a65ae2484051972cbcbbd2c7bf92f0afb53a22b583e6f1ce63ccb,d43647e2dc8a65ae2484051972cbcbbd2c7bf92f0afb53a22b583e6f1ce63ccb
GSP-Directives-2,D2-019,unchanged,"An operational definition of Entity, State, Event, Process, Relation or Property shall address admissibility, identity, temporal behavior, allowed relations, required and optional information, examples, counterexamples and unresolved edge cases. A declaration that an item remains provisional shall identify the missing decisions.","An operational definition of Entity, State, Event, Process, Relation or Property shall address admissibility, identity, temporal behavior, allowed relations, required and optional information, examples, counterexamples and unresolved edge cases. A declaration that an item remains provisional shall identify the missing decisions.",96f91f8fd0323c91d3a8747390c8a81e39bd4c9751a376adb3fb4d59fd5c930d,96f91f8fd0323c91d3a8747390c8a81e39bd4c9751a376adb3fb4d59fd5c930d
GSP-Directives-2,D2-020,unchanged,"The editor shall not equate a formal state with an archival State, a mechanism with a Process, or formal change with an Event without an explicit argument and scoped decision. The six record roles shall not be presented as exhaustive constituents of reality.","The editor shall not equate a formal state with an archival State, a mechanism with a Process, or formal change with an Event without an explicit argument and scoped decision. The six record roles shall not be presented as exhaustive constituents of reality.",657fd90df9808d30bd49b28baaf76a336b485997fdcde24be629ff0ecc5be80f,657fd90df9808d30bd49b28baaf76a336b485997fdcde24be629ff0ecc5be80f
GSP-Directives-2,D2-021,unchanged,"A draft shall distinguish occurrence claims, observations, evidence assessments, interpretations, normative evaluations, legal assertions and institutional determinations wherever conflation would strengthen a claim beyond its grounds or authority.","A draft shall distinguish occurrence claims, observations, evidence assessments, interpretations, normative evaluations, legal assertions and institutional determinations wherever conflation would strengthen a claim beyond its grounds or authority.",c248a6149c8396d671abe1501163d328075c2746560e83a8be2b1df8ab2f0c15,c248a6149c8396d671abe1501163d328075c2746560e83a8be2b1df8ab2f0c15
GSP-Directives-2,D2-022,unchanged,"An external reference used to support a normative or scholarly claim shall be verified against an identified primary source. Inaccessible text, uncertain edition, incomplete review and unverified compatibility shall be identified rather than reconstructed as fact.","An external reference used to support a normative or scholarly claim shall be verified against an identified primary source. Inaccessible text, uncertain edition, incomplete review and unverified compatibility shall be identified rather than reconstructed as fact.",54ef1c3a25f3a46fd409276733c199c8496027d51227b9f3888f334b0690a53e,54ef1c3a25f3a46fd409276733c199c8496027d51227b9f3888f334b0690a53e
GSP-Directives-2,D2-023,unchanged,"A normative reference shall identify the exact document and edition required to apply a requirement, the part relied on and a means of obtaining it. Informative motivation shall be listed separately from normative dependencies.","A normative reference shall identify the exact document and edition required to apply a requirement, the part relied on and a means of obtaining it. Informative motivation shall be listed separately from normative dependencies.",80919bc8f08e44f5ed06db9f4896f94d32ba648a1ebfb0b8d096f70cdcf55a6e,80919bc8f08e44f5ed06db9f4896f94d32ba648a1ebfb0b8d096f70cdcf55a6e
GSP-Directives-2,D2-024,unchanged,A draft depending on another draft shall identify the dependency's version and status and the consequences of a change. It shall not imply the dependency has already been adopted.,A draft depending on another draft shall identify the dependency's version and status and the consequences of a change. It shall not imply the dependency has already been adopted.,66c4125f404d684abe01b4753b5f8d5acc58dbb7e25fa96240d0cedff26c2476,66c4125f404d684abe01b4753b5f8d5acc58dbb7e25fa96240d0cedff26c2476
GSP-Directives-2,D2-025,unchanged,"Before approval for publication, the editor shall produce a dependency review identifying incompatible versions, unavailable dependencies, circular requirements and licensing or access constraints material to implementation.","Before approval for publication, the editor shall produce a dependency review identifying incompatible versions, unavailable dependencies, circular requirements and licensing or access constraints material to implementation.",56f518709431d5ab6eabd5794f6a721e9a8db8512dd3a80c2a3787e6538072a3,56f518709431d5ab6eabd5794f6a721e9a8db8512dd3a80c2a3787e6538072a3
GSP-Directives-2,D2-026,unchanged,"A claim of equivalence, compatibility or interoperability with another model shall identify its direction, scope, tested cases, unsupported distinctions and known loss. Matching terminology alone shall not justify that claim.","A claim of equivalence, compatibility or interoperability with another model shall identify its direction, scope, tested cases, unsupported distinctions and known loss. Matching terminology alone shall not justify that claim.",72d4688e4007cfc5694a51900ceefb0943a25cfb12c0aa9d96fa8f75910a33dc,72d4688e4007cfc5694a51900ceefb0943a25cfb12c0aa9d96fa8f75910a33dc
GSP-Directives-2,D2-027,unchanged,"The conformance clause shall distinguish the assessed subject, publication edition, profile, applicable requirements, assessment method, assessor and result. It shall distinguish a record, producer, protocol participant, presentation, archive and organizational procedure when their obligations differ.","The conformance clause shall distinguish the assessed subject, publication edition, profile, applicable requirements, assessment method, assessor and result. It shall distinguish a record, producer, protocol participant, presentation, archive and organizational procedure when their obligations differ.",544139d32230fb072480e7516bf2e3825e243dcde6e83a71c0f7b32a4aa6fc5a,544139d32230fb072480e7516bf2e3825e243dcde6e83a71c0f7b32a4aa6fc5a
GSP-Directives-2,D2-028,unchanged,"Each requirement shall have at least one stated assessment method and evidence expectation. Structural checks, protocol tests, human interpretation and procedural review shall have separately identifiable results.","Each requirement shall have at least one stated assessment method and evidence expectation. Structural checks, protocol tests, human interpretation and procedural review shall have separately identifiable results.",481c1a0a245c670e16e584e2d4da2c2f24b211826ec2132744fbf042dc2f5fa2,481c1a0a245c670e16e584e2d4da2c2f24b211826ec2132744fbf042dc2f5fa2
GSP-Directives-2,D2-029,unchanged,"A conformance report shall distinguish fulfilled, not fulfilled, not assessed and not applicable results. A missing assessment shall not be counted as fulfillment.","A conformance report shall distinguish fulfilled, not fulfilled, not assessed and not applicable results. A missing assessment shall not be counted as fulfillment.",fc25dd439f08163fe751febe7440ad9ccbb9915fa8004ca7df7bd45f01693402,fc25dd439f08163fe751febe7440ad9ccbb9915fa8004ca7df7bd45f01693402
GSP-Directives-2,D2-030,unchanged,"A profile shall state its parent requirements, additions, permitted restrictions, exclusions and intended users. It shall not silently weaken a parent requirement while claiming unqualified parent conformance.","A profile shall state its parent requirements, additions, permitted restrictions, exclusions and intended users. It shall not silently weaken a parent requirement while claiming unqualified parent conformance.",f30342b62e7afad47c38a0816c4229cab5bd19519b9a83eb0caa69790921b7a2,f30342b62e7afad47c38a0816c4229cab5bd19519b9a83eb0caa69790921b7a2
GSP-Directives-2,D2-031,unchanged,"A draft shall state the limits of its conformance claims, including the distinction between record structure and factual truth, between source authentication and evidential warrant, and between technical conformance and legal or ethical judgment.","A draft shall state the limits of its conformance claims, including the distinction between record structure and factual truth, between source authentication and evidential warrant, and between technical conformance and legal or ethical judgment.",768a4e2d2416a7e599c0988f6ea0ac059d9f1fdd632d81d04e563614bea66b7c,768a4e2d2416a7e599c0988f6ea0ac059d9f1fdd632d81d04e563614bea66b7c
GSP-Directives-2,D2-032,unchanged,An automated check shall identify the constraints it actually assesses. A passing automated result shall not be presented as evidence of a human or institutional action that the check did not observe.,An automated check shall identify the constraints it actually assesses. A passing automated result shall not be presented as evidence of a human or institutional action that the check did not observe.,9f8c9ba620e5f2d5097401d944797378c47ef97a9fe9404f210bc05965fada39,9f8c9ba620e5f2d5097401d944797378c47ef97a9fe9404f210bc05965fada39
GSP-Directives-2,D2-033,unchanged,"A protocol Specification shall define its participants, inputs, preconditions, state transitions, observable outputs, effects, refusal and failure cases, recovery behavior, version assumptions and authorization boundaries.","A protocol Specification shall define its participants, inputs, preconditions, state transitions, observable outputs, effects, refusal and failure cases, recovery behavior, version assumptions and authorization boundaries.",b1bf47dae1dae2f69bfcf94bf265fe682f785ec089f786b2e3dca17ecca17ced,b1bf47dae1dae2f69bfcf94bf265fe682f785ec089f786b2e3dca17ecca17ced
GSP-Directives-2,D2-034,unchanged,"An artifact package shall identify the relationship between its prose requirements and its schemas, examples, vocabularies, test fixtures and executable components. Conflicts shall have a documented resolution rule that does not silently amend an approved requirement.","An artifact package shall identify the relationship between its prose requirements and its schemas, examples, vocabularies, test fixtures and executable components. Conflicts shall have a documented resolution rule that does not silently amend an approved requirement.",1c24bb6ae54bebfb2b4f0b35eba2437690cac07e4d1bee6d13276bc49b6a491a,1c24bb6ae54bebfb2b4f0b35eba2437690cac07e4d1bee6d13276bc49b6a491a
GSP-Directives-2,D2-035,unchanged,Examples intended to be valid shall identify the supported profile and expected result. Negative examples shall identify the intended defect. Synthetic evidence shall be labelled as synthetic.,Examples intended to be valid shall identify the supported profile and expected result. Negative examples shall identify the intended defect. Synthetic evidence shall be labelled as synthetic.,1c099624cba0477b9c586009c32cf1d6a24377e7ffac290e43423bfe8f6018d3,1c099624cba0477b9c586009c32cf1d6a24377e7ffac290e43423bfe8f6018d3
GSP-Directives-2,D2-036,unchanged,"A schema, API or encoding choice shall be traceable to a stated requirement or interoperability need. Implementation convenience alone shall not be described as a philosophical necessity or universal institutional rule.","A schema, API or encoding choice shall be traceable to a stated requirement or interoperability need. Implementation convenience alone shall not be described as a philosophical necessity or universal institutional rule.",7a17ad2ab100b1c3114eeebfd1a44026efb2c4cba9e3a5512ab65fc2dfee2f5f,7a17ad2ab100b1c3114eeebfd1a44026efb2c4cba9e3a5512ab65fc2dfee2f5f
GSP-Directives-2,D2-037,unchanged,"Executable validation or rendering shall not silently retrieve unpinned remote resources, disclose protected input or substitute a current external vocabulary for the edition declared in the package. Any required external processing shall be explicit.","Executable validation or rendering shall not silently retrieve unpinned remote resources, disclose protected input or substitute a current external vocabulary for the edition declared in the package. Any required external processing shall be explicit.",88808b24c1289d8d77b1aa12f17bad60c8875381008598e55c2a203104aeaafe,88808b24c1289d8d77b1aa12f17bad60c8875381008598e55c2a203104aeaafe
GSP-Directives-2,D2-038,unchanged,"A publication shall use headings, table labels, link text and readable typography that expose its structure. Essential meaning shall not depend solely on color, visual position or a diagram.","A publication shall use headings, table labels, link text and readable typography that expose its structure. Essential meaning shall not depend solely on color, visual position or a diagram.",bc2e521e1863342512c093bc0d1c1438f8edc4d863c4a87f803fe6ff4ff94f93,bc2e521e1863342512c093bc0d1c1438f8edc4d863c4a87f803fe6ff4ff94f93
GSP-Directives-2,D2-039,unchanged,An editor shall provide a usable source or alternative reading representation and identify known accessibility limitations of the rendered document. Successful PDF compilation alone shall not establish accessibility conformance.,An editor shall provide a usable source or alternative reading representation and identify known accessibility limitations of the rendered document. Successful PDF compilation alone shall not establish accessibility conformance.,991c4fd20e7a7d1ed761b6b2f489083bfd758158f5db66b85fe56e7c30231d3b,991c4fd20e7a7d1ed761b6b2f489083bfd758158f5db66b85fe56e7c30231d3b
GSP-Directives-2,D2-040,unchanged,"A legal or institutional assertion used in a requirement shall identify the context, asserted source of authority and scope. A proposed model rule or policy option shall be labelled as such rather than described as generally applicable law.","A legal or institutional assertion used in a requirement shall identify the context, asserted source of authority and scope. A proposed model rule or policy option shall be labelled as such rather than described as generally applicable law.",8702bb62dbd5e630c32a8e0ece0b41bd4054b2e26e9e43a29e28668db3769f92,8702bb62dbd5e630c32a8e0ece0b41bd4054b2e26e9e43a29e28668db3769f92
GSP-Directives-2,D2-041,unchanged,"The editor shall record cross-domain review findings relevant to scope, including epistemic, ethical, legal, institutional, political-economy, archival, security and accessibility questions. Unavailable competence or unresolved material objections shall remain visible in progression records.","The editor shall record cross-domain review findings relevant to scope, including epistemic, ethical, legal, institutional, political-economy, archival, security and accessibility questions. Unavailable competence or unresolved material objections shall remain visible in progression records.",186b74e4cab7813248fc9673198ed771296bad26ea8b3e0afa01e14bade4b9bf,186b74e4cab7813248fc9673198ed771296bad26ea8b3e0afa01e14bade4b9bf
GSP-Directives-2,D2-042,unchanged,"Each circulated edition shall identify its canonical source and rendered artifacts. Changes to proposed requirements shall be traceable through the change record, with superseded reasoning retained subject to justified access and retention rules.","Each circulated edition shall identify its canonical source and rendered artifacts. Changes to proposed requirements shall be traceable through the change record, with superseded reasoning retained subject to justified access and retention rules.",d93db968cad803ebea0059be735b73e41ebf5c857e0a24810335c9bd0e85d9dd,d93db968cad803ebea0059be735b73e41ebf5c857e0a24810335c9bd0e85d9dd
GSP-Directives-2,D2-043,unchanged,"A release candidate shall be built from the declared source revision, with build instructions, required tooling and an artifact manifest sufficient to reproduce and compare its substantive content.","A release candidate shall be built from the declared source revision, with build instructions, required tooling and an artifact manifest sufficient to reproduce and compare its substantive content.",6ddc87cfabc1e7a2400199277c8b0ccec58dc3937aeab3b45b965546b13c2f12,6ddc87cfabc1e7a2400199277c8b0ccec58dc3937aeab3b45b965546b13c2f12
GSP-Directives-2,D2-044,unchanged,"The release check shall detect broken internal references, duplicate requirement identifiers, missing glyphs, visibly clipped material, mismatched status labels and disagreement between declared source and generated artifact. Unresolved defects shall be reported with their effect on use.","The release check shall detect broken internal references, duplicate requirement identifiers, missing glyphs, visibly clipped material, mismatched status labels and disagreement between declared source and generated artifact. Unresolved defects shall be reported with their effect on use.",f918d719d527b0a792a7e893b10c42a301c91d022547ededca179662164742c9,f918d719d527b0a792a7e893b10c42a301c91d022547ededca179662164742c9
GSP-Directives-2,D2-045,unchanged,"An editorial correction shall not silently change the substance of a requirement. A substantive change to an adopted normative edition shall use the amendment or revision procedure in Directives Part 1, including affected-artifact and compatibility review. A draft change shall follow the change-control and re-review rules applicable to its current stage. Changes to a released Specification shall follow its declared maintenance procedure and promotion shall require a separate decision.","An editorial correction shall not silently change the substance of a requirement. A substantive change to an adopted normative edition shall use the amendment or revision procedure in Directives Part 1, including affected-artifact and compatibility review. A draft change shall follow the change-control and re-review rules applicable to its current stage. Changes to a released Specification shall follow its declared maintenance procedure and promotion shall require a separate decision.",0329493f30ac77587bc5c14a2a26b4777d480d95fe804b979e21dd2d7f7ce7e9,0329493f30ac77587bc5c14a2a26b4777d480d95fe804b979e21dd2d7f7ce7e9
GSP-Directives-2,D2-046,unchanged,A revision shall identify the preceding edition and summarize substantive changes. The publication package shall preserve a retrievable change relationship and the status of the earlier edition. A new rendering of unchanged text shall not be represented as a new normative decision.,A revision shall identify the preceding edition and summarize substantive changes. The publication package shall preserve a retrievable change relationship and the status of the earlier edition. A new rendering of unchanged text shall not be represented as a new normative decision.,8276939a994d0604b45f5ac05b38bec6d8d173272ef1d035fdd4e153a224a651,8276939a994d0604b45f5ac05b38bec6d8d173272ef1d035fdd4e153a224a651
GSP-Directives-2,D2-047,unchanged,"A document containing material of more than one publication class shall identify the principal class and separate the subsidiary material by a stated structural boundary. The editor shall state whether each part defines requirements, supplies guidance or proposes an institutional option.","A document containing material of more than one publication class shall identify the principal class and separate the subsidiary material by a stated structural boundary. The editor shall state whether each part defines requirements, supplies guidance or proposes an institutional option.",244746a44b04fcce5b618d2ef31a8ab4abb05d4b93afd9404e5c1f0d03115fb0,244746a44b04fcce5b618d2ef31a8ab4abb05d4b93afd9404e5c1f0d03115fb0
GSP-Directives-2,D2-048,unchanged,"A technical or governance draft prepared under this document shall contain a title and status statement, a foreword, a scope clause, a normative-reference clause, a terms-and-definitions clause, substantive provisions and an assessment or application clause. It shall identify the role of every annex and associated artifact. An informative bibliography shall be provided when informative external sources are cited.","A technical or governance draft prepared under this document shall contain a title and status statement, a foreword, a scope clause, a normative-reference clause, a terms-and-definitions clause, substantive provisions and an assessment or application clause. It shall identify the role of every annex and associated artifact. An informative bibliography shall be provided when informative external sources are cited.",c17e8db6d54cd22af77eb9a5b8043f17a0178ad0955f224863b6b461be8de781,c17e8db6d54cd22af77eb9a5b8043f17a0178ad0955f224863b6b461be8de781
GSP-Directives-2,D2-049,unchanged,"The foreword shall record publication history, responsible preparation and material edition changes without introducing technical requirements. The introduction, when present, shall explain the problem, approach and intended use without creating additional conformance obligations.","The foreword shall record publication history, responsible preparation and material edition changes without introducing technical requirements. The introduction, when present, shall explain the problem, approach and intended use without creating additional conformance obligations.",225f6964edbc22a6a166324e3c6cfa13bb12a492bd380ba5fea2fb87d4122c3b,225f6964edbc22a6a166324e3c6cfa13bb12a492bd380ba5fea2fb87d4122c3b
GSP-Directives-2,D2-050,unchanged,The scope shall identify both inclusions and material exclusions. It shall not contain requirements that can be located only in the scope or imply applicability to environments for which the document supplies no assessment basis.,The scope shall identify both inclusions and material exclusions. It shall not contain requirements that can be located only in the scope or imply applicability to environments for which the document supplies no assessment basis.,a1b07751f1a04cd7166e279c741937d695d70674423ff0c46ec35e74fb830909,a1b07751f1a04cd7166e279c741937d695d70674423ff0c46ec35e74fb830909
GSP-Directives-2,D2-051,unchanged,"The editor shall assign decimal clause and subclause numbers, use descriptive titles and place substantive text at an identifiable leaf of the hierarchy. If a clause has subclauses, introductory provisions belonging to that clause shall be placed in a General subclause or another identified subclause.","The editor shall assign decimal clause and subclause numbers, use descriptive titles and place substantive text at an identifiable leaf of the hierarchy. If a clause has subclauses, introductory provisions belonging to that clause shall be placed in a General subclause or another identified subclause.",2067d5a706ba4657dbc7df62e32870f7c76db89f978c9e26c3ea93b5b7747797,2067d5a706ba4657dbc7df62e32870f7c76db89f978c9e26c3ea93b5b7747797
GSP-Directives-2,D2-052,unchanged,"A cross-reference shall identify a stable requirement, clause, table, figure or annex as appropriate. References such as above, below, elsewhere or the latest text shall not be the sole locator of content necessary for interpretation or assessment.","A cross-reference shall identify a stable requirement, clause, table, figure or annex as appropriate. References such as above, below, elsewhere or the latest text shall not be the sole locator of content necessary for interpretation or assessment.",614e3b5011c2ce9e3eb27bc26ed294971d4c7e5083f6b23f2350228cf41c4c6a,614e3b5011c2ce9e3eb27bc26ed294971d4c7e5083f6b23f2350228cf41c4c6a
GSP-Directives-2,D2-053,unchanged,Each requirement shall be linked to at least one discriminating assessment question. The question shall distinguish an acceptable outcome from a materially different outcome that would not fulfill the requirement.,Each requirement shall be linked to at least one discriminating assessment question. The question shall distinguish an acceptable outcome from a materially different outcome that would not fulfill the requirement.,9267be51492159587c65f8a389f5765eac2cb9b62826df28a22a7047b07eb9a7,9267be51492159587c65f8a389f5765eac2cb9b62826df28a22a7047b07eb9a7
GSP-Directives-2,D2-054,unchanged,"Where one identifier groups related obligations, the assessment schedule shall identify the components and record a result for each materially distinct component. Fulfillment of one component shall not conceal an unassessed or failed component.","Where one identifier groups related obligations, the assessment schedule shall identify the components and record a result for each materially distinct component. Fulfillment of one component shall not conceal an unassessed or failed component.",baf9077579dd576fdfc2698c9a641a2f7ee5c38f130ac437a77d9609980fe95b,baf9077579dd576fdfc2698c9a641a2f7ee5c38f130ac437a77d9609980fe95b
GSP-Directives-2,D2-055,unchanged,"The editor shall use shall and shall not for requirements and prohibitions, should and should not for recommendations, may for permission, and can for possibility or capability. Must shall not be used as an alternative requirement verb in programme-authored provisions.","The editor shall use shall and shall not for requirements and prohibitions, should and should not for recommendations, may for permission, and can for possibility or capability. Must shall not be used as an alternative requirement verb in programme-authored provisions.",8740ac0f8a1b99e074f2807ce6224314b6737f53718b154502a0bf73cdce7040,8740ac0f8a1b99e074f2807ce6224314b6737f53718b154502a0bf73cdce7040
GSP-Directives-2,D2-056,unchanged,"A statement of external necessity, including a stated legal constraint, shall identify its source and context. The editor shall distinguish that external constraint from an obligation created by the publication.","A statement of external necessity, including a stated legal constraint, shall identify its source and context. The editor shall distinguish that external constraint from an obligation created by the publication.",6a56f1e5aee57a57ebb57213ea8023e69372ae84b47adb2946450fdab46009e2,6a56f1e5aee57a57ebb57213ea8023e69372ae84b47adb2946450fdab46009e2
GSP-Directives-2,D2-057,unchanged,"A provision permitting an unknown value, unavailable source or restricted disclosure shall state the required declaration, responsible role and assessment consequence. The editor shall distinguish fulfillment of that declaration requirement from resolution of the underlying factual question.","A provision permitting an unknown value, unavailable source or restricted disclosure shall state the required declaration, responsible role and assessment consequence. The editor shall distinguish fulfillment of that declaration requirement from resolution of the underlying factual question.",0b811558addee93983f86fde50c7cf66111af8fe7a1349835727a4b8a05588e3,0b811558addee93983f86fde50c7cf66111af8fe7a1349835727a4b8a05588e3
GSP-Directives-2,D2-058,unchanged,"An exception shall state its eligibility condition, decision authority, permitted departure, duration or review trigger, required evidence and effect on the resulting claim of fulfillment. An exception shall not be implied solely by a resource limitation.","An exception shall state its eligibility condition, decision authority, permitted departure, duration or review trigger, required evidence and effect on the resulting claim of fulfillment. An exception shall not be implied solely by a resource limitation.",ecf2480999cd2436715fb9cdc91de3e909d227cd9af8ed8fc188e034c385f884,ecf2480999cd2436715fb9cdc91de3e909d227cd9af8ed8fc188e034c385f884
GSP-Directives-2,D2-059,unchanged,"For each substantive topic in scope, the editor shall identify normal operation, material boundary cases, failure conditions and applicable interfaces. A topic shall not be treated as specified solely because it appears in a list of objectives.","For each substantive topic in scope, the editor shall identify normal operation, material boundary cases, failure conditions and applicable interfaces. A topic shall not be treated as specified solely because it appears in a list of objectives.",f7e27914e0b5d5821b44b1c1780fc130cd32977c86718a36e1a7a10b5cb07001,f7e27914e0b5d5821b44b1c1780fc130cd32977c86718a36e1a7a10b5cb07001
GSP-Directives-2,D2-060,unchanged,"Where requirements can impose material recording, review or participation burdens, the document shall identify the intended operating scale and the evidence needed to assess that burden. A reduced profile shall state its limitations and shall not silently claim the coverage of the parent document.","Where requirements can impose material recording, review or participation burdens, the document shall identify the intended operating scale and the evidence needed to assess that burden. A reduced profile shall state its limitations and shall not silently claim the coverage of the parent document.",11fad5d4724665d71d254ce291041755e91f48085badb8290620dff433d54ea8,11fad5d4724665d71d254ce291041755e91f48085badb8290620dff433d54ea8
GSP-Directives-2,D2-061,unchanged,"A definition entry shall identify the preferred term, a unique term locator, the relevant domain where needed, and a definition that distinguishes the concept from adjacent concepts. Notes and examples shall remain separate from the definition.","A definition entry shall identify the preferred term, a unique term locator, the relevant domain where needed, and a definition that distinguishes the concept from adjacent concepts. Notes and examples shall remain separate from the definition.",419db7c7d75f073ace3b7543ef91c8a160629ae626f09dc8643928a7c83c7dde,419db7c7d75f073ace3b7543ef91c8a160629ae626f09dc8643928a7c83c7dde
GSP-Directives-2,D2-062,unchanged,"The editor shall use a defined term consistently within its declared scope. A synonym, abbreviated term, deprecated term or narrower profile-specific use shall be identified explicitly rather than introduced as an unexplained substitution.","The editor shall use a defined term consistently within its declared scope. A synonym, abbreviated term, deprecated term or narrower profile-specific use shall be identified explicitly rather than introduced as an unexplained substitution.",a7cfe4f9e10fc11196c4af5de1d193007c9b1e4ae4320c9ece86bb8a2ff3d0cb,a7cfe4f9e10fc11196c4af5de1d193007c9b1e4ae4320c9ece86bb8a2ff3d0cb
GSP-Directives-2,D2-063,unchanged,"A source trace for a GR-specific operational definition shall identify the manuscript version, passage locator, interpreted distinction, operational narrowing, material alternative and affected provision. A source discrepancy shall remain visible until its disposition is recorded.","A source trace for a GR-specific operational definition shall identify the manuscript version, passage locator, interpreted distinction, operational narrowing, material alternative and affected provision. A source discrepancy shall remain visible until its disposition is recorded.",f598eddeceef7a4e6efbee0b2248c867576fd540aa63d7e95ded878685ba6753,f598eddeceef7a4e6efbee0b2248c867576fd540aa63d7e95ded878685ba6753
GSP-Directives-2,D2-064,unchanged,"A translation or cross-vocabulary mapping used to determine conformance shall identify the source and target editions, responsible reviewer, correspondence asserted and known non-equivalences. An untranslated or unmapped distinction shall not be represented as preserved without supporting evidence.","A translation or cross-vocabulary mapping used to determine conformance shall identify the source and target editions, responsible reviewer, correspondence asserted and known non-equivalences. An untranslated or unmapped distinction shall not be represented as preserved without supporting evidence.",f98286c3ef6547dfd0a78399d909d719071f44a731f1971c4e8c94969847dafb,f98286c3ef6547dfd0a78399d909d719071f44a731f1971c4e8c94969847dafb
GSP-Directives-2,D2-065,unchanged,"Each normative reference shall be invoked by an identifiable requirement or application rule. The dependency record shall state the incorporated scope, required edition and assessment consequence of an unavailable or incompatible dependency.","Each normative reference shall be invoked by an identifiable requirement or application rule. The dependency record shall state the incorporated scope, required edition and assessment consequence of an unavailable or incompatible dependency.",f6696d1f3b3c431df64321a6d1002cb624323db6bdf9d0c844c200080de9197b,f6696d1f3b3c431df64321a6d1002cb624323db6bdf9d0c844c200080de9197b
GSP-Directives-2,D2-066,unchanged,"A bibliography entry shall provide enough information to distinguish the cited source and locate the relevant edition. Where an external model is used for drafting or comparison, the source record shall distinguish directly inspected material from catalogue metadata, secondary description and unavailable text.","A bibliography entry shall provide enough information to distinguish the cited source and locate the relevant edition. Where an external model is used for drafting or comparison, the source record shall distinguish directly inspected material from catalogue metadata, secondary description and unavailable text.",9678ed123ffd31203403e2611745ddbcc7c7af375d99d2ccd74f334ed306374e,9678ed123ffd31203403e2611745ddbcc7c7af375d99d2ccd74f334ed306374e
GSP-Directives-2,D2-067,unchanged,"A material dependency change shall identify affected requirements, definitions, assessment cases and associated artifacts. The editor shall record whether each affected element remains valid, requires revision or cannot yet be assessed.","A material dependency change shall identify affected requirements, definitions, assessment cases and associated artifacts. The editor shall record whether each affected element remains valid, requires revision or cannot yet be assessed.",99293a1792d4e2d261cc7402cac5ebbcd2f735913b1dbbb7efbc7a9eff4810ec,99293a1792d4e2d261cc7402cac5ebbcd2f735913b1dbbb7efbc7a9eff4810ec
GSP-Directives-2,D2-068,unchanged,A document allowing more than one conformance subject shall specify the requirement set applicable to each subject or state that the available assessment is partial. It shall distinguish examination of a record from observation of the practice or procedure represented by that record.,A document allowing more than one conformance subject shall specify the requirement set applicable to each subject or state that the available assessment is partial. It shall distinguish examination of a record from observation of the practice or procedure represented by that record.,7a9c3510df5ca147e2088cb4154f6995865d576436d5737a93f3ef60640a3dbd,7a9c3510df5ca147e2088cb4154f6995865d576436d5737a93f3ef60640a3dbd
GSP-Directives-2,D2-069,unchanged,"An assessment method shall specify its objective, input conditions, procedure, relevant tools or competence, expected observations, result rule and material limitations. The method shall identify the conditions under which an inconclusive or not-assessed result is required.","An assessment method shall specify its objective, input conditions, procedure, relevant tools or competence, expected observations, result rule and material limitations. The method shall identify the conditions under which an inconclusive or not-assessed result is required.",820cb57a65597960a4d0dc48d580475015a96b597fafd6ec7ee2f7899348569f,820cb57a65597960a4d0dc48d580475015a96b597fafd6ec7ee2f7899348569f
GSP-Directives-2,D2-070,unchanged,An assessment report shall retain failed and unassessed applicable requirements and their effect on the overall result. A summary shall not replace the underlying requirement-level evidence register.,An assessment report shall retain failed and unassessed applicable requirements and their effect on the overall result. A summary shall not replace the underlying requirement-level evidence register.,4370998ff5c3a3c5c8284930436018c2ba794a2cd6a0ec4fb1aad0f20cc9d176,4370998ff5c3a3c5c8284930436018c2ba794a2cd6a0ec4fb1aad0f20cc9d176
GSP-Directives-2,D2-071,unchanged,"For an optional capability, a document shall state the condition under which associated obligations become mandatory. An implementation selecting that capability shall be assessed against the complete selected requirement set.","For an optional capability, a document shall state the condition under which associated obligations become mandatory. An implementation selecting that capability shall be assessed against the complete selected requirement set.",4f2207bf28e2dee45066dcaa818ae2d0e04194fd8e813d6db68b811e23725ae4,4f2207bf28e2dee45066dcaa818ae2d0e04194fd8e813d6db68b811e23725ae4
GSP-Directives-2,D2-072,unchanged,"A data dictionary shall distinguish semantic information requirements from serialization names, storage types and transport behavior. Each mandatory or conditional element shall identify its meaning, applicable subject and permitted absent or unknown states.","A data dictionary shall distinguish semantic information requirements from serialization names, storage types and transport behavior. Each mandatory or conditional element shall identify its meaning, applicable subject and permitted absent or unknown states.",db2ff3c7dad78a83d576f13d64e01629c1f59a3886948547514b7dc7332ef69c,db2ff3c7dad78a83d576f13d64e01629c1f59a3886948547514b7dc7332ef69c
GSP-Directives-2,D2-073,unchanged,"A protocol description shall distinguish sending, transport delivery, receipt, acknowledgment, acceptance for processing and substantive disposition when those states have different consequences. A transport success shall not imply institutional acceptance or completion of a remedy.","A protocol description shall distinguish sending, transport delivery, receipt, acknowledgment, acceptance for processing and substantive disposition when those states have different consequences. A transport success shall not imply institutional acceptance or completion of a remedy.",80cd9fc18d02a401eb57808371ff63284fe819337ca7f0124572e546dbac8f1d,80cd9fc18d02a401eb57808371ff63284fe819337ca7f0124572e546dbac8f1d
GSP-Directives-2,D2-074,unchanged,"Where concurrent updates or repeated messages are in scope, the protocol description shall specify correlation, version preconditions, duplicate handling, conflict disposition and recovery after interruption. If those behaviors are not specified, the interoperability claim shall identify that exclusion.","Where concurrent updates or repeated messages are in scope, the protocol description shall specify correlation, version preconditions, duplicate handling, conflict disposition and recovery after interruption. If those behaviors are not specified, the interoperability claim shall identify that exclusion.",0c2a942f9cc886ab0e08633e2abd455e7b42f90d3db6a7bbcdceb58edc5a60ff,0c2a942f9cc886ab0e08633e2abd455e7b42f90d3db6a7bbcdceb58edc5a60ff
GSP-Directives-2,D2-075,unchanged,"Each associated schema, vocabulary, executable example or test fixture shall identify its owner, version, publication class or role, controlling requirements and status. Its release manifest shall state whether the artifact is normative, informative or experimental.","Each associated schema, vocabulary, executable example or test fixture shall identify its owner, version, publication class or role, controlling requirements and status. Its release manifest shall state whether the artifact is normative, informative or experimental.",37aad8de9ac0fe52348ca6d846352ce0ff52c3e6e8f8de43eddb6e51878fc492,37aad8de9ac0fe52348ca6d846352ce0ff52c3e6e8f8de43eddb6e51878fc492
GSP-Directives-2,D2-076,unchanged,A discrepancy between prose and an associated artifact shall be recorded with affected conformance outcomes. The release package shall identify the controlling interpretation or remain pending resolution; implementers shall not be required to infer priority from file format.,A discrepancy between prose and an associated artifact shall be recorded with affected conformance outcomes. The release package shall identify the controlling interpretation or remain pending resolution; implementers shall not be required to infer priority from file format.,adec30825dc82a48af7e14163d84f47e7477d877447fd6235368d58d346cdb5b,adec30825dc82a48af7e14163d84f47e7477d877447fd6235368d58d346cdb5b
GSP-Directives-2,D2-077,unchanged,"Every substantive table and figure shall have a unique number, descriptive caption and an explicit reference or structural purpose in the surrounding text. Required information shall not be encoded solely by colour, shape or visual position.","Every substantive table and figure shall have a unique number, descriptive caption and an explicit reference or structural purpose in the surrounding text. Required information shall not be encoded solely by colour, shape or visual position.",afac74ac41babaf36b54ed65db142a728fa1325af2e7628372d451372e7037c8,afac74ac41babaf36b54ed65db142a728fa1325af2e7628372d451372e7037c8
GSP-Directives-2,D2-078,unchanged,"A formula used in a requirement or assessment method shall identify its variables, domain, units where applicable, assumptions and interpretation. Undefined quantities and unsupported numerical precision shall remain explicit limitations.","A formula used in a requirement or assessment method shall identify its variables, domain, units where applicable, assumptions and interpretation. Undefined quantities and unsupported numerical precision shall remain explicit limitations.",432e328a7d61eb949bb0afb43347b500f09ee82d3d0066e756f2d5c3cd1e5a3c,432e328a7d61eb949bb0afb43347b500f09ee82d3d0066e756f2d5c3cd1e5a3c
GSP-Directives-2,D2-079,unchanged,"An example shall state whether it is synthetic, adapted or empirical and identify any omitted material that affects its use. Expected behavior in an authored scenario shall remain distinguishable from observed behavior in an executed assessment.","An example shall state whether it is synthetic, adapted or empirical and identify any omitted material that affects its use. Expected behavior in an authored scenario shall remain distinguishable from observed behavior in an executed assessment.",08763a26238e6df19d082ed84be0684fef9b4ee5f9c9a8ae16f37f28d1f195f8,08763a26238e6df19d082ed84be0684fef9b4ee5f9c9a8ae16f37f28d1f195f8
GSP-Directives-2,D2-080,unchanged,"The publication assessment shall identify intended reading modes, known barriers and the evidence used to assess accessibility. Availability of source text, PDF text extraction or a successful build shall not alone establish accessibility conformance.","The publication assessment shall identify intended reading modes, known barriers and the evidence used to assess accessibility. Availability of source text, PDF text extraction or a successful build shall not alone establish accessibility conformance.",f18cd02d178237e6e67dbf2023e37422f24e1cf328a294e03c615f4e261a689f,f18cd02d178237e6e67dbf2023e37422f24e1cf328a294e03c615f4e261a689f
GSP-Directives-2,D2-081,unchanged,"A policy or institutional recommendation shall identify the intended decision maker, asserted mandate, feasible alternatives, implementation conditions, affected interests and evaluation approach. Adoption of a technical requirement shall not be presented as resolving those policy choices automatically.","A policy or institutional recommendation shall identify the intended decision maker, asserted mandate, feasible alternatives, implementation conditions, affected interests and evaluation approach. Adoption of a technical requirement shall not be presented as resolving those policy choices automatically.",a0604bbab8616a90212d839fb53efaf099bb35335a2eef4f68ff8933e33d3740,a0604bbab8616a90212d839fb53efaf099bb35335a2eef4f68ff8933e33d3740
GSP-Directives-2,D2-082,unchanged,"The editor shall distinguish the canonical authoring source, any generated representation and the exact edition submitted for decision. A release manifest shall identify source and artifact integrity references, build instructions, tool versions and the associated review record.","The editor shall distinguish the canonical authoring source, any generated representation and the exact edition submitted for decision. A release manifest shall identify source and artifact integrity references, build instructions, tool versions and the associated review record.",81f8327c957aa1bb2dabbd7cecec0ecd29d0ce20f93bdafeecaaf56ba47aa384,81f8327c957aa1bb2dabbd7cecec0ecd29d0ce20f93bdafeecaaf56ba47aa384
GSP-Directives-2,D2-083,unchanged,A changed requirement shall retain its identifier when its continuity is defensible and identify the nature of the change. A withdrawn requirement shall remain traceable. Reorganization shall provide a correspondence map when clause numbering or placement changes materially.,A changed requirement shall retain its identifier when its continuity is defensible and identify the nature of the change. A withdrawn requirement shall remain traceable. Reorganization shall provide a correspondence map when clause numbering or placement changes materially.,170d52234ba5d2b370f50ea7d782e49fd914d5fe4b5cdcc84a8dc3ff899399c9,170d52234ba5d2b370f50ea7d782e49fd914d5fe4b5cdcc84a8dc3ff899399c9
GSP-Directives-2,D2-084,unchanged,"An archival source snapshot shall record the source set, edition and integrity references. A historical snapshot shall be marked as historical and shall not replace the current edition's status or dependency declarations.","An archival source snapshot shall record the source set, edition and integrity references. A historical snapshot shall be marked as historical and shall not replace the current edition's status or dependency declarations.",608685d6e4dc2d412a167793d4bc64ee544bb4ea14a3196bad4f0bc9972ffcdd,608685d6e4dc2d412a167793d4bc64ee544bb4ea14a3196bad4f0bc9972ffcdd
GSP-Directives-2,D2-085,unchanged,"The assessor shall identify the publication package, assessed edition, applicable structural profile, assessment scope, assessor relationship and required competence before issuing an overall result. Missing expertise and unavailable artifacts shall be reported.","The assessor shall identify the publication package, assessed edition, applicable structural profile, assessment scope, assessor relationship and required competence before issuing an overall result. Missing expertise and unavailable artifacts shall be reported.",e9f139e5ba5d7b0719aa5daa252260ee027cecebc0361e4e054d3ffd57568799,e9f139e5ba5d7b0719aa5daa252260ee027cecebc0361e4e054d3ffd57568799
GSP-Directives-2,D2-086,unchanged,The assessment shall use the record specified in Annex~\ref{ann:assessment} and examine the structural schedule in Annex~\ref{ann:structure}. Each applicable requirement shall receive an individual supported result.,The assessment shall use the record specified in Annex~\ref{ann:assessment} and examine the structural schedule in Annex~\ref{ann:structure}. Each applicable requirement shall receive an individual supported result.,486e51a69d208789d3069683a52c0d118ae87e3dc4dfcedb8d7e9a400ebf6ad4,486e51a69d208789d3069683a52c0d118ae87e3dc4dfcedb8d7e9a400ebf6ad4
GSP-Directives-2,D2-087,unchanged,"A finding shall identify the affected provision or artifact, the observed defect, its effect on interpretation or assessment, the proposed disposition and the responsible action. A correction shall identify the revised edition and the evidence used to close the finding.","A finding shall identify the affected provision or artifact, the observed defect, its effect on interpretation or assessment, the proposed disposition and the responsible action. A correction shall identify the revised edition and the evidence used to close the finding.",88b234a5a15724277e074e0629bd284267ba78deb350ee63a94a6ca4eaa44b62,88b234a5a15724277e074e0629bd284267ba78deb350ee63a94a6ca4eaa44b62
GSP-Directives-2,D2-088,unchanged,"An overall publication result shall distinguish structural checks, technical review, source interpretation, cross-domain assessment and authorization for release. Fulfillment of one category shall not be reported as fulfillment of an unperformed category.","An overall publication result shall distinguish structural checks, technical review, source interpretation, cross-domain assessment and authorization for release. Fulfillment of one category shall not be reported as fulfillment of an unperformed category.",4dc689947f85f3b1760efdc9d87e69f81c9b5a560a67e72ba474e6745740396b,4dc689947f85f3b1760efdc9d87e69f81c9b5a560a67e72ba474e6745740396b
GSP-Directives-2,D2-089,unchanged,"The editor shall apply the structural schedule in Table~\ref{tab:structure} according to the declared publication class. A departure shall identify its rationale, alternative location and effect on assessment. The schedule shall not require an empty clause to simulate completeness.","The editor shall apply the structural schedule in Table~\ref{tab:structure} according to the declared publication class. A departure shall identify its rationale, alternative location and effect on assessment. The schedule shall not require an empty clause to simulate completeness.",14e9262cb95dbf0684701544595a6a7997229fda083844a908edf1e642560cb4,14e9262cb95dbf0684701544595a6a7997229fda083844a908edf1e642560cb4
GSP-Directives-2,D2-090,unchanged,"Before submission for final approval, the package review shall determine whether each in-scope topic has a defined subject, required behavior or outcome, applicability rule and assessment basis. An unresolved topic shall be excluded explicitly, retained as an open issue preventing the affected claim, or returned for development.","Before submission for final approval, the package review shall determine whether each in-scope topic has a defined subject, required behavior or outcome, applicability rule and assessment basis. An unresolved topic shall be excluded explicitly, retained as an open issue preventing the affected claim, or returned for development.",f8238ff691db1d17246ca9acc9593c47f54668284746f428b7f77201181d8ffc,f8238ff691db1d17246ca9acc9593c47f54668284746f428b7f77201181d8ffc
GSP-Directives-2,D2-091,unchanged,The assessment record shall include the information specified in Table~\ref{tab:assessment-record}. Protected evidence shall be referenced through a permitted locator and its examination limits shall remain explicit.,The assessment record shall include the information specified in Table~\ref{tab:assessment-record}. Protected evidence shall be referenced through a permitted locator and its examination limits shall remain explicit.,c96604460b8d7579c6577290a1858106bda57f429b1ec601a797dd387484d7c2,c96604460b8d7579c6577290a1858106bda57f429b1ec601a797dd387484d7c2
GSP-Directives-2,D2-092,unchanged,Fulfilled shall be reported only when the stated assessment method and evidence support the applicable obligation. Not applicable shall identify an absent trigger. Unavailable evidence or an unperformed assessment shall be reported as not assessed unless another specified result rule applies.,Fulfilled shall be reported only when the stated assessment method and evidence support the applicable obligation. Not applicable shall identify an absent trigger. Unavailable evidence or an unperformed assessment shall be reported as not assessed unless another specified result rule applies.,2ea47d9014fdb81fead6c118816a70682e2f9136c30ee3815774ab12230f27e9,2ea47d9014fdb81fead6c118816a70682e2f9136c30ee3815774ab12230f27e9
GSP-Directives-2,D2-093,unchanged,An unqualified claim of fulfillment of the declared publication profile shall not be issued while an applicable requirement is not fulfilled or not assessed. A partial result shall identify the assessed subset and excluded conclusions.,An unqualified claim of fulfillment of the declared publication profile shall not be issued while an applicable requirement is not fulfilled or not assessed. A partial result shall identify the assessed subset and excluded conclusions.,890bec79e8d8ea665cc3a537012a4699cd25c05fc4c434be10e836358aff5553,890bec79e8d8ea665cc3a537012a4699cd25c05fc4c434be10e836358aff5553
GSP-Directives-2,D2-094,unchanged,"For coordinated assessment of this edition, the editor shall apply CH-010 and CH-011 to the publication-class and Standard-status statements required by D2-001 to D2-003; the applicable D1-040 to D1-048 provisions and the identified stage-specific procedure to the publication and change-control subjects invoked by D2-042 to D2-045; and EIP-028 to EIP-031 and EIP-039 to incorporated source material, intended distribution and protected case information where present. The dependency record shall identify the provisions triggered, exact editions, source locators and evidence. An unavailable or incompatible dependency shall leave the affected result not assessed pending resolution.","For coordinated assessment of this edition, the editor shall apply CH-010 and CH-011 to the publication-class and Standard-status statements required by D2-001 to D2-003; the applicable D1-040 to D1-048 provisions and the identified stage-specific procedure to the publication and change-control subjects invoked by D2-042 to D2-045; and EIP-028 to EIP-031 and EIP-039 to incorporated source material, intended distribution and protected case information where present. The dependency record shall identify the provisions triggered, exact editions, source locators and evidence. An unavailable or incompatible dependency shall leave the affected result not assessed pending resolution.",497dcbd9576e19b3598ce3a97720f69ea9e174604bd1bbdf4469ccb761f0bea4,497dcbd9576e19b3598ce3a97720f69ea9e174604bd1bbdf4469ccb761f0bea4
GSP-Directives-2,D2-095,unchanged,"An assessment of this document or a publication prepared under it shall apply the topical checks in Table~\ref{tab:d2-self-assessment} to every applicable D2 requirement, using the record in Annex~\ref{ann:assessment}. Each requirement and each materially distinct grouped component shall receive its own result and evidence. A grouped table row shall not authorize one undifferentiated result for its identifiers.","An assessment of this document or a publication prepared under it shall apply the topical checks in Table~\ref{tab:d2-self-assessment} to every applicable D2 requirement, using the record in Annex~\ref{ann:assessment}. Each requirement and each materially distinct grouped component shall receive its own result and evidence. A grouped table row shall not authorize one undifferentiated result for its identifiers.",e1d46d015f70a2e092e86c2c2db2746d3ec32f6ef9190e101365c0761d57aaad,e1d46d015f70a2e092e86c2c2db2746d3ec32f6ef9190e101365c0761d57aaad
GR-TC1-Charter,TC-001,unchanged,"The committee shall become active only through a recorded mandate under the adopted programme Charter. The mandate shall identify its convenor, responsible decision authority, participating capacities, accepted work items, review resources, and mandate review date.","The committee shall become active only through a recorded mandate under the adopted programme Charter. The mandate shall identify its convenor, responsible decision authority, participating capacities, accepted work items, review resources, and mandate review date.",4aed2d1e60f23da7f4845e8e765acfce2f9eeb2367485c27a5b22be646c0dfb1,4aed2d1e60f23da7f4845e8e765acfce2f9eeb2367485c27a5b22be646c0dfb1
GR-TC1-Charter,TC-002,unchanged,"The committee shall develop coordinated recording and practical procedures that support warranted, contestable, revisable recognition and preservation of consequential generative trajectories. Each accepted work item shall state its contribution to this purpose and the limits of its expected effects.","The committee shall develop coordinated recording and practical procedures that support warranted, contestable, revisable recognition and preservation of consequential generative trajectories. Each accepted work item shall state its contribution to this purpose and the limits of its expected effects.",71e25890298435c9561dca3d50cf4358e1aa9ed29b9a9ed4932906e070441fe8,71e25890298435c9561dca3d50cf4358e1aa9ed29b9a9ed4932906e070441fe8
GR-TC1-Charter,TC-003,unchanged,"Committee work shall distinguish changes in the situation under inquiry, changes in evidence and judgment, and changes in categories or methods of recognition. A technical representation connecting these histories shall preserve their distinguishable meaning.","Committee work shall distinguish changes in the situation under inquiry, changes in evidence and judgment, and changes in categories or methods of recognition. A technical representation connecting these histories shall preserve their distinguishable meaning.",95cb87c98b97c54c8ff0fe34d8a280a2c81baf7d128706bdf0d72e50819d1914,95cb87c98b97c54c8ff0fe34d8a280a2c81baf7d128706bdf0d72e50819d1914
GR-TC1-Charter,TC-004,unchanged,"The committee shall retain the distinctions between theoretical metamodel, operational record ontology, epistemic representation, normative assessment, jurisprudential status, institutional governance, political economy, and implementation when defining scopes or allocating work.","The committee shall retain the distinctions between theoretical metamodel, operational record ontology, epistemic representation, normative assessment, jurisprudential status, institutional governance, political economy, and implementation when defining scopes or allocating work.",938dc79db185972dedda0dc2daf6988e2a0df4544313969fd2f34c378d28e862,938dc79db185972dedda0dc2daf6988e2a0df4544313969fd2f34c378d28e862
GR-TC1-Charter,TC-005,unchanged,"The committee shall not claim authority to certify substantive historical truth, resolve a complete metaphysics, determine legal rights across jurisdictions, endorse a political choice on technical grounds alone, or mandate unrestricted disclosure of recorded material.","The committee shall not claim authority to certify substantive historical truth, resolve a complete metaphysics, determine legal rights across jurisdictions, endorse a political choice on technical grounds alone, or mandate unrestricted disclosure of recorded material.",2ed64300b5f8a07f11f09572005c978857e07e21dfb5fbce7723e0c07441c74d,2ed64300b5f8a07f11f09572005c978857e07e21dfb5fbce7723e0c07441c74d
GR-TC1-Charter,TC-006,unchanged,"The committee shall preserve existing publication identifiers when refining scopes. A proposal to change a publication's class, merge or divide its scope, or introduce a new identifier shall record the reason, dependencies, alternatives, and authorizing decision before the change is treated as operative.","The committee shall preserve existing publication identifiers when refining scopes. A proposal to change a publication's class, merge or divide its scope, or introduce a new identifier shall record the reason, dependencies, alternatives, and authorizing decision before the change is treated as operative.",ca94bae548bfb7140b36f95fc533da1e93466bb2982dcc3858b1cb442cce219c,ca94bae548bfb7140b36f95fc533da1e93466bb2982dcc3858b1cb442cce219c
GR-TC1-Charter,TC-007,unchanged,"A work-item proposal shall identify purpose, scope and exclusions, conformance subjects, affected interests, foundation sources and tensions, existing alternatives, related publications, anticipated Specifications, reviewer competence, practical evidence, and maintenance ownership.","A work-item proposal shall identify purpose, scope and exclusions, conformance subjects, affected interests, foundation sources and tensions, existing alternatives, related publications, anticipated Specifications, reviewer competence, practical evidence, and maintenance ownership.",05e8fa2117b4ec55f4b1c5805b37bad66d52db6217481e9455e8e3015acb1758,05e8fa2117b4ec55f4b1c5805b37bad66d52db6217481e9455e8e3015acb1758
GR-TC1-Charter,TC-008,unchanged,"The committee shall record work-item dependencies and allocate requirements to their responsible publication before producing a normative technical binding. A shared requirement shall have one authoritative location, with versioned references from dependent work.","The committee shall record work-item dependencies and allocate requirements to their responsible publication before producing a normative technical binding. A shared requirement shall have one authoritative location, with versioned references from dependent work.",fc99b840ed2f969dc29c6fa6327051fa979f7e71584b5e21cc9338078766c1d1,fc99b840ed2f969dc29c6fa6327051fa979f7e71584b5e21cc9338078766c1d1
GR-TC1-Charter,TC-009,unchanged,Editors shall begin with the normative or procedural need and create a Specification proposal when reusable infrastructure is required to satisfy or assess it. A prototype shall not silently determine a theoretical definition or institutional obligation.,Editors shall begin with the normative or procedural need and create a Specification proposal when reusable infrastructure is required to satisfy or assess it. A prototype shall not silently determine a theoretical definition or institutional obligation.,85c233787c17d61d65ed8bc135b014e7e33736f60444aa2fe2cc5d37d470f777,85c233787c17d61d65ed8bc135b014e7e33736f60444aa2fe2cc5d37d470f777
GR-TC1-Charter,TC-010,unchanged,"A proposed substantive scope expansion shall return to the responsible decision authority with its consequences for participation, sources, dependencies, review, and resources. Work outside the authorized scope shall remain exploratory pending a decision.","A proposed substantive scope expansion shall return to the responsible decision authority with its consequences for participation, sources, dependencies, review, and resources. Work outside the authorized scope shall remain exploratory pending a decision.",10d908ad33c523692d00c25a6f511a64b87ade27ae4eecd2be7266d6d66e5b6e,10d908ad33c523692d00c25a6f511a64b87ade27ae4eecd2be7266d6d66e5b6e
GR-TC1-Charter,TC-011,unchanged,"For each active deliverable, the committee shall record an accepted editor or lead, a maintenance contact, required review competence, available reviewers, and unfilled roles. Multiple roles held by one person shall be declared.","For each active deliverable, the committee shall record an accepted editor or lead, a maintenance contact, required review competence, available reviewers, and unfilled roles. Multiple roles held by one person shall be declared.",c38a24f5f6722bebdbea11d813eb91c277c31f4ec5cc13a408c7bbe232ed983b,c38a24f5f6722bebdbea11d813eb91c277c31f4ec5cc13a408c7bbe232ed983b
GR-TC1-Charter,TC-012,unchanged,"A new working group shall have a bounded scope, actual willing participants, an accountable lead, dependencies, intended outputs, and review or closure conditions. Its formation shall not imply autonomous adoption authority.","A new working group shall have a bounded scope, actual willing participants, an accountable lead, dependencies, intended outputs, and review or closure conditions. Its formation shall not imply autonomous adoption authority.",80631062c9ec4764253691614fa41c96e5eff5a08621707f5d6152004a5c9068,80631062c9ec4764253691614fa41c96e5eff5a08621707f5d6152004a5c9068
GR-TC1-Charter,TC-013,unchanged,"A reviewer shall identify the domain and scope of their assessment, relevant competence or situated knowledge, interests, material limitations, and whether they contributed to the material reviewed. A self-review shall not be labelled independent.","A reviewer shall identify the domain and scope of their assessment, relevant competence or situated knowledge, interests, material limitations, and whether they contributed to the material reviewed. A self-review shall not be labelled independent.",4a5d44c12a635b78b227bb7e621691f2f0e82d521cb64d65a62034ec0b67ff7f,4a5d44c12a635b78b227bb7e621691f2f0e82d521cb64d65a62034ec0b67ff7f
GR-TC1-Charter,TC-014,unchanged,"Where required expertise or affected perspectives are unavailable, the committee shall record the gap and its material effect on progression. It shall narrow claims, seek additional review, or defer the affected decision when the gap prevents a justified assessment.","Where required expertise or affected perspectives are unavailable, the committee shall record the gap and its material effect on progression. It shall narrow claims, seek additional review, or defer the affected decision when the gap prevents a justified assessment.",582e78f2399ef6967520611674729d7ff5a1ec336f9493878c35cab745e94a03,582e78f2399ef6967520611674729d7ff5a1ec336f9493878c35cab745e94a03
GR-TC1-Charter,TC-015,unchanged,"Before introducing or materially changing a GR definition, notation, ontology class, or compatibility claim, the responsible editor shall examine the relevant foundation manuscripts and record exact source locations, terminology, scope, historical differences, and the proposed operational translation.","Before introducing or materially changing a GR definition, notation, ontology class, or compatibility claim, the responsible editor shall examine the relevant foundation manuscripts and record exact source locations, terminology, scope, historical differences, and the proposed operational translation.",1bce9a77e6d361cc09d9a94ef70d7058a852cc1a52f304f70a395570ad6aebd4,1bce9a77e6d361cc09d9a94ef70d7058a852cc1a52f304f70a395570ad6aebd4
GR-TC1-Charter,TC-016,unchanged,"The committee shall preserve unresolved foundation differences rather than harmonizing them silently. A material operational narrowing or departure shall be recorded through an architectural decision with alternatives, rationale, affected publications, and remaining uncertainty.","The committee shall preserve unresolved foundation differences rather than harmonizing them silently. A material operational narrowing or departure shall be recorded through an architectural decision with alternatives, rationale, affected publications, and remaining uncertainty.",24fd254df8362183dfb90ec26c7d27f6e58c9185f6aa2555113c3bc64d35c245,24fd254df8362183dfb90ec26c7d27f6e58c9185f6aa2555113c3bc64d35c245
GR-TC1-Charter,TC-017,unchanged,"A candidate record-class definition shall identify its definition, admissibility conditions, identity criterion, temporal behavior, permitted relations, required and optional metadata, examples, counterexamples, and unresolved edge cases, or explicitly identify which elements remain under development.","A candidate record-class definition shall identify its definition, admissibility conditions, identity criterion, temporal behavior, permitted relations, required and optional metadata, examples, counterexamples, and unresolved edge cases, or explicitly identify which elements remain under development.",c61e187f2a06e859f5327fa85666335d6c3e29fba697a880db8404b71fc0013b,c61e187f2a06e859f5327fa85666335d6c3e29fba697a880db8404b71fc0013b
GR-TC1-Charter,TC-018,unchanged,"An external compatibility or reuse proposal shall identify the exact source and edition, verified relevant provisions, mapping assumptions, exclusions, and evidence needed to support the claimed relationship. Similar terminology shall not alone establish equivalence.","An external compatibility or reuse proposal shall identify the exact source and edition, verified relevant provisions, mapping assumptions, exclusions, and evidence needed to support the claimed relationship. Similar terminology shall not alone establish equivalence.",f0446195c9328bc10dafa43725f617077358adec02343e9a5854a28b4d5239b4,f0446195c9328bc10dafa43725f617077358adec02343e9a5854a28b4d5239b4
GR-TC1-Charter,TC-019,unchanged,"At work-item scoping, before a real pilot, and before publication progression, the committee shall maintain a review dossier covering applicable epistemic, ethical, jurisprudential, institutional, political-economic, archival, privacy/security, accessibility, and technical questions. Each domain shall have findings or an explicit justified statement of non-applicability or unassessed scope.","At work-item scoping, before a real pilot, and before publication progression, the committee shall maintain a review dossier covering applicable epistemic, ethical, jurisprudential, institutional, political-economic, archival, privacy/security, accessibility, and technical questions. Each domain shall have findings or an explicit justified statement of non-applicability or unassessed scope.",52e8ec96f82068771452010ef370f5a1c72a2f504a6c6ba612718ff87ade471b,52e8ec96f82068771452010ef370f5a1c72a2f504a6c6ba612718ff87ade471b
GR-TC1-Charter,TC-020,unchanged,"The review dossier shall identify evidence, reviewers and their capacities, affected perspectives, conflicts, alternative designs, findings, dispositions, owners of corrective action, and residual limitations. A metadata field or completed checklist shall not by itself count as domain assessment.","The review dossier shall identify evidence, reviewers and their capacities, affected perspectives, conflicts, alternative designs, findings, dispositions, owners of corrective action, and residual limitations. A metadata field or completed checklist shall not by itself count as domain assessment.",2ea8b37573b68d231236b4becf705b3bb6c2fc8935ee0af0f5bdc8065dea0e3b,2ea8b37573b68d231236b4becf705b3bb6c2fc8935ee0af0f5bdc8065dea0e3b
GR-TC1-Charter,TC-021,unchanged,"A legal or institutional profile shall state its jurisdiction or forum, target action, relevant sources and status, claimed authority, temporal scope, unresolved conflicts, and reviewing competence. Generic technical conformance shall not replace assessment of actual applicability.","A legal or institutional profile shall state its jurisdiction or forum, target action, relevant sources and status, claimed authority, temporal scope, unresolved conflicts, and reviewing competence. Generic technical conformance shall not replace assessment of actual applicability.",39e097fdd52338cfe5b2b1a4344dc5eb5f650bc2234b5b527b4fb382a2c9ef92,39e097fdd52338cfe5b2b1a4344dc5eb5f650bc2234b5b527b4fb382a2c9ef92
GR-TC1-Charter,TC-022,unchanged,"A policy proposal arising from committee work shall follow the separate policy-publication route and compare plausible institutional options, including existing infrastructure or deferral when relevant. The committee shall not present participation in technical review as assent to a policy recommendation.","A policy proposal arising from committee work shall follow the separate policy-publication route and compare plausible institutional options, including existing infrastructure or deferral when relevant. The committee shall not present participation in technical review as assent to a policy recommendation.",1e11775eaf3c9f19f9ca70bcdbbe504793302a91636bbc795f523620b63742ef,1e11775eaf3c9f19f9ca70bcdbbe504793302a91636bbc795f523620b63742ef
GR-TC1-Charter,TC-023,unchanged,"Before a pilot begins, its record shall identify the case and baseline, questions and success criteria, participants and actual authority, material and access permissions, resource burden, anticipated harms, challenge and correction routes, stop conditions, and responsible reviewers. Synthetic cases shall be labelled synthetic.","Before a pilot begins, its record shall identify the case and baseline, questions and success criteria, participants and actual authority, material and access permissions, resource burden, anticipated harms, challenge and correction routes, stop conditions, and responsible reviewers. Synthetic cases shall be labelled synthetic.",7a1d8c37c8ac89b7cfb2cd7f26c9d5dcea811646f3eb821d266c47169a678e0a,7a1d8c37c8ac89b7cfb2cd7f26c9d5dcea811646f3eb821d266c47169a678e0a
GR-TC1-Charter,TC-024,unchanged,"The initial coordinated demonstration shall exercise a claim and its grounds, a consequential relation or contribution, an alternative or challenge, a reasoned response, a historical revision, a protected or unavailable record, and a presentation that makes their distinct status understandable.","The initial coordinated demonstration shall exercise a claim and its grounds, a consequential relation or contribution, an alternative or challenge, a reasoned response, a historical revision, a protected or unavailable record, and a presentation that makes their distinct status understandable.",c47a9f956b877964f6d24e1cb3df66fee42517a021968b2f0a6272f5f2bb6a0a,c47a9f956b877964f6d24e1cb3df66fee42517a021968b2f0a6272f5f2bb6a0a
GR-TC1-Charter,TC-025,unchanged,"Pilot findings shall report failed tasks, missing or conflicting evidence, excluded participants, unmet assumptions, and burdens alongside successful behavior. The committee shall trace each material finding to a requirement change, retained decision with reasons, further inquiry, or scope limitation.","Pilot findings shall report failed tasks, missing or conflicting evidence, excluded participants, unmet assumptions, and burdens alongside successful behavior. The committee shall trace each material finding to a requirement change, retained decision with reasons, further inquiry, or scope limitation.",2bb6fdb92fdf882311d387f3992526468f3a36ca39d05ed1f42d62abe8498798,2bb6fdb92fdf882311d387f3992526468f3a36ca39d05ed1f42d62abe8498798
GR-TC1-Charter,TC-026,unchanged,"A conformance proposal shall identify the assessed subject, edition, profile, applicable requirements, methods, evidence, unresolved findings, and limits of the resulting claim. Syntax checks, semantic interoperability, procedural compliance, usability, and substantive warrant shall receive distinguishable results.","A conformance proposal shall identify the assessed subject, edition, profile, applicable requirements, methods, evidence, unresolved findings, and limits of the resulting claim. Syntax checks, semantic interoperability, procedural compliance, usability, and substantive warrant shall receive distinguishable results.",36187c9f251814a83de611a5216e54e77b3efc801ec8a163115cb7c821c1e883,36187c9f251814a83de611a5216e54e77b3efc801ec8a163115cb7c821c1e883
GR-TC1-Charter,TC-027,unchanged,The committee shall substantiate an interoperability claim with independent implementation or exchange evidence appropriate to the claim. A single internally consistent prototype shall be reported as such.,The committee shall substantiate an interoperability claim with independent implementation or exchange evidence appropriate to the claim. A single internally consistent prototype shall be reported as such.,26296eba028f5f0fc73e7d81704b4509a43c8e7e7e39a30d39ec85bf1a4caefb,26296eba028f5f0fc73e7d81704b4509a43c8e7e7e39a30d39ec85bf1a4caefb
GR-TC1-Charter,TC-028,unchanged,"For each requested progression decision, the convenor shall assemble the current draft, requirement and source trace, comment dispositions, unresolved objections, multidisciplinary findings, pilot or other assessment evidence, rights-clearance status, and maintenance proposal. The programme decision authority shall apply Directives Part 1.","For each requested progression decision, the convenor shall assemble the current draft, requirement and source trace, comment dispositions, unresolved objections, multidisciplinary findings, pilot or other assessment evidence, rights-clearance status, and maintenance proposal. The programme decision authority shall apply Directives Part 1.",0c6fc8ac637b8fe1a84f832d20b2d55f74ebe17299d788d6af5fdd44870460b8,0c6fc8ac637b8fe1a84f832d20b2d55f74ebe17299d788d6af5fdd44870460b8
GR-TC1-Charter,TC-029,unchanged,"The committee shall retain a link from a corrected or superseded requirement to the prior text, reason, decision, affected dependencies, and migration consequence. Historical decisions shall remain distinguishable from the current authoritative edition.","The committee shall retain a link from a corrected or superseded requirement to the prior text, reason, decision, affected dependencies, and migration consequence. Historical decisions shall remain distinguishable from the current authoritative edition.",1633d165767e2de4ffae780f1b1ee0d91db8befefb4f865da8b3f9c675203123,1633d165767e2de4ffae780f1b1ee0d91db8befefb4f865da8b3f9c675203123
GR-TC1-Charter,TC-030,unchanged,"The committee shall submit scope, participation, resource, and outstanding-risk information at its mandate review and when material conditions change. An inactive or unstaffed work item shall receive an explicit status and continuity disposition.","The committee shall submit scope, participation, resource, and outstanding-risk information at its mandate review and when material conditions change. An inactive or unstaffed work item shall receive an explicit status and continuity disposition.",c42f63a41c93cb2ca98eebdf1647c8d920deb6bb2ecd8c74880c18223a44bbd3,c42f63a41c93cb2ca98eebdf1647c8d920deb6bb2ecd8c74880c18223a44bbd3
GR-TC1-Charter,TC-031,unchanged,The convenor shall record the governance editions applicable to committee work and identify unresolved conflicts before dependent action. A new draft or external source shall not change an operative committee obligation by implication.,The convenor shall record the governance editions applicable to committee work and identify unresolved conflicts before dependent action. A new draft or external source shall not change an operative committee obligation by implication.,02be2d8c430f938f17e1022be10187c777313dfee7ddc88293382ab1fdd1aed7,02be2d8c430f938f17e1022be10187c777313dfee7ddc88293382ab1fdd1aed7
GR-TC1-Charter,TC-032,unchanged,"On acceptance of a work item, the convenor shall create a project record linking the authorized proposal, actual decision, bounded outputs, accepted assignments, resources, milestones, dependencies, and unresolved conditions. The record shall distinguish preliminary drafting already performed from work formally authorized.","On acceptance of a work item, the convenor shall create a project record linking the authorized proposal, actual decision, bounded outputs, accepted assignments, resources, milestones, dependencies, and unresolved conditions. The record shall distinguish preliminary drafting already performed from work formally authorized.",276b3b6f0583de07bd2348a20fe953f27f0009561393567ce6a58f15d7be3517,276b3b6f0583de07bd2348a20fe953f27f0009561393567ce6a58f15d7be3517
GR-TC1-Charter,TC-033,unchanged,"Before scheduling a progression review, the convenor shall verify that the work remains within its mandate, that required responsibilities are staffed, and that necessary evidence is available. A scope or capacity defect shall receive correction, narrowing, or deferral rather than an unsupported stage label.","Before scheduling a progression review, the convenor shall verify that the work remains within its mandate, that required responsibilities are staffed, and that necessary evidence is available. A scope or capacity defect shall receive correction, narrowing, or deferral rather than an unsupported stage label.",c0dc08a0b6b2fa4f31514332c6019695b2a3b765cee8f408e569d1a7d6e83277,c0dc08a0b6b2fa4f31514332c6019695b2a3b765cee8f408e569d1a7d6e83277
GR-TC1-Charter,TC-034,unchanged,"The committee shall maintain a dependency register identifying each shared concept, requirement, interface, profile, or artifact; its responsible publication and owner; its exact version; and the consequence of change. Competing normative homes shall be resolved before the affected requirement is stabilized.","The committee shall maintain a dependency register identifying each shared concept, requirement, interface, profile, or artifact; its responsible publication and owner; its exact version; and the consequence of change. Competing normative homes shall be resolved before the affected requirement is stabilized.",c0eeff26a99dd9a15248e4a74a501acdbbc013f244e5daadc1dd7eeaea9ce650,c0eeff26a99dd9a15248e4a74a501acdbbc013f244e5daadc1dd7eeaea9ce650
GR-TC1-Charter,TC-035,unchanged,"For a coordination issue, the convenor shall identify affected editors and reviewers, record alternatives and semantic or institutional consequences, and seek an explicit decision within the appropriate authority. Technical convenience shall not resolve a normative, legal, or theoretical disagreement without that decision.","For a coordination issue, the convenor shall identify affected editors and reviewers, record alternatives and semantic or institutional consequences, and seek an explicit decision within the appropriate authority. Technical convenience shall not resolve a normative, legal, or theoretical disagreement without that decision.",f994081438e26ca4d6e0ac2ca5cf968b9ef45ab2a617c3bf51775b6867388a7e,f994081438e26ca4d6e0ac2ca5cf968b9ef45ab2a617c3bf51775b6867388a7e
GR-TC1-Charter,TC-036,unchanged,"A split, merger, pause, or termination of a work item shall identify the fate of requirement identifiers, comments, evidence, responsibilities, dependencies, and publication expectations. The programme decision authority shall authorize the revised scope before dependent formal progression.","A split, merger, pause, or termination of a work item shall identify the fate of requirement identifiers, comments, evidence, responsibilities, dependencies, and publication expectations. The programme decision authority shall authorize the revised scope before dependent formal progression.",bbf20a5321e8fb0710288c6f253139a6d93368292c96cd821aab23348ee0fa93,bbf20a5321e8fb0710288c6f253139a6d93368292c96cd821aab23348ee0fa93
GR-TC1-Charter,TC-037,unchanged,"A Specification proposal shall identify the candidate requirement it supports, the need for a reusable technical contract, implementation alternatives, version assumptions, and the evidence expected from a prototype. An institutional procedure shall identify its actual authority separately from protocol mechanics.","A Specification proposal shall identify the candidate requirement it supports, the need for a reusable technical contract, implementation alternatives, version assumptions, and the evidence expected from a prototype. An institutional procedure shall identify its actual authority separately from protocol mechanics.",99621e23d911e6abc8563ba0ae534bc451966c8b5ca04b94bc86a1bc5b590bf3,99621e23d911e6abc8563ba0ae534bc451966c8b5ca04b94bc86a1bc5b590bf3
GR-TC1-Charter,TC-038,unchanged,"Before treating a protocol draft as ready for implementation, its editor shall define participants, inputs, preconditions, state transitions, observable outcomes, refusals, failures, recovery, authorization boundaries, and responsibility for interrupted or conflicting operations. Unresolved behavior shall be marked and excluded from unsupported completeness claims.","Before treating a protocol draft as ready for implementation, its editor shall define participants, inputs, preconditions, state transitions, observable outcomes, refusals, failures, recovery, authorization boundaries, and responsibility for interrupted or conflicting operations. Unresolved behavior shall be marked and excluded from unsupported completeness claims.",8ab0940dd44df8dd96d5bcb76fd51b96db6264a50042193f5345478b745dfed8,8ab0940dd44df8dd96d5bcb76fd51b96db6264a50042193f5345478b745dfed8
GR-TC1-Charter,TC-039,unchanged,"An editor shall accept responsibility for the deliverable's current baseline, change record, source and requirement trace, pending comments, and progression evidence. A reviewer shall accept a bounded assessment assignment rather than an unspecified endorsement of the entire publication.","An editor shall accept responsibility for the deliverable's current baseline, change record, source and requirement trace, pending comments, and progression evidence. A reviewer shall accept a bounded assessment assignment rather than an unspecified endorsement of the entire publication.",f079f03a6d76f6cf83010e9f785615067e26bc97685ecdfb19ccc2af1f99bf79,f079f03a6d76f6cf83010e9f785615067e26bc97685ecdfb19ccc2af1f99bf79
GR-TC1-Charter,TC-040,unchanged,"The convenor shall compare each work item's planned drafting, review, accessibility, protection, and maintenance tasks with actual participant capacity. A shortage affecting mandatory evidence or a safeguard shall change the schedule or scope and be reported to the programme decision authority.","The convenor shall compare each work item's planned drafting, review, accessibility, protection, and maintenance tasks with actual participant capacity. A shortage affecting mandatory evidence or a safeguard shall change the schedule or scope and be reported to the programme decision authority.",66dddc226b55a45eef997e41d9a46506e8441ad9d29a4c938c848dd8f04756ff,66dddc226b55a45eef997e41d9a46506e8441ad9d29a4c938c848dd8f04756ff
GR-TC1-Charter,TC-041,unchanged,"For a substantive committee discussion, the convenor shall circulate the purpose, input versions, questions, expected output, access arrangements, and route for asynchronous contributions before the decision is taken. Participants unable to attend shall have the applicable opportunity to contribute under Directives Part 1.","For a substantive committee discussion, the convenor shall circulate the purpose, input versions, questions, expected output, access arrangements, and route for asynchronous contributions before the decision is taken. Participants unable to attend shall have the applicable opportunity to contribute under Directives Part 1.",793931cac1ad9395ed5f8a95d1e037f91c70ed4cb725d07c4d32c8421002c04b,793931cac1ad9395ed5f8a95d1e037f91c70ed4cb725d07c4d32c8421002c04b
GR-TC1-Charter,TC-042,unchanged,"The discussion record shall distinguish persons present from represented institutions, information reported from findings accepted, and recommendations from authorized decisions. Material reasons, alternatives, objections, actions, owners, and affected baseline versions shall be recorded.","The discussion record shall distinguish persons present from represented institutions, information reported from findings accepted, and recommendations from authorized decisions. Material reasons, alternatives, objections, actions, owners, and affected baseline versions shall be recorded.",c33842dc6d2aa14e9398f9484c75edd0221a88282f0c9e230160b83f4b938ae8,c33842dc6d2aa14e9398f9484c75edd0221a88282f0c9e230160b83f4b938ae8
GR-TC1-Charter,TC-043,unchanged,"Where new material changes the basis of a proposed decision during a meeting, the chair shall identify the change and apply the relevant further-review procedure. Attendance or an informal show of support shall not replace required notice, reply, or ballot.","Where new material changes the basis of a proposed decision during a meeting, the chair shall identify the change and apply the relevant further-review procedure. Attendance or an informal show of support shall not replace required notice, reply, or ballot.",e2c058c187d2df1d55f75a2e6ab782131f6dd256260e4c2b6b082d8fa1cdd8bb,e2c058c187d2df1d55f75a2e6ab782131f6dd256260e4c2b6b082d8fa1cdd8bb
GR-TC1-Charter,TC-044,unchanged,"An editor or working-group handover shall provide the current baseline, requirement and source registers, unresolved comments and findings, dependencies, permissions, build or assessment instructions, and pending deadlines. The convenor shall verify receipt and record any gap before further reliance on the work.","An editor or working-group handover shall provide the current baseline, requirement and source registers, unresolved comments and findings, dependencies, permissions, build or assessment instructions, and pending deadlines. The convenor shall verify receipt and record any gap before further reliance on the work.",9437b6cb03240769e18c06f8c394107103c8de012ae9d7c61da5fea66bf3c0c6,9437b6cb03240769e18c06f8c394107103c8de012ae9d7c61da5fea66bf3c0c6
GR-TC1-Charter,TC-045,unchanged,"A working group that has no accepted lead or capacity to discharge its mandate shall be reported as inactive or pending reassignment. Its outputs shall retain their actual maturity, and unfinished responsibilities shall be reassigned or explicitly deferred.","A working group that has no accepted lead or capacity to discharge its mandate shall be reported as inactive or pending reassignment. Its outputs shall retain their actual maturity, and unfinished responsibilities shall be reassigned or explicitly deferred.",06f0e804dc830e2696fff96898081eae15c81240d557e231439f68cfb8dcefdd,06f0e804dc830e2696fff96898081eae15c81240d557e231439f68cfb8dcefdd
GR-TC1-Charter,TC-046,unchanged,"The source register shall distinguish source wording, editorial paraphrase, historical variant, operational proposal, and accepted programme decision. Each material interpretation shall identify the relevant passage and version, verification status, and unresolved difference.","The source register shall distinguish source wording, editorial paraphrase, historical variant, operational proposal, and accepted programme decision. Each material interpretation shall identify the relevant passage and version, verification status, and unresolved difference.",58dab052a43e8da70349aed4d9931093e5d98c89ad698fe60874a118ca905c4f,58dab052a43e8da70349aed4d9931093e5d98c89ad698fe60874a118ca905c4f
GR-TC1-Charter,TC-047,unchanged,"When a source is revised, newly available, or found to have been misinterpreted, the editor shall identify affected definitions and requirements, assess the consequence, and submit necessary changes through the appropriate procedure. Earlier interpretations and the reason for revision shall remain traceable.","When a source is revised, newly available, or found to have been misinterpreted, the editor shall identify affected definitions and requirements, assess the consequence, and submit necessary changes through the appropriate procedure. Earlier interpretations and the reason for revision shall remain traceable.",c196e8a632aa0003ef07c46a6a771bc0b90b4d493a977ba0d0971dac6eb3cfae,c196e8a632aa0003ef07c46a6a771bc0b90b4d493a977ba0d0971dac6eb3cfae
GR-TC1-Charter,TC-048,unchanged,"For each candidate requirement, the editor shall identify the responsible actor or subject, applicability condition, required outcome, assessment method, evidence expectation, source or operational rationale, and related issue or decision. A requirement with unresolved scope or testability shall retain a visible development issue.","For each candidate requirement, the editor shall identify the responsible actor or subject, applicability condition, required outcome, assessment method, evidence expectation, source or operational rationale, and related issue or decision. A requirement with unresolved scope or testability shall retain a visible development issue.",a6f27ba9cddaaef9b550315ef1ad63ffcab837690c890b893ae48bb967c6cca4,a6f27ba9cddaaef9b550315ef1ad63ffcab837690c890b893ae48bb967c6cca4
GR-TC1-Charter,TC-049,unchanged,"The editor shall separate independently assessable obligations where one result would conceal different applicability or failure. Recommendations, examples, and explanatory theory shall remain distinguishable from mandatory provisions.","The editor shall separate independently assessable obligations where one result would conceal different applicability or failure. Recommendations, examples, and explanatory theory shall remain distinguishable from mandatory provisions.",917577bfcefd54cb21a415c422db6be36c960364a70e3125af1a1cfe44fd6c02,917577bfcefd54cb21a415c422db6be36c960364a70e3125af1a1cfe44fd6c02
GR-TC1-Charter,TC-050,unchanged,"Before stabilizing a requirement baseline, the review group shall examine examples, counterexamples, unknown or unavailable information, restricted records, and relevant conflicting interpretations. Required uncertainty declarations shall not be replaced by invented information to complete a record.","Before stabilizing a requirement baseline, the review group shall examine examples, counterexamples, unknown or unavailable information, restricted records, and relevant conflicting interpretations. Required uncertainty declarations shall not be replaced by invented information to complete a record.",75851e17f2b4de549c9e567658cf1f17b49cf4c981ce74c796a71e83b56194aa,75851e17f2b4de549c9e567658cf1f17b49cf4c981ce74c796a71e83b56194aa
GR-TC1-Charter,TC-051,unchanged,"The requirement-to-assessment register shall identify which findings arise from automated checks, observed human tasks, documentary review, independent implementation, or substantive expert judgment. The reported result shall not claim evidence beyond what the chosen method establishes.","The requirement-to-assessment register shall identify which findings arise from automated checks, observed human tasks, documentary review, independent implementation, or substantive expert judgment. The reported result shall not claim evidence beyond what the chosen method establishes.",a7c38c8d06bbce78147d03da67dc94a1df5d5500af6beac9d60e2c2929e0d464,a7c38c8d06bbce78147d03da67dc94a1df5d5500af6beac9d60e2c2929e0d464
GR-TC1-Charter,TC-052,unchanged,"A proposed profile shall identify inherited requirements, additions, permitted restrictions, applicability, and assessment consequences. The editor shall identify any divergence that prevents unqualified parent conformance and propose an appropriately bounded claim.","A proposed profile shall identify inherited requirements, additions, permitted restrictions, applicability, and assessment consequences. The editor shall identify any divergence that prevents unqualified parent conformance and propose an appropriately bounded claim.",2b0fc024757fb61630dcb25d41940854eb2bb5f1459873b7b7995d9e6d76b777,2b0fc024757fb61630dcb25d41940854eb2bb5f1459873b7b7995d9e6d76b777
GR-TC1-Charter,TC-053,unchanged,"An asserted external mapping shall identify direction, supported distinctions, unsupported cases, loss, and the exact tested source versions. An untested mapping shall be labelled proposed rather than interoperable.","An asserted external mapping shall identify direction, supported distinctions, unsupported cases, loss, and the exact tested source versions. An untested mapping shall be labelled proposed rather than interoperable.",30cac3d52532b3a767fcd9d43bd17d89acf35b36471dcc110e85aecfdcaca540,30cac3d52532b3a767fcd9d43bd17d89acf35b36471dcc110e85aecfdcaca540
GR-TC1-Charter,TC-054,unchanged,"The review plan shall state the questions, needed competence and affected perspectives, evidence, review independence sought, access arrangements, and decision points for each applicable domain. It shall distinguish non-applicability from unavailable review capacity.","The review plan shall state the questions, needed competence and affected perspectives, evidence, review independence sought, access arrangements, and decision points for each applicable domain. It shall distinguish non-applicability from unavailable review capacity.",78548902d851d0686b4d53475be84a7da97fb5aecc50f5be325d1ca841f05cf5,78548902d851d0686b4d53475be84a7da97fb5aecc50f5be325d1ca841f05cf5
GR-TC1-Charter,TC-055,unchanged,"Each domain reviewer shall classify a finding by the affected requirement or assumption, evidence and uncertainty, consequence for the proposed decision, and proposed disposition. A disagreement about values or policy shall be identified as such rather than converted into an unexplained technical defect.","Each domain reviewer shall classify a finding by the affected requirement or assumption, evidence and uncertainty, consequence for the proposed decision, and proposed disposition. A disagreement about values or policy shall be identified as such rather than converted into an unexplained technical defect.",ff9f687afc4f525aebf0a14c0ca93b40919d1ffdebdf376a51e806010682b191,ff9f687afc4f525aebf0a14c0ca93b40919d1ffdebdf376a51e806010682b191
GR-TC1-Charter,TC-056,unchanged,"The editor shall respond to each material finding with acceptance, modification, reasoned non-acceptance, or deferral, linking the resulting text or action. A deferred finding shall retain an owner, next action, and explanation of whether progression is prevented.","The editor shall respond to each material finding with acceptance, modification, reasoned non-acceptance, or deferral, linking the resulting text or action. A deferred finding shall retain an owner, next action, and explanation of whether progression is prevented.",4ca7d1cb9be1573b8578f0bc8b44c14ad42821914dbde7ff8ab4c07ce3006bf4,4ca7d1cb9be1573b8578f0bc8b44c14ad42821914dbde7ff8ab4c07ce3006bf4
GR-TC1-Charter,TC-057,unchanged,"Where reviewers disagree across domains, the convenor shall preserve their respective questions, evidence, competence, and reasons and obtain a decision from the authority competent for the matter. A technical majority shall not substitute for an absent legal mandate or resolve a philosophical source conflict by assertion.","Where reviewers disagree across domains, the convenor shall preserve their respective questions, evidence, competence, and reasons and obtain a decision from the authority competent for the matter. A technical majority shall not substitute for an absent legal mandate or resolve a philosophical source conflict by assertion.",7e11373121950e33264ab6c6cacc9fca5612e70cd9dd34826d112829ef131c06,7e11373121950e33264ab6c6cacc9fca5612e70cd9dd34826d112829ef131c06
GR-TC1-Charter,TC-058,unchanged,"Before recommending progression, the convenor shall verify that material findings and replies have been considered and that mandatory authority, evidence, rights, and protection conditions are satisfied. A decision to narrow scope shall identify the excluded behavior and prevent it from appearing in the resulting conformance claim.","Before recommending progression, the convenor shall verify that material findings and replies have been considered and that mandatory authority, evidence, rights, and protection conditions are satisfied. A decision to narrow scope shall identify the excluded behavior and prevent it from appearing in the resulting conformance claim.",270fd6949d08904c071a2a6415492a33e9a3be588a42a819c734ad75e7388583,270fd6949d08904c071a2a6415492a33e9a3be588a42a819c734ad75e7388583
GR-TC1-Charter,TC-059,unchanged,"A jurisdictional or institutional reviewer shall distinguish a party's assertion, an applicable source identified by the reviewer, an institution's operative decision, and an unresolved interpretation. The profile shall state the temporal and contextual limits of that review.","A jurisdictional or institutional reviewer shall distinguish a party's assertion, an applicable source identified by the reviewer, an institution's operative decision, and an unresolved interpretation. The profile shall state the temporal and contextual limits of that review.",9b6a60fdd68503e8d3ed0d61f0de81f27b425ece2c1b58107ea0fb4743c589de,9b6a60fdd68503e8d3ed0d61f0de81f27b425ece2c1b58107ea0fb4743c589de
GR-TC1-Charter,TC-060,unchanged,"For an institutional or international-policy proposal, the committee shall identify which technical findings are evidence for the proposal and which recommendations concern mandate, funding, distribution, oversight, or adoption choices. Unaccepted institutional participation shall remain prospective.","For an institutional or international-policy proposal, the committee shall identify which technical findings are evidence for the proposal and which recommendations concern mandate, funding, distribution, oversight, or adoption choices. Unaccepted institutional participation shall remain prospective.",6f43a2ed264a35301082aba2298803b7b5d38ef4e41c2a4c303b7ecc74de9722,6f43a2ed264a35301082aba2298803b7b5d38ef4e41c2a4c303b7ecc74de9722
GR-TC1-Charter,TC-061,unchanged,"The pilot plan shall pin the requirement baseline, artifacts, scenario, input material, evaluation tasks, expected results, assessors, and comparison baseline before results are interpreted. A change during the exercise shall identify the reason and its effect on comparability.","The pilot plan shall pin the requirement baseline, artifacts, scenario, input material, evaluation tasks, expected results, assessors, and comparison baseline before results are interpreted. A change during the exercise shall identify the reason and its effect on comparability.",c1d176e7ab7de5937179920c9e54a7419c9e7f58981323f28c2de361fffb6ef5,c1d176e7ab7de5937179920c9e54a7419c9e7f58981323f28c2de361fffb6ef5
GR-TC1-Charter,TC-062,unchanged,"For a real pilot, the responsible authority shall verify participant and institutional permissions, rights to material, protection arrangements, accessible challenge routes, available remedy, and stopping authority before the affected activity starts. A planned safeguard shall not be reported as operational without evidence of implementation.","For a real pilot, the responsible authority shall verify participant and institutional permissions, rights to material, protection arrangements, accessible challenge routes, available remedy, and stopping authority before the affected activity starts. A planned safeguard shall not be reported as operational without evidence of implementation.",bddf16b9411e01d03646620c931860d150a5ae02938d2b1d4a7b5d56aa32a339,bddf16b9411e01d03646620c931860d150a5ae02938d2b1d4a7b5d56aa32a339
GR-TC1-Charter,TC-063,unchanged,A pilot relying on restricted evidence shall identify how authorized assessors can evaluate the relevant requirement and how a public result can communicate limitations safely. Lack of public access shall not be equated with absence of evidence or accepted as proof of adequacy.,A pilot relying on restricted evidence shall identify how authorized assessors can evaluate the relevant requirement and how a public result can communicate limitations safely. Lack of public access shall not be equated with absence of evidence or accepted as proof of adequacy.,161a4e47900e310dbfc92127bb9967f8c40abf6ee94bfe657846e5e48c18bd44,161a4e47900e310dbfc92127bb9967f8c40abf6ee94bfe657846e5e48c18bd44
GR-TC1-Charter,TC-064,unchanged,"The pilot operator shall retain observations of performed tasks, relevant inputs and outputs, failures, participant assistance, departures from the plan, and protection incidents, within the approved access and retention conditions. Simulated events shall remain distinguishable from observed real behavior.","The pilot operator shall retain observations of performed tasks, relevant inputs and outputs, failures, participant assistance, departures from the plan, and protection incidents, within the approved access and retention conditions. Simulated events shall remain distinguishable from observed real behavior.",343517a21c039df770da8b0d2e7f81b0aaea66f1333d7008c8e6629d92d54739,343517a21c039df770da8b0d2e7f81b0aaea66f1333d7008c8e6629d92d54739
GR-TC1-Charter,TC-065,unchanged,"When a stopping condition is met or an unanticipated material harm or authority defect is identified, the pilot operator shall pause the affected activity, notify the responsible authority, protect necessary evidence, and obtain a recorded disposition before restart. Unaffected activity may continue only within its existing authority and safeguards.","When a stopping condition is met or an unanticipated material harm or authority defect is identified, the pilot operator shall pause the affected activity, notify the responsible authority, protect necessary evidence, and obtain a recorded disposition before restart. Unaffected activity may continue only within its existing authority and safeguards.",4f3de1acfac7bdb5742e120eb6a5f504b45c6b901ec976426cc4e54b9c9889c4,4f3de1acfac7bdb5742e120eb6a5f504b45c6b901ec976426cc4e54b9c9889c4
GR-TC1-Charter,TC-066,unchanged,"A pilot restart shall identify the corrected condition, evidence that the response is operational, changed baseline or scope, required further permissions or notice, and the decision maker. A technically successful repair shall not alone establish restored participant protection.","A pilot restart shall identify the corrected condition, evidence that the response is operational, changed baseline or scope, required further permissions or notice, and the decision maker. A technically successful repair shall not alone establish restored participant protection.",440f146afa956ed1d911ab6beda87d94459b4054b1b292fa14f8430ff37e085a,440f146afa956ed1d911ab6beda87d94459b4054b1b292fa14f8430ff37e085a
GR-TC1-Charter,TC-067,unchanged,"The evaluator shall report the actual participant population, excluded or unavailable perspectives, resource burden, supported tasks, failed cases, assistance required, uncertainty, and limits on transfer to other contexts. A small cooperative exercise shall not be presented as evidence of general institutional adoption.","The evaluator shall report the actual participant population, excluded or unavailable perspectives, resource burden, supported tasks, failed cases, assistance required, uncertainty, and limits on transfer to other contexts. A small cooperative exercise shall not be presented as evidence of general institutional adoption.",84776545b00ed57d88b28ab17c4fc077db5554ca9fb700c7b4cd54b029cf367c,84776545b00ed57d88b28ab17c4fc077db5554ca9fb700c7b4cd54b029cf367c
GR-TC1-Charter,TC-068,unchanged,"The committee shall compare pilot results with the declared objectives and assessment criteria and trace each material finding to a requirement change, retained decision with reasons, further inquiry, or narrower claim. Unexpected benefits and harms shall be identified separately from the planned criteria.","The committee shall compare pilot results with the declared objectives and assessment criteria and trace each material finding to a requirement change, retained decision with reasons, further inquiry, or narrower claim. Unexpected benefits and harms shall be identified separately from the planned criteria.",153137f08898d9b86e9c970592ce4f88882f275b90dee85d31c40d546917734d,153137f08898d9b86e9c970592ce4f88882f275b90dee85d31c40d546917734d
GR-TC1-Charter,TC-069,unchanged,"Where an outcome depends on later institutional action or effects on future capacity, the report shall state whether that action or effect was observed, is pending, or was outside the study period. A corrected record shall not be treated as evidence that downstream consequences were repaired.","Where an outcome depends on later institutional action or effects on future capacity, the report shall state whether that action or effect was observed, is pending, or was outside the study period. A corrected record shall not be treated as evidence that downstream consequences were repaired.",51793fd8532a0b1442a0c1e6c290b9d363cc910cf9237164446d336ee6cd0355,51793fd8532a0b1442a0c1e6c290b9d363cc910cf9237164446d336ee6cd0355
GR-TC1-Charter,TC-070,unchanged,"An implementation-evidence package shall identify source and artifact versions, configuration, test material, expected and actual outcomes, access or licence constraints, and instructions sufficient for an authorized reviewer to repeat the relevant assessment. Reproduction gaps shall be disclosed.","An implementation-evidence package shall identify source and artifact versions, configuration, test material, expected and actual outcomes, access or licence constraints, and instructions sufficient for an authorized reviewer to repeat the relevant assessment. Reproduction gaps shall be disclosed.",648cc439ecf61962c129fcf5411941f60e609879b5b3b06131c0c6efc3b95649,648cc439ecf61962c129fcf5411941f60e609879b5b3b06131c0c6efc3b95649
GR-TC1-Charter,TC-071,unchanged,"For an independence claim, the convenor shall record who authored the requirements, implemented the artifacts, selected the cases, performed the assessment, and funded or controlled the work. The claimed degree of independence shall be limited to the separations actually evidenced.","For an independence claim, the convenor shall record who authored the requirements, implemented the artifacts, selected the cases, performed the assessment, and funded or controlled the work. The claimed degree of independence shall be limited to the separations actually evidenced.",bba69fe33938b29cf7cac7189cdb8172e51cc196f714a9f6eb38dd6056396384,bba69fe33938b29cf7cac7189cdb8172e51cc196f714a9f6eb38dd6056396384
GR-TC1-Charter,TC-072,unchanged,"The progression dossier shall identify the requested decision and provide a requirement-by-requirement evidence status, unresolved finding register, dependency review, public-comment status where applicable, source and rights clearance, and implementation or pilot limitations. Missing evidence shall remain visible rather than being treated as tacit approval.","The progression dossier shall identify the requested decision and provide a requirement-by-requirement evidence status, unresolved finding register, dependency review, public-comment status where applicable, source and rights clearance, and implementation or pilot limitations. Missing evidence shall remain visible rather than being treated as tacit approval.",98d58c18a58c904b4d0f5d798567deaca6e05fbbb02df348c3cf5a7d6c610803,98d58c18a58c904b4d0f5d798567deaca6e05fbbb02df348c3cf5a7d6c610803
GR-TC1-Charter,TC-073,unchanged,"Before forwarding a public-review or release package, an assigned reviewer shall check that the source, rendered document, associated artifacts, and declared status agree and that references, identifiers, and essential content remain usable. Material discrepancies shall be corrected through the applicable change procedure.","Before forwarding a public-review or release package, an assigned reviewer shall check that the source, rendered document, associated artifacts, and declared status agree and that references, identifiers, and essential content remain usable. Material discrepancies shall be corrected through the applicable change procedure.",54c68476ace70ba7c341af494db24961cba997c957fa41df3bb2004ba4de5d51,54c68476ace70ba7c341af494db24961cba997c957fa41df3bb2004ba4de5d51
GR-TC1-Charter,TC-074,unchanged,"A substantive change shall identify affected requirements, interpretations, assessment fixtures, profiles, dependencies, existing users, and migration consequences. The maintenance owner shall distinguish a correction from an altered obligation and invoke the corresponding Directives route.","A substantive change shall identify affected requirements, interpretations, assessment fixtures, profiles, dependencies, existing users, and migration consequences. The maintenance owner shall distinguish a correction from an altered obligation and invoke the corresponding Directives route.",0b778fae0d6847a4dd36a16b25a2106b2be345cc996fbaf31f4518b7ed85958f,0b778fae0d6847a4dd36a16b25a2106b2be345cc996fbaf31f4518b7ed85958f
GR-TC1-Charter,TC-075,unchanged,"On evidence of a serious defect or loss of a necessary dependency, the convenor shall notify the authorized maintenance or release holder with the affected versions, evidence, consequences, and proposed interim response. The committee shall not issue a permanent normative change through an informal implementation update.","On evidence of a serious defect or loss of a necessary dependency, the convenor shall notify the authorized maintenance or release holder with the affected versions, evidence, consequences, and proposed interim response. The committee shall not issue a permanent normative change through an informal implementation update.",235b6e07ccc7d25389dcf632b82b3c8d34dccc4fcd869a174cf5294a83402236,235b6e07ccc7d25389dcf632b82b3c8d34dccc4fcd869a174cf5294a83402236
GR-TC1-Charter,TC-076,unchanged,"An assessment of committee performance shall declare the activity, period, mandate and governance editions, assessor, interests, applicable TC requirements, evidence, and result for each requirement. Results shall distinguish fulfilled, not fulfilled, not assessed, and not applicable.","An assessment of committee performance shall declare the activity, period, mandate and governance editions, assessor, interests, applicable TC requirements, evidence, and result for each requirement. Results shall distinguish fulfilled, not fulfilled, not assessed, and not applicable.",f57fe3efdaccaabbe514321864e785cce610ec75f2ba9208d8cdc27c1b5fa990,f57fe3efdaccaabbe514321864e785cce610ec75f2ba9208d8cdc27c1b5fa990
GR-TC1-Charter,TC-077,unchanged,"The assessment shall include a trace from a selected material problem through source interpretation, candidate requirement, alternatives, assessment method, pilot or review evidence, disposition, and authorized decision. Breaks in the trace shall be recorded with their effect on the claimed readiness.","The assessment shall include a trace from a selected material problem through source interpretation, candidate requirement, alternatives, assessment method, pilot or review evidence, disposition, and authorized decision. Breaks in the trace shall be recorded with their effect on the claimed readiness.",cca23fb9ce840b7117832639f79c3e1c6b4dd85fd809eafce49d05e104a6d59d,cca23fb9ce840b7117832639f79c3e1c6b4dd85fd809eafce49d05e104a6d59d
GR-TC1-Charter,TC-078,unchanged,"The convenor shall assign owners and review dates for material performance findings and report unresolved scope, participation, capacity, or protection issues to the programme decision authority. Closing an action shall identify evidence of completion and any remaining limitation.","The convenor shall assign owners and review dates for material performance findings and report unresolved scope, participation, capacity, or protection issues to the programme decision authority. Closing an action shall identify evidence of completion and any remaining limitation.",5fd5d5fa2dcf1af4a5de6f657418409488ab36e73af687fcbe6bb5788dab7b67,5fd5d5fa2dcf1af4a5de6f657418409488ab36e73af687fcbe6bb5788dab7b67
GR-TC1-Charter,TC-079,unchanged,"The committee shall maintain a work-item and baseline record containing the authorized problem and scope, decision and mandate, output classes, accepted roles, sources, dependencies, versions, requirements, assessment methods, review milestones, permissions, resources, and remaining conditions. Each substantive update shall identify the responsible actor and reason.","The committee shall maintain a work-item and baseline record containing the authorized problem and scope, decision and mandate, output classes, accepted roles, sources, dependencies, versions, requirements, assessment methods, review milestones, permissions, resources, and remaining conditions. Each substantive update shall identify the responsible actor and reason.",a8aa741c91111bad82c097c337c5a43d597c677a0326e0c7053ee595ae2477c5,a8aa741c91111bad82c097c337c5a43d597c677a0326e0c7053ee595ae2477c5
GR-TC1-Charter,TC-080,unchanged,"The editor shall maintain a trace for each material requirement identifying its stable identifier, responsible publication, condition and subject, source passage or operational proposal, alternatives, decision rationale, assessment method, evidence, dependency versions, and unresolved question. Superseded interpretations shall remain linked to their replacements.","The editor shall maintain a trace for each material requirement identifying its stable identifier, responsible publication, condition and subject, source passage or operational proposal, alternatives, decision rationale, assessment method, evidence, dependency versions, and unresolved question. Superseded interpretations shall remain linked to their replacements.",e809297a45a47ef1bad46087e229296bfe014f571efd3d0c7dc63b8483ab0a82,e809297a45a47ef1bad46087e229296bfe014f571efd3d0c7dc63b8483ab0a82
GR-TC1-Charter,TC-081,unchanged,"A domain finding record shall identify the question, scope, reviewer and competence, relevant interests, evidence and access limitations, assessed alternatives, finding and reasons, progression effect, response, reply, action owner, and closure evidence. A safe public account shall be linked where the full record is restricted.","A domain finding record shall identify the question, scope, reviewer and competence, relevant interests, evidence and access limitations, assessed alternatives, finding and reasons, progression effect, response, reply, action owner, and closure evidence. A safe public account shall be linked where the full record is restricted.",90096fce75db408036ebfb4366c4ab2f46bbaa36d764620a58b9a1176baf2efb,90096fce75db408036ebfb4366c4ab2f46bbaa36d764620a58b9a1176baf2efb
GR-TC1-Charter,TC-082,unchanged,"A pilot record shall identify its authorization, actual participants, baseline versions, scenario, data and permissions, evaluation tasks, expected and actual outcomes, failures, burdens, deviations, stopping or restart decisions, evidence limitations, and requirement dispositions. Synthetic and independent elements shall be explicitly identified.","A pilot record shall identify its authorization, actual participants, baseline versions, scenario, data and permissions, evaluation tasks, expected and actual outcomes, failures, burdens, deviations, stopping or restart decisions, evidence limitations, and requirement dispositions. Synthetic and independent elements shall be explicitly identified.",96f3383af9a3086bbc46832006ceed6610c453f831954adda33e19f07df6cda0,96f3383af9a3086bbc46832006ceed6610c453f831954adda33e19f07df6cda0
GR-TC1-Charter,TC-083,unchanged,"The convenor shall provide an index linking the current baseline, scope decision, review and comment dispositions, pilot evidence, blocking findings, rights status, artifact manifest, maintenance assignment, and requested decision. The index shall identify unavailable or incomplete elements and their proposed treatment.","The convenor shall provide an index linking the current baseline, scope decision, review and comment dispositions, pilot evidence, blocking findings, rights status, artifact manifest, maintenance assignment, and requested decision. The index shall identify unavailable or incomplete elements and their proposed treatment.",f144959922b2ed1bcdb702a2f54b52d0dfa2eb3154428b6f2bbbbe62dc972a58,f144959922b2ed1bcdb702a2f54b52d0dfa2eb3154428b6f2bbbbe62dc972a58
GSP-Ethics-IP,EIP-001,unchanged,"The programme shall identify the adopted edition, effective scope, responsible ethics contact and alternate, protected reporting route, decision authority, and neutral-review route before treating this policy as operational. Until then it shall retain Governance Working Draft status.","The programme shall identify the adopted edition, effective scope, responsible ethics contact and alternate, protected reporting route, decision authority, and neutral-review route before treating this policy as operational. Until then it shall retain Governance Working Draft status.",52fadf92b346c7e3d2adde717866e4b7323a566d714a66f71c683151ff668db1,52fadf92b346c7e3d2adde717866e4b7323a566d714a66f71c683151ff668db1
GSP-Ethics-IP,EIP-002,unchanged,"The programme shall assess conduct, conflicts, substantive impacts, and contribution rights through distinguishable findings. A favorable finding in one area shall not be represented as clearance in another.","The programme shall assess conduct, conflicts, substantive impacts, and contribution rights through distinguishable findings. A favorable finding in one area shall not be represented as clearance in another.",d5c96714fbe2899ae76747c6c8c616404ece9e5a309c4b6f1ee8e8046b1cb408,d5c96714fbe2899ae76747c6c8c616404ece9e5a309c4b6f1ee8e8046b1cb408
GSP-Ethics-IP,EIP-003,unchanged,"Participants acting in programme roles shall not engage in harassment, threats, retaliation, discriminatory exclusion, or coercive disclosure of protected information. Critical disagreement about sources, methods, policy, and requirements shall remain eligible for reasoned consideration.","Participants acting in programme roles shall not engage in harassment, threats, retaliation, discriminatory exclusion, or coercive disclosure of protected information. Critical disagreement about sources, methods, policy, and requirements shall remain eligible for reasoned consideration.",cf6f41b23f6551a2ed90f8dac8dfe668017373965472aa6e33697422668b799c,cf6f41b23f6551a2ed90f8dac8dfe668017373965472aa6e33697422668b799c
GSP-Ethics-IP,EIP-004,unchanged,"A participant presenting a factual or source-based claim shall distinguish observation, quotation, interpretation, inference, and proposal where that distinction affects review. Known material errors, fabricated evidence, or falsely attributed sources shall not be retained as support after discovery without correction or explicit disputed status.","A participant presenting a factual or source-based claim shall distinguish observation, quotation, interpretation, inference, and proposal where that distinction affects review. Known material errors, fabricated evidence, or falsely attributed sources shall not be retained as support after discovery without correction or explicit disputed status.",b2bff9b6129bf508a25200bfcb6812badf0c52aee0f1cdf0ea8b195329698d76,b2bff9b6129bf508a25200bfcb6812badf0c52aee0f1cdf0ea8b195329698d76
GSP-Ethics-IP,EIP-005,unchanged,"Editors shall preserve attribution of material contributions and competing positions within actual permissions and protection needs. Authorship, acknowledgement, evidential reliability, ownership, and decision authority shall remain distinct.","Editors shall preserve attribution of material contributions and competing positions within actual permissions and protection needs. Authorship, acknowledgement, evidential reliability, ownership, and decision authority shall remain distinct.",00c7c04b24d7cb9f5810decf043096e161d9bd57e2b0ba379e3f0db3c3bc4aec,00c7c04b24d7cb9f5810decf043096e161d9bd57e2b0ba379e3f0db3c3bc4aec
GSP-Ethics-IP,EIP-006,unchanged,"A participant using AI assistance for a material draft, analysis, evidence synthesis, or disposition proposal shall identify the consequential assistance and the responsible human reviewer in the development record. The reviewer shall verify material sources and conclusions before relying on them.","A participant using AI assistance for a material draft, analysis, evidence synthesis, or disposition proposal shall identify the consequential assistance and the responsible human reviewer in the development record. The reviewer shall verify material sources and conclusions before relying on them.",081a646e30b8f0e1cd610afdf215cd0b5804707fcafd235554271ac3afea142f,081a646e30b8f0e1cd610afdf215cd0b5804707fcafd235554271ac3afea142f
GSP-Ethics-IP,EIP-007,unchanged,"Participants shall not submit protected, confidential, or third-party material to a tool or service without an established basis for that disclosure. Uncertainty about such a basis shall be resolved before the disclosure.","Participants shall not submit protected, confidential, or third-party material to a tool or service without an established basis for that disclosure. Uncertainty about such a basis shall be resolved before the disclosure.",0d4a3aefb590cf95c87350bdf953c393da643f7ea03b850de6916796d6378cd4,0d4a3aefb590cf95c87350bdf953c393da643f7ea03b850de6916796d6378cd4
GSP-Ethics-IP,EIP-008,unchanged,"Before accepting a decision or review role and when relevant circumstances change, a participant shall disclose interests that could materially affect, or reasonably call into question, their impartial performance of that role. The disclosure shall include relevant financial, employment, funding, authorship, institutional, personal, and infrastructural-control interests.","Before accepting a decision or review role and when relevant circumstances change, a participant shall disclose interests that could materially affect, or reasonably call into question, their impartial performance of that role. The disclosure shall include relevant financial, employment, funding, authorship, institutional, personal, and infrastructural-control interests.",9e9ef3a60192fca741221ef50cde4aa491cff5f7d46e4f824eca95c8aacc0650,9e9ef3a60192fca741221ef50cde4aa491cff5f7d46e4f824eca95c8aacc0650
GSP-Ethics-IP,EIP-009,unchanged,"The responsible coordinator shall record a conflict assessment, its author, the affected decision, the disclosed interest, protection limits, and the selected management action. Disclosure alone shall not be treated as resolving a conflict.","The responsible coordinator shall record a conflict assessment, its author, the affected decision, the disclosed interest, protection limits, and the selected management action. Disclosure alone shall not be treated as resolving a conflict.",f2c04cdef6fbd17cac42a6011d14ffc992c97451583f4d66d8d46560db832f73,f2c04cdef6fbd17cac42a6011d14ffc992c97451583f4d66d8d46560db832f73
GSP-Ethics-IP,EIP-010,unchanged,"A person shall not determine the disposition of a complaint against themselves, act as neutral reviewer of their own decision, or independently assess a rights clearance in which they have an unresolved material interest. The alternate route shall be used.","A person shall not determine the disposition of a complaint against themselves, act as neutral reviewer of their own decision, or independently assess a rights clearance in which they have an unresolved material interest. The alternate route shall be used.",0111d3acade6a97b51b21f99f519b4e4a208be5e542d7b46acf3afdaca9b68fd,0111d3acade6a97b51b21f99f519b4e4a208be5e542d7b46acf3afdaca9b68fd
GSP-Ethics-IP,EIP-011,unchanged,"Conflict management shall identify whether disclosure with oversight, separation of roles, partial recusal, replacement, or deferral is required. A recusal shall identify the decision scope and substitute authority without suppressing relevant technical evidence from the recused contributor.","Conflict management shall identify whether disclosure with oversight, separation of roles, partial recusal, replacement, or deferral is required. A recusal shall identify the decision scope and substitute authority without suppressing relevant technical evidence from the recused contributor.",3d25749999ad55c261bb59f3e9ccfed33b4d4500e86710885079eff3dbb0e645,3d25749999ad55c261bb59f3e9ccfed33b4d4500e86710885079eff3dbb0e645
GSP-Ethics-IP,EIP-012,unchanged,"The decision authority shall examine material concentration of funding, affiliation, available unpaid labor, infrastructure access, and agenda control when assessing fair consideration. If the concentration impairs review, it shall record corrective measures and reassess progression.","The decision authority shall examine material concentration of funding, affiliation, available unpaid labor, infrastructure access, and agenda control when assessing fair consideration. If the concentration impairs review, it shall record corrective measures and reassess progression.",38b66e9f1cc3e6b63882416dff69faa37ea56a31f2f388944a42b6d7b619d39a,38b66e9f1cc3e6b63882416dff69faa37ea56a31f2f388944a42b6d7b619d39a
GSP-Ethics-IP,EIP-013,unchanged,"The programme shall provide a reporting route to an ethics contact and an alternate independent of a reported person. Its notice shall explain receipt handling, who can access material, limits on confidentiality, possible outcomes, record retention, and the procedural-review route.","The programme shall provide a reporting route to an ethics contact and an alternate independent of a reported person. Its notice shall explain receipt handling, who can access material, limits on confidentiality, possible outcomes, record retention, and the procedural-review route.",6cbf94cdf14fa2f835699ca74f888b562ebb9a405944b99d29496429f9f1d553,6cbf94cdf14fa2f835699ca74f888b562ebb9a405944b99d29496429f9f1d553
GSP-Ethics-IP,EIP-014,unchanged,"A report shall receive acknowledgement, triage, status communication, and a reasoned disposition. The seven-calendar-day acknowledgement requirement in D1-035 and the 30-calendar-day initial-determination target, with reasoned extensions notified before expiry, in D1-036 shall apply to report handling without converting the report into a procedural appeal. An extension of the determination target shall not extend the acknowledgement requirement. Triage shall distinguish immediate protection needs, conduct issues, procedural appeals, substantive technical objections, and record-specific correction or access requests.","A report shall receive acknowledgement, triage, status communication, and a reasoned disposition. The seven-calendar-day acknowledgement requirement in D1-035 and the 30-calendar-day initial-determination target, with reasoned extensions notified before expiry, in D1-036 shall apply to report handling without converting the report into a procedural appeal. An extension of the determination target shall not extend the acknowledgement requirement. Triage shall distinguish immediate protection needs, conduct issues, procedural appeals, substantive technical objections, and record-specific correction or access requests.",f8fa593e503e0471163bd81a48878d9ac7bf19e439a47d612efef58cde070c91,f8fa593e503e0471163bd81a48878d9ac7bf19e439a47d612efef58cde070c91
GSP-Ethics-IP,EIP-015,unchanged,A report shall not be rejected solely because its author requests protected handling or lacks a formal role. The reviewer shall record whether limited identity or unavailable evidence constrains investigation and what fair assessment remains possible.,A report shall not be rejected solely because its author requests protected handling or lacks a formal role. The reviewer shall record whether limited identity or unavailable evidence constrains investigation and what fair assessment remains possible.,a9ff9b7830a92db4113fac3cfe4021b37e91a1c1b3886241f4e1d9e1dc2f1816,a9ff9b7830a92db4113fac3cfe4021b37e91a1c1b3886241f4e1d9e1dc2f1816
GSP-Ethics-IP,EIP-016,unchanged,"Before an adverse conduct finding, the responsible reviewer shall provide the affected person a sufficient account of the concern and an opportunity to respond, using redaction or a protected intermediary when necessary. Where protection prevents a fair determination, that limitation shall remain explicit.","Before an adverse conduct finding, the responsible reviewer shall provide the affected person a sufficient account of the concern and an opportunity to respond, using redaction or a protected intermediary when necessary. Where protection prevents a fair determination, that limitation shall remain explicit.",2c19ed71c8e082dacc4b04e7b9f4f7f8ddccc2129cce6a4af691df66fe233eb6,2c19ed71c8e082dacc4b04e7b9f4f7f8ddccc2129cce6a4af691df66fe233eb6
GSP-Ethics-IP,EIP-017,unchanged,"A temporary protective measure shall identify the immediate risk, authority, limited scope, review point, and route to challenge. It shall be distinguished from a concluded misconduct finding.","A temporary protective measure shall identify the immediate risk, authority, limited scope, review point, and route to challenge. It shall be distinguished from a concluded misconduct finding.",e79dad0648cb195aef014699ca56d946a6c74d1c4dba7db54b142610fbdceebf,e79dad0648cb195aef014699ca56d946a6c74d1c4dba7db54b142610fbdceebf
GSP-Ethics-IP,EIP-018,unchanged,"A final conduct disposition shall identify the applicable rule, assessed evidence and limits, conflicts and recusals, finding, reasons, proportionate remedy, responsible implementer, and review route. Available programme remedies include correction, facilitated participation, role reassignment, limited access, suspension, or removal under the Charter.","A final conduct disposition shall identify the applicable rule, assessed evidence and limits, conflicts and recusals, finding, reasons, proportionate remedy, responsible implementer, and review route. Available programme remedies include correction, facilitated participation, role reassignment, limited access, suspension, or removal under the Charter.",729ae2d69588fc6cd5966fa6beeb291985489de7ec777a9505ce72c412788ac7,729ae2d69588fc6cd5966fa6beeb291985489de7ec777a9505ce72c412788ac7
GSP-Ethics-IP,EIP-019,unchanged,The programme shall monitor agreed remedies and potential retaliation and shall publish a non-sensitive account sufficient to inspect procedural handling. Confidential material shall not be published merely to demonstrate transparency.,The programme shall monitor agreed remedies and potential retaliation and shall publish a non-sensitive account sufficient to inspect procedural handling. Confidential material shall not be published merely to demonstrate transparency.,9e53c57b4f9e51e6f98424785531e90b06d860274af956b3e650a7e48a9e8fd9,9e53c57b4f9e51e6f98424785531e90b06d860274af956b3e650a7e48a9e8fd9
GSP-Ethics-IP,EIP-020,unchanged,"If a fair, sufficiently independent review cannot be provided, the programme shall record that limitation, preserve appropriate protections, and defer the affected consequential determination. It shall not represent inability to investigate as proof that a report is false or established.","If a fair, sufficiently independent review cannot be provided, the programme shall record that limitation, preserve appropriate protections, and defer the affected consequential determination. It shall not represent inability to investigate as proof that a report is false or established.",1027ac58b59736406d6affda9968d9b83f1adca355bc8d9e2f0d496670c90534,1027ac58b59736406d6affda9968d9b83f1adca355bc8d9e2f0d496670c90534
GSP-Ethics-IP,EIP-021,unchanged,"Each work item shall assess whose experiences become visible, who can challenge classifications, who bears recording and review burdens, and who gains control or access through the proposed infrastructure. Assessment shall consider relevant alternatives, evidence, and residual uncertainty.","Each work item shall assess whose experiences become visible, who can challenge classifications, who bears recording and review burdens, and who gains control or access through the proposed infrastructure. Assessment shall consider relevant alternatives, evidence, and residual uncertainty.",5c77dc17e22ccdf20d639a505b1865a8160fb54c76842bdd7c9c122a17e5c594,5c77dc17e22ccdf20d639a505b1865a8160fb54c76842bdd7c9c122a17e5c594
GSP-Ethics-IP,EIP-022,unchanged,"An impact assessment shall distinguish observed effects, predicted effects, value commitments, and institutional choices. It shall identify material tradeoffs involving recognition, privacy, autonomy, unequal participation, maintenance labor, ecological conditions, and future capacities where relevant to the use case.","An impact assessment shall distinguish observed effects, predicted effects, value commitments, and institutional choices. It shall identify material tradeoffs involving recognition, privacy, autonomy, unequal participation, maintenance labor, ecological conditions, and future capacities where relevant to the use case.",926b725269e58a8c61714cbd43fd35958d2238a1a8e20ae1fc17c8608d58db2e,926b725269e58a8c61714cbd43fd35958d2238a1a8e20ae1fc17c8608d58db2e
GSP-Ethics-IP,EIP-023,unchanged,"Before a real pilot or consequential expansion, the responsible authority shall record its purpose, actual participants and mandate, permitted material, accessible notice and challenge routes, protection measures, monitoring, stop conditions, and capacity to implement correction or repair.","Before a real pilot or consequential expansion, the responsible authority shall record its purpose, actual participants and mandate, permitted material, accessible notice and challenge routes, protection measures, monitoring, stop conditions, and capacity to implement correction or repair.",24bf816b6568ad92eb3a09c3fa93a971c16968ab79c9370412f50a0546e0bedd,24bf816b6568ad92eb3a09c3fa93a971c16968ab79c9370412f50a0546e0bedd
GSP-Ethics-IP,EIP-024,unchanged,"A proposal involving contribution or generativity return shall distinguish descriptive attribution, normative evaluation, and any proposed allocation of benefits or responsibilities. It shall not infer a monetary amount, entitlement, or contractual obligation solely from a generativity record.","A proposal involving contribution or generativity return shall distinguish descriptive attribution, normative evaluation, and any proposed allocation of benefits or responsibilities. It shall not infer a monetary amount, entitlement, or contractual obligation solely from a generativity record.",0c59d2ff36fb2cd2091615ec86e46237b73845739539415b078489afff22f060,0c59d2ff36fb2cd2091615ec86e46237b73845739539415b078489afff22f060
GSP-Ethics-IP,EIP-025,unchanged,A material unresolved ethical or participation finding shall receive a recorded disposition before the affected publication or pilot decision. Completion of a form shall not alone establish that an impact is acceptable or a remedy effective.,A material unresolved ethical or participation finding shall receive a recorded disposition before the affected publication or pilot decision. Completion of a form shall not alone establish that an impact is acceptable or a remedy effective.,e35b1c0e8fc2cf7d1c28b533fdfc04b3240eddfbabef22acb2b6c6f489787e2a,e35b1c0e8fc2cf7d1c28b533fdfc04b3240eddfbabef22acb2b6c6f489787e2a
GSP-Ethics-IP,EIP-026,unchanged,"For contributed material proposed for incorporation or distribution, the rights register shall identify the artifact and version, contributor and stated capacity, claimed rights holder, source, intended uses, asserted permission or licence, restrictions, third-party components, evidence of authority, and unresolved questions.","For contributed material proposed for incorporation or distribution, the rights register shall identify the artifact and version, contributor and stated capacity, claimed rights holder, source, intended uses, asserted permission or licence, restrictions, third-party components, evidence of authority, and unresolved questions.",3f20f86f1128619c0dd4fa46c9e4257fc968176c7c6da3f580b5bf750bdc0c7e,3f20f86f1128619c0dd4fa46c9e4257fc968176c7c6da3f580b5bf750bdc0c7e
GSP-Ethics-IP,EIP-027,unchanged,"A contribution record shall distinguish permission to examine material from permission to incorporate, edit, redistribute, sublicense, or publish it. Repository access, submission of comments, acknowledgement, or the absence of a licence notice shall not alone be treated as permission for those further uses.","A contribution record shall distinguish permission to examine material from permission to incorporate, edit, redistribute, sublicense, or publish it. Repository access, submission of comments, acknowledgement, or the absence of a licence notice shall not alone be treated as permission for those further uses.",5cce9d17e152e29ab08bd8d2d6345b66a35dc71ba8970e6ff72ae68fcf706d67,5cce9d17e152e29ab08bd8d2d6345b66a35dc71ba8970e6ff72ae68fcf706d67
GSP-Ethics-IP,EIP-028,unchanged,"The programme shall keep terms for prose, schemas, software, examples, datasets, and foundation manuscripts separately identifiable. A licence applying to one artifact class shall not be presumed to cover the others.","The programme shall keep terms for prose, schemas, software, examples, datasets, and foundation manuscripts separately identifiable. A licence applying to one artifact class shall not be presumed to cover the others.",a7c7e3b37eafa4a588ad340f3438214c96fee1de0a40e10294781f5e7c4094b6,a7c7e3b37eafa4a588ad340f3438214c96fee1de0a40e10294781f5e7c4094b6
GSP-Ethics-IP,EIP-029,unchanged,"Foundation manuscripts and third-party sources shall retain their recorded source terms. Incorporating a source in the foundation manifest, citing it, extracting concepts from it, or placing it in the repository shall not be represented as relicensing the source.","Foundation manuscripts and third-party sources shall retain their recorded source terms. Incorporating a source in the foundation manifest, citing it, extracting concepts from it, or placing it in the repository shall not be represented as relicensing the source.",7c9033c0b597d8bc4fde66bb84a1557b1c68ed8cd2352df2673d5ea1411726ec,7c9033c0b597d8bc4fde66bb84a1557b1c68ed8cd2352df2673d5ea1411726ec
GSP-Ethics-IP,EIP-030,unchanged,"Before public distribution of an artifact, the designated rights reviewer shall record that the intended distribution and included material are covered by identified permissions or another reviewed basis. Unclear rights shall block the affected distribution, while drafting and review within established permissions may continue.","Before public distribution of an artifact, the designated rights reviewer shall record that the intended distribution and included material are covered by identified permissions or another reviewed basis. Unclear rights shall block the affected distribution, while drafting and review within established permissions may continue.",03e1580d36ba73649cec54dfe452ec4f5209cd6d70d4d9fc8a3523879776ff6c,03e1580d36ba73649cec54dfe452ec4f5209cd6d70d4d9fc8a3523879776ff6c
GSP-Ethics-IP,EIP-031,unchanged,"Where an intended use exceeds available permission, the editor shall obtain suitable permission, replace or remove the material, narrow the use, or retain the affected artifact as restricted. The disposition shall preserve the source and reason without exposing restricted content.","Where an intended use exceeds available permission, the editor shall obtain suitable permission, replace or remove the material, narrow the use, or retain the affected artifact as restricted. The disposition shall preserve the source and reason without exposing restricted content.",0b5f18f2a486e2b9b5fad53d5150a93400ec95b2b8990ac639b3d788ab8993ea,0b5f18f2a486e2b9b5fad53d5150a93400ec95b2b8990ac639b3d788ab8993ea
GSP-Ethics-IP,EIP-032,unchanged,"A change in contribution or publication terms shall identify the artifacts and versions affected, authority for the change, contributor acceptance needed, and transition treatment. A new licence shall not be represented as retrospectively covering existing contributions without an established basis.","A change in contribution or publication terms shall identify the artifacts and versions affected, authority for the change, contributor acceptance needed, and transition treatment. A new licence shall not be represented as retrospectively covering existing contributions without an established basis.",e5db1b6f616f08f29ad1328eb08481b8f02672a131758914fbdd79eca7ea6c82,e5db1b6f616f08f29ad1328eb08481b8f02672a131758914fbdd79eca7ea6c82
GSP-Ethics-IP,EIP-033,unchanged,"Before offering contribution terms or choosing publication licences, the programme shall record its organizational and jurisdictional context, intended rights and obligations, artifact classes, alternatives, implementation consequences, and review by a person competent for the relevant rights questions.","Before offering contribution terms or choosing publication licences, the programme shall record its organizational and jurisdictional context, intended rights and obligations, artifact classes, alternatives, implementation consequences, and review by a person competent for the relevant rights questions.",17a91d1d45eccd24f91faa87d7e248dd6f68c28a632a89a10a42d6eb43d08d78,17a91d1d45eccd24f91faa87d7e248dd6f68c28a632a89a10a42d6eb43d08d78
GSP-Ethics-IP,EIP-034,unchanged,The programme shall make operative contribution terms available before requesting assent to them and shall retain the accepted version and scope. A record of assent shall not assert that the contributor holds rights that remain unverified.,The programme shall make operative contribution terms available before requesting assent to them and shall retain the accepted version and scope. A record of assent shall not assert that the contributor holds rights that remain unverified.,062b6256083df6baa01458982fd11b301968c1c009ccda9f4cf91657f9408a13,062b6256083df6baa01458982fd11b301968c1c009ccda9f4cf91657f9408a13
GSP-Ethics-IP,EIP-035,unchanged,"A participant aware of a potentially material rights obstacle to implementing a proposed requirement shall report the known concern and its basis to the designated rights contact. The report shall distinguish actual knowledge, an asserted claim, and unresolved inference; it shall not be presented as a legal determination.","A participant aware of a potentially material rights obstacle to implementing a proposed requirement shall report the known concern and its basis to the designated rights contact. The report shall distinguish actual knowledge, an asserted claim, and unresolved inference; it shall not be presented as a legal determination.",ca736a84526e37c4b4532d3e91911071e98dd99d1a486eebdcf23b6e60732e11,ca736a84526e37c4b4532d3e91911071e98dd99d1a486eebdcf23b6e60732e11
GSP-Ethics-IP,EIP-036,unchanged,"The programme shall record a material implementation-rights concern, affected requirements, available public information, review competence needed, feasible alternatives, and its disposition before approving an implementation claim that depends on the concern.","The programme shall record a material implementation-rights concern, affected requirements, available public information, review competence needed, feasible alternatives, and its disposition before approving an implementation claim that depends on the concern.",8cd8d77d409abb9e98165a70e97f6ab9b9a38120902cf3b8e24eee5982acd9c9,8cd8d77d409abb9e98165a70e97f6ab9b9a38120902cf3b8e24eee5982acd9c9
GSP-Ethics-IP,EIP-037,unchanged,"No programme participant shall make a licensing promise, patent assurance, rights waiver, or financial commitment on behalf of another person or institution without documented authority. A declaration under another organization's process shall not be represented as a programme agreement without review of its actual scope.","No programme participant shall make a licensing promise, patent assurance, rights waiver, or financial commitment on behalf of another person or institution without documented authority. A declaration under another organization's process shall not be represented as a programme agreement without review of its actual scope.",d51530af2ba8d703d4be4540b4e90afeed362cf7906937e27be9b11711db2012,d51530af2ba8d703d4be4540b4e90afeed362cf7906937e27be9b11711db2012
GSP-Ethics-IP,EIP-038,unchanged,"Where implementation rights remain materially unresolved, the responsible decision authority shall narrow the claim, select a reviewed alternative, or defer the affected normative adoption. An empty concerns register shall not be described as proof that implementation is free of third-party rights.","Where implementation rights remain materially unresolved, the responsible decision authority shall narrow the claim, select a reviewed alternative, or defer the affected normative adoption. An empty concerns register shall not be described as proof that implementation is free of third-party rights.",4de82d6bbd4b8b78b5a55723457fcdf448ca08ae880d4ad35b960d684e0f8fc6,4de82d6bbd4b8b78b5a55723457fcdf448ca08ae880d4ad35b960d684e0f8fc6
GSP-Ethics-IP,EIP-039,unchanged,"Ethics, conflict, and rights records shall identify an accountable custodian, access rules, retention or review basis, correction route, and treatment of protected information. Public decision evidence shall avoid unnecessary disclosure while making authority, procedure, and unresolved limits inspectable.","Ethics, conflict, and rights records shall identify an accountable custodian, access rules, retention or review basis, correction route, and treatment of protected information. Public decision evidence shall avoid unnecessary disclosure while making authority, procedure, and unresolved limits inspectable.",9d1c1574750aba836c57a4dbff59178472efbcd917e6827ec8c1dd87c75ebd0b,9d1c1574750aba836c57a4dbff59178472efbcd917e6827ec8c1dd87c75ebd0b
GSP-Ethics-IP,EIP-040,unchanged,"The programme shall review this policy with the governance review cycle and after a material complaint, rights dispute, change of legal or organizational context, or change in publication arrangements. A revision shall preserve the prior edition and unresolved cases' transition treatment.","The programme shall review this policy with the governance review cycle and after a material complaint, rights dispute, change of legal or organizational context, or change in publication arrangements. A revision shall preserve the prior edition and unresolved cases' transition treatment.",57dd7b464d7532affbae4a34d1fb72eba1f14957cae19fc42e977b54c73e6a46,57dd7b464d7532affbae4a34d1fb72eba1f14957cae19fc42e977b54c73e6a46
GSP-Ethics-IP,EIP-041,unchanged,"The responsible handler shall identify the operative policy and procedure editions for each matter and record any conflict affecting authority, timing, protection, or available remedy. A consequential dependent determination shall await resolution of a material conflict within actual authority.","The responsible handler shall identify the operative policy and procedure editions for each matter and record any conflict affecting authority, timing, protection, or available remedy. A consequential dependent determination shall await resolution of a material conflict within actual authority.",364f184923aae922f8d32af6fa5c21249d7fe5c1dd9cc31919fc822983c977aa,364f184923aae922f8d32af6fa5c21249d7fe5c1dd9cc31919fc822983c977aa
GSP-Ethics-IP,EIP-042,unchanged,"The governance authority shall assign an ethics contact, an alternate, conflict-decision responsibility, competent rights review, record custody, and neutral procedural review before relying on those functions. Each holder shall accept a bounded mandate and declare interests; an unassigned function shall remain visibly unavailable.","The governance authority shall assign an ethics contact, an alternate, conflict-decision responsibility, competent rights review, record custody, and neutral procedural review before relying on those functions. Each holder shall accept a bounded mandate and declare interests; an unassigned function shall remain visibly unavailable.",56ed161407c98c99449c5260389288483b5bfd955b0a82722e3ffb5304bb9030,56ed161407c98c99449c5260389288483b5bfd955b0a82722e3ffb5304bb9030
GSP-Ethics-IP,EIP-043,unchanged,"The ethics contact shall receive and triage reports, arrange appropriate consideration, communicate status, and protect access. The investigator or assessor shall examine the stated question; the authorized decision maker shall determine programme findings and remedies. Where functions are combined, the record shall identify resulting limits and independent review needed.","The ethics contact shall receive and triage reports, arrange appropriate consideration, communicate status, and protect access. The investigator or assessor shall examine the stated question; the authorized decision maker shall determine programme findings and remedies. Where functions are combined, the record shall identify resulting limits and independent review needed.",fbc77d3b8d98d05012b4e2dc25307363eb22e26637fbf4d4c01dde3353d438a4,fbc77d3b8d98d05012b4e2dc25307363eb22e26637fbf4d4c01dde3353d438a4
GSP-Ethics-IP,EIP-044,unchanged,"Before opening a protected reporting route, the custodian shall verify restricted access, a safe alternate contact, retention arrangements, incident handling, and the information provided to reporters about confidentiality limits. If the route fails, the custodian shall publish or directly provide a safe alternative and prevent further avoidable disclosure.","Before opening a protected reporting route, the custodian shall verify restricted access, a safe alternate contact, retention arrangements, incident handling, and the information provided to reporters about confidentiality limits. If the route fails, the custodian shall publish or directly provide a safe alternative and prevent further avoidable disclosure.",4c94cac0b471db6c08932016ed1d74ae02575f48ec7d7499e6c2074f858e686e,4c94cac0b471db6c08932016ed1d74ae02575f48ec7d7499e6c2074f858e686e
GSP-Ethics-IP,EIP-045,unchanged,"The responsible authority shall provide information on feasible assistance with language, access, or submission format and shall record unmet needs and their effect on fair consideration. A person shall not be required to expose protected information publicly to obtain assistance.","The responsible authority shall provide information on feasible assistance with language, access, or submission format and shall record unmet needs and their effect on fair consideration. A person shall not be required to expose protected information publicly to obtain assistance.",96ea10fbe48377b533830ceafb4b8aeaaa8b684549ab460093b9b13bb157cade,96ea10fbe48377b533830ceafb4b8aeaaa8b684549ab460093b9b13bb157cade
GSP-Ethics-IP,EIP-046,unchanged,"A material capacity gap in impartial handling, rights competence, or protection shall be reported to the governance authority with a proposed reassignment, narrower scope, or deferral. Continued drafting within existing permission shall remain distinct from approval of the affected use or finding.","A material capacity gap in impartial handling, rights competence, or protection shall be reported to the governance authority with a proposed reassignment, narrower scope, or deferral. Continued drafting within existing permission shall remain distinct from approval of the affected use or finding.",da5d762644c22ed5529910a586878b920bb6fe9f544d04cdb71b6ad83174605c,da5d762644c22ed5529910a586878b920bb6fe9f544d04cdb71b6ad83174605c
GSP-Ethics-IP,EIP-047,unchanged,"A participant identifying a material error in their earlier contribution shall notify the responsible editor and supply the correction or known uncertainty. The editor shall assess affected arguments, decisions, and artifacts and retain an attributable correction record.","A participant identifying a material error in their earlier contribution shall notify the responsible editor and supply the correction or known uncertainty. The editor shall assess affected arguments, decisions, and artifacts and retain an attributable correction record.",8b33c468b0912a340cc7026e918de57fc91aaddc57bcb48e21feebc3026db19a,8b33c468b0912a340cc7026e918de57fc91aaddc57bcb48e21feebc3026db19a
GSP-Ethics-IP,EIP-048,unchanged,"A claim that a contribution was deliberately fabricated or knowingly misattributed shall be assessed through the conduct procedure. A disputed interpretation, incomplete evidence, ordinary error, or unsubstantiated report shall not by itself establish intentional misconduct.","A claim that a contribution was deliberately fabricated or knowingly misattributed shall be assessed through the conduct procedure. A disputed interpretation, incomplete evidence, ordinary error, or unsubstantiated report shall not by itself establish intentional misconduct.",410a73558c6c77122453064b570da6932731d00f68a7fa4a1a7895f7010b57bf,410a73558c6c77122453064b570da6932731d00f68a7fa4a1a7895f7010b57bf
GSP-Ethics-IP,EIP-049,unchanged,"A consequential AI-use record shall identify the task, material source categories, transformations relied on, responsible human reviewer, verification performed, and known limits relevant to the resulting claim. Protected prompts or source contents shall not be exposed solely to demonstrate that assistance occurred.","A consequential AI-use record shall identify the task, material source categories, transformations relied on, responsible human reviewer, verification performed, and known limits relevant to the resulting claim. Protected prompts or source contents shall not be exposed solely to demonstrate that assistance occurred.",150bf61c885ba21142a3e36ad9e1b1d77ab7a4d5b573603e7c7fc816982920cf,150bf61c885ba21142a3e36ad9e1b1d77ab7a4d5b573603e7c7fc816982920cf
GSP-Ethics-IP,EIP-050,unchanged,"When external processing terms or data handling change materially, the responsible user shall reassess permitted disclosure and reliance before further affected use. A tool's technical availability shall not establish permission to disclose material or confidence in its output.","When external processing terms or data handling change materially, the responsible user shall reassess permitted disclosure and reliance before further affected use. A tool's technical availability shall not establish permission to disclose material or confidence in its output.",c37e90cc420b63a6ebe493f9cbc59ee0f855195b270c79e026653198458a3677,c37e90cc420b63a6ebe493f9cbc59ee0f855195b270c79e026653198458a3677
GSP-Ethics-IP,EIP-051,unchanged,"An interest disclosure shall identify the affected role or decision, nature and duration of the interest, relevant relationships, and protection needs. The conflict assessor shall distinguish an actual conflict, a reasonably perceived conflict needing management, and an interest not material to the stated role, with reasons.","An interest disclosure shall identify the affected role or decision, nature and duration of the interest, relevant relationships, and protection needs. The conflict assessor shall distinguish an actual conflict, a reasonably perceived conflict needing management, and an interest not material to the stated role, with reasons.",5766cd792bac36d2a2179bd2393ac24ebd5c2b79100227cbce986417ed3fa5e4,5766cd792bac36d2a2179bd2393ac24ebd5c2b79100227cbce986417ed3fa5e4
GSP-Ethics-IP,EIP-052,unchanged,"Before the affected decision proceeds, the conflict assessor shall communicate the management decision to the role holder and responsible chair and record any objection. A challenged assessment involving the assessor's own interests shall be referred to the alternate or neutral route.","Before the affected decision proceeds, the conflict assessor shall communicate the management decision to the role holder and responsible chair and record any objection. A challenged assessment involving the assessor's own interests shall be referred to the alternate or neutral route.",cb5ba8eef9938b8018a4ff12fd5e8bec864473ed82c69d04b98556d4720a2545,cb5ba8eef9938b8018a4ff12fd5e8bec864473ed82c69d04b98556d4720a2545
GSP-Ethics-IP,EIP-053,unchanged,"A recusal arrangement shall identify prohibited decision participation, permitted factual or technical contribution, access limitations where justified, substitute authority, duration, and reconsideration trigger. The chair shall verify that the recusal was applied and record its consequence for eligibility or quorum.","A recusal arrangement shall identify prohibited decision participation, permitted factual or technical contribution, access limitations where justified, substitute authority, duration, and reconsideration trigger. The chair shall verify that the recusal was applied and record its consequence for eligibility or quorum.",32d7640c4c36136f0b0aa2625602ea807137774238d6e6b4d1e69c53425fa94b,32d7640c4c36136f0b0aa2625602ea807137774238d6e6b4d1e69c53425fa94b
GSP-Ethics-IP,EIP-054,unchanged,"If an undisclosed material interest is discovered after a decision, the governance authority shall assess the affected procedure and outcome, obtain independent consideration where needed, and record whether disclosure, renewed review, repeated decision, or another remedy is required. Retrospective disclosure shall not alone cure a defective process.","If an undisclosed material interest is discovered after a decision, the governance authority shall assess the affected procedure and outcome, obtain independent consideration where needed, and record whether disclosure, renewed review, repeated decision, or another remedy is required. Retrospective disclosure shall not alone cure a defective process.",e7b42a58c30242a7057520431fa9f24e5917a534b1d9230fb2ce1724299c80c2,e7b42a58c30242a7057520431fa9f24e5917a534b1d9230fb2ce1724299c80c2
GSP-Ethics-IP,EIP-055,unchanged,"Measures addressing concentrated influence shall identify the actual mechanism, such as agenda control, dependence on one host, repeated affiliations, or unequal time resources, and the proposed response. The assessment shall not treat head count alone as evidence of balanced influence or stigmatize a contributor solely for an affiliation.","Measures addressing concentrated influence shall identify the actual mechanism, such as agenda control, dependence on one host, repeated affiliations, or unequal time resources, and the proposed response. The assessment shall not treat head count alone as evidence of balanced influence or stigmatize a contributor solely for an affiliation.",6559fb54e89f3c17a77d50767ccf41155d4ca4defa818ee098a441654801c7b9,6559fb54e89f3c17a77d50767ccf41155d4ca4defa818ee098a441654801c7b9
GSP-Ethics-IP,EIP-056,unchanged,"At intake, the ethics contact shall assign a stable identifier, record the reported concern and relevant programme connection, acknowledge the requested protection, identify immediate risk, and explain the next handling step. Requests for additional information shall be limited to what is needed for that step.","At intake, the ethics contact shall assign a stable identifier, record the reported concern and relevant programme connection, acknowledge the requested protection, identify immediate risk, and explain the next handling step. Requests for additional information shall be limited to what is needed for that step.",83c4726c79fa504e68a61ef36ffe78d7a25d7284d1eaeae65f9cc5c9bd5eb737,83c4726c79fa504e68a61ef36ffe78d7a25d7284d1eaeae65f9cc5c9bd5eb737
GSP-Ethics-IP,EIP-057,unchanged,"Triage shall identify scope, required authority and competence, potential conflicts, available evidence, immediate protection needs, and whether another programme or external route is relevant. A referral shall preserve the original receipt history and explain what the programme will and will not determine.","Triage shall identify scope, required authority and competence, potential conflicts, available evidence, immediate protection needs, and whether another programme or external route is relevant. A referral shall preserve the original receipt history and explain what the programme will and will not determine.",8b3fe67b81b5a8f8b5635180843877d5c954619bacab5bfbe459ba21c9283d36,8b3fe67b81b5a8f8b5635180843877d5c954619bacab5bfbe459ba21c9283d36
GSP-Ethics-IP,EIP-058,unchanged,"When a report contains both a technical objection and a conduct allegation, the handler shall provide linked but distinct handling records. The technical concern shall not lose consideration because the conduct allegation is unsubstantiated, and a conduct concern shall not be dismissed solely because the technical proposal is accepted.","When a report contains both a technical objection and a conduct allegation, the handler shall provide linked but distinct handling records. The technical concern shall not lose consideration because the conduct allegation is unsubstantiated, and a conduct concern shall not be dismissed solely because the technical proposal is accepted.",8f6f2b1e7cc09f46c153f666134ef7021ebfdd09e22a9f2cdc8a37ae82ba1849,8f6f2b1e7cc09f46c153f666134ef7021ebfdd09e22a9f2cdc8a37ae82ba1849
GSP-Ethics-IP,EIP-059,unchanged,"The handler shall assess an anonymous or partly identified report to the extent supported by available information and record limits on verification, reply, and remedy. Identity disclosure shall not be demanded without a stated handling need and consideration of a less intrusive alternative.","The handler shall assess an anonymous or partly identified report to the extent supported by available information and record limits on verification, reply, and remedy. Identity disclosure shall not be demanded without a stated handling need and consideration of a less intrusive alternative.",93f972752ea92abf013755d657dec2d244ad46312f2ec2af8bc089a08f0dfa6d,93f972752ea92abf013755d657dec2d244ad46312f2ec2af8bc089a08f0dfa6d
GSP-Ethics-IP,EIP-060,unchanged,"A repeated submission shall be linked to earlier handling and assessed for new evidence, unaddressed grounds, or changed circumstances. Limits on repetitive or abusive contact shall state the conduct basis, safe route for materially new information, scope, review date, and challenge route. Mere persistence in disagreement shall not establish abuse.","A repeated submission shall be linked to earlier handling and assessed for new evidence, unaddressed grounds, or changed circumstances. Limits on repetitive or abusive contact shall state the conduct basis, safe route for materially new information, scope, review date, and challenge route. Mere persistence in disagreement shall not establish abuse.",a3d6fcac7f7111b4352c0dd4949dd77eaaf906b836df4eb13d7b9566b5edb7c9,a3d6fcac7f7111b4352c0dd4949dd77eaaf906b836df4eb13d7b9566b5edb7c9
GSP-Ethics-IP,EIP-061,unchanged,"Before a substantive inquiry, the appointed assessor shall state the questions, applicable programme rules, scope, evidence sources, access arrangements, opportunities to respond, intended timetable, and decision authority. A material expansion shall be notified to affected participants with an adequate response opportunity.","Before a substantive inquiry, the appointed assessor shall state the questions, applicable programme rules, scope, evidence sources, access arrangements, opportunities to respond, intended timetable, and decision authority. A material expansion shall be notified to affected participants with an adequate response opportunity.",28ee9d99045b4607e14f2012ab59b1382a004c73677004d838b6c17a8bbcf56d,28ee9d99045b4607e14f2012ab59b1382a004c73677004d838b6c17a8bbcf56d
GSP-Ethics-IP,EIP-062,unchanged,"The assessor shall distinguish direct information, testimony, contemporaneous records, inference, hearsay, and disputed interpretation where that distinction affects the finding. Relevant contrary evidence and plausible alternative explanations shall be examined; source status alone shall not determine credibility.","The assessor shall distinguish direct information, testimony, contemporaneous records, inference, hearsay, and disputed interpretation where that distinction affects the finding. Relevant contrary evidence and plausible alternative explanations shall be examined; source status alone shall not determine credibility.",20a90907ee148d7d87759b0a111fbfbe9a303fd40df6d6b6a8d8d6a4158907b5,20a90907ee148d7d87759b0a111fbfbe9a303fd40df6d6b6a8d8d6a4158907b5
GSP-Ethics-IP,EIP-063,unchanged,"The assessor shall document evidential gaps and the reasons material may be unavailable, including protection, loss, or lack of access. An unavailable record or a person's inability to participate shall not automatically be treated as proof of the alleged conduct or its absence.","The assessor shall document evidential gaps and the reasons material may be unavailable, including protection, loss, or lack of access. An unavailable record or a person's inability to participate shall not automatically be treated as proof of the alleged conduct or its absence.",a9f427a4901c8b86876a38965a0fbbe0b1151ea34c0ad75bff50a57370e05c70,a9f427a4901c8b86876a38965a0fbbe0b1151ea34c0ad75bff50a57370e05c70
GSP-Ethics-IP,EIP-064,unchanged,"A response invitation shall identify the material concern and grounds sufficiently for a meaningful reply, the response route and deadline, available assistance, and the proposed decision scope. If safe disclosure cannot support a fair finding, the limitation shall prevent an unsupported adverse determination.","A response invitation shall identify the material concern and grounds sufficiently for a meaningful reply, the response route and deadline, available assistance, and the proposed decision scope. If safe disclosure cannot support a fair finding, the limitation shall prevent an unsupported adverse determination.",389fa310ed27e21f20755d07b5887390aee67dee568c2e9c1f3753a4972a3193,389fa310ed27e21f20755d07b5887390aee67dee568c2e9c1f3753a4972a3193
GSP-Ethics-IP,EIP-065,unchanged,"The assessor shall avoid unnecessary repeated disclosure of sensitive experiences and shall record how protected testimony can be tested fairly through safe summaries, questions, or an authorized intermediary. A summary materially interpreted by another person shall retain that mediation and any confirmation or dispute by its source.","The assessor shall avoid unnecessary repeated disclosure of sensitive experiences and shall record how protected testimony can be tested fairly through safe summaries, questions, or an authorized intermediary. A summary materially interpreted by another person shall retain that mediation and any confirmation or dispute by its source.",f30c7bb90e98f2c47b542fe69f68afc7ab8416950fa236193da3dbea5459a994,f30c7bb90e98f2c47b542fe69f68afc7ab8416950fa236193da3dbea5459a994
GSP-Ethics-IP,EIP-066,unchanged,"The handler shall obtain an appropriate rights and protection assessment before disclosing case material to an external institution. A claimed obligation to disclose shall identify the competent authority, context, basis, and unresolved questions; the policy itself shall not be treated as creating that obligation.","The handler shall obtain an appropriate rights and protection assessment before disclosing case material to an external institution. A claimed obligation to disclose shall identify the competent authority, context, basis, and unresolved questions; the policy itself shall not be treated as creating that obligation.",602d416f14e88935dc6034caebcd4903ed4cc61da8c9b4d5930302e4cab81434,602d416f14e88935dc6034caebcd4903ed4cc61da8c9b4d5930302e4cab81434
GSP-Ethics-IP,EIP-067,unchanged,"The authority issuing a protective measure shall identify less restrictive feasible alternatives, the effect on participation and evidence access, the person responsible for review, and the conditions for ending or modifying the measure. The D1-050 controls shall apply to temporary protective measures under this policy, including participation restrictions: independent review within seven calendar days and expiry within 30 calendar days unless the governance authority records a justified extension, next review date, and remedy plan. Continued restriction shall retain renewed reasons and an available challenge route; temporary protection shall not become a permanent sanction through elapsed time alone. These controls shall not expand the programme's substantive authority.","The authority issuing a protective measure shall identify less restrictive feasible alternatives, the effect on participation and evidence access, the person responsible for review, and the conditions for ending or modifying the measure. The D1-050 controls shall apply to temporary protective measures under this policy, including participation restrictions: independent review within seven calendar days and expiry within 30 calendar days unless the governance authority records a justified extension, next review date, and remedy plan. Continued restriction shall retain renewed reasons and an available challenge route; temporary protection shall not become a permanent sanction through elapsed time alone. These controls shall not expand the programme's substantive authority.",5097ed9366e53f74bac45b5f3bfcebd22d539e116420209a72befd23bb387971,5097ed9366e53f74bac45b5f3bfcebd22d539e116420209a72befd23bb387971
GSP-Ethics-IP,EIP-068,unchanged,"A person subject to a protective measure shall receive its scope, safe reasons, duration or review point, and challenge route to the extent consistent with immediate protection. Any delayed notice shall be justified and reviewed rather than omitted indefinitely.","A person subject to a protective measure shall receive its scope, safe reasons, duration or review point, and challenge route to the extent consistent with immediate protection. Any delayed notice shall be justified and reviewed rather than omitted indefinitely.",690000bb7ac593136120e5e1c605caa346797374f2e885f9788d26b206bfbc28,690000bb7ac593136120e5e1c605caa346797374f2e885f9788d26b206bfbc28
GSP-Ethics-IP,EIP-069,unchanged,"For an internal conduct finding, the decision maker shall distinguish substantiated, not substantiated on available evidence, outside mandate, and resolved by an agreed measure without a conduct finding. A substantiated finding shall explain why the alleged conduct is more likely than not on the assessed evidence, address material contrary information and plausible alternatives, and identify limits. A numerical probability shall not be required. Where the assessment does not favor the alleged conduct over its non-occurrence, including an unresolved balance, the allegation shall not be classified as substantiated. This criterion shall not override EIP-016, EIP-020, or EIP-064 concerning fair response and sufficiently independent consideration, and shall not be represented as an external legal finding or burden of proof.","For an internal conduct finding, the decision maker shall distinguish substantiated, not substantiated on available evidence, outside mandate, and resolved by an agreed measure without a conduct finding. A substantiated finding shall explain why the alleged conduct is more likely than not on the assessed evidence, address material contrary information and plausible alternatives, and identify limits. A numerical probability shall not be required. Where the assessment does not favor the alleged conduct over its non-occurrence, including an unresolved balance, the allegation shall not be classified as substantiated. This criterion shall not override EIP-016, EIP-020, or EIP-064 concerning fair response and sufficiently independent consideration, and shall not be represented as an external legal finding or burden of proof.",c3803eb470f7519dab81ee479cb53baaebc0a0f17e3a2f6820480d8ca6de2886,c3803eb470f7519dab81ee479cb53baaebc0a0f17e3a2f6820480d8ca6de2886
GSP-Ethics-IP,EIP-070,unchanged,"The decision maker shall distinguish the conduct established, any intention or effect separately supported, the rule engaged, and the resulting programme consequence. A serious remedy shall be supported by reasons addressing severity, impact, recurrence, context, and feasible alternatives within programme authority.","The decision maker shall distinguish the conduct established, any intention or effect separately supported, the rule engaged, and the resulting programme consequence. A serious remedy shall be supported by reasons addressing severity, impact, recurrence, context, and feasible alternatives within programme authority.",b48507c2ffc8fdb1fe810bdbfe9f78b52ae0f874c680cbe6ddf8d57d960162fc,b48507c2ffc8fdb1fe810bdbfe9f78b52ae0f874c680cbe6ddf8d57d960162fc
GSP-Ethics-IP,EIP-071,unchanged,"A disposition based on an agreed measure shall record the actual agreement, its scope, responsible parties, review point, and treatment of unresolved allegations. Agreement shall not be presumed from silence or obtained by making access to the ordinary complaint route conditional on acceptance.","A disposition based on an agreed measure shall record the actual agreement, its scope, responsible parties, review point, and treatment of unresolved allegations. Agreement shall not be presumed from silence or obtained by making access to the ordinary complaint route conditional on acceptance.",c8b549d0a39cc1322370031a630126d41a82d2be295d6a8393e13e697f07589c,c8b549d0a39cc1322370031a630126d41a82d2be295d6a8393e13e697f07589c
GSP-Ethics-IP,EIP-072,unchanged,"A remedy plan shall identify required actions, owners, practical resources, dates or triggers, completion evidence, and consequences of non-performance. Correcting a record, restoring participation, changing a role, and addressing downstream effects shall be distinguished.","A remedy plan shall identify required actions, owners, practical resources, dates or triggers, completion evidence, and consequences of non-performance. Correcting a record, restoring participation, changing a role, and addressing downstream effects shall be distinguished.",95ef4a193b7641763cd5fa11db1cea76a5d98b8c45dde2856689cad119fd64da,95ef4a193b7641763cd5fa11db1cea76a5d98b8c45dde2856689cad119fd64da
GSP-Ethics-IP,EIP-073,unchanged,"The disposition notice shall explain the finding and safe reasons, the operative procedure, available procedural review, and the basis for any restricted evidence. A request concerning substantive reconsideration shall be distinguished from an appeal alleging procedural failure.","The disposition notice shall explain the finding and safe reasons, the operative procedure, available procedural review, and the basis for any restricted evidence. A request concerning substantive reconsideration shall be distinguished from an appeal alleging procedural failure.",1e8e1ddf769e235cb9a1e58d845cac7beae5057447f7b7b1e1c6364e96c9544b,1e8e1ddf769e235cb9a1e58d845cac7beae5057447f7b7b1e1c6364e96c9544b
GSP-Ethics-IP,EIP-074,unchanged,"A material new fact or demonstrated handling error shall trigger an assessment of reopening, revised remedy, or referral. The record shall retain the original determination and reasons for changed status; reopening shall not silently erase prior reliance or its consequences.","A material new fact or demonstrated handling error shall trigger an assessment of reopening, revised remedy, or referral. The record shall retain the original determination and reasons for changed status; reopening shall not silently erase prior reliance or its consequences.",02b53a19db965299087ba68f76aecf2673e9ea9a9c36b43bc7a7dd44782739bf,02b53a19db965299087ba68f76aecf2673e9ea9a9c36b43bc7a7dd44782739bf
GSP-Ethics-IP,EIP-075,unchanged,Monitoring for retaliation shall identify a safe contact and review trigger without imposing unnecessary surveillance on participants. A reported adverse response shall receive separate assessment of its connection to protected participation and any independently stated reason.,Monitoring for retaliation shall identify a safe contact and review trigger without imposing unnecessary surveillance on participants. A reported adverse response shall receive separate assessment of its connection to protected participation and any independently stated reason.,7c868528cebd89a84ddcf42ecaa1272ce88da9a39a8b2fdc47e1779022b9a5a0,7c868528cebd89a84ddcf42ecaa1272ce88da9a39a8b2fdc47e1779022b9a5a0
GSP-Ethics-IP,EIP-076,unchanged,"The impact reviewer shall identify the proposed use, affected interests and absent perspectives, decision context, baseline, foreseeable benefits and harms, evidence and uncertainty, and alternatives including reduced collection, restricted access, different institutional arrangements, or deferral where relevant.","The impact reviewer shall identify the proposed use, affected interests and absent perspectives, decision context, baseline, foreseeable benefits and harms, evidence and uncertainty, and alternatives including reduced collection, restricted access, different institutional arrangements, or deferral where relevant.",f7a1bf7b8151d61e7cbcd54c601c9749068c94440e192d06d4037e3a3200caaf,f7a1bf7b8151d61e7cbcd54c601c9749068c94440e192d06d4037e3a3200caaf
GSP-Ethics-IP,EIP-077,unchanged,"Where values conflict, the assessment shall state the values and affected people, reasons for the proposed priority, alternatives rejected, expected distribution of benefits and burdens, and conditions requiring reconsideration. A single aggregate score shall not replace those reasons.","Where values conflict, the assessment shall state the values and affected people, reasons for the proposed priority, alternatives rejected, expected distribution of benefits and burdens, and conditions requiring reconsideration. A single aggregate score shall not replace those reasons.",ed42c53940f44d580afb843520056528307cb16dc0ff3e3cfa4d3169397fc56f,ed42c53940f44d580afb843520056528307cb16dc0ff3e3cfa4d3169397fc56f
GSP-Ethics-IP,EIP-078,unchanged,"A participation or recognition proposal shall assess whether people can refuse optional recording, challenge an attribution, or obtain an explanation without disproportionate burden. A claimed exception shall identify its actual institutional basis and consequences rather than present coercion as technical necessity.","A participation or recognition proposal shall assess whether people can refuse optional recording, challenge an attribution, or obtain an explanation without disproportionate burden. A claimed exception shall identify its actual institutional basis and consequences rather than present coercion as technical necessity.",cffdcad5783786ab98647c2526e3a0d253fe5a8ae6a1e0f996f5e89dd39b4818,cffdcad5783786ab98647c2526e3a0d253fe5a8ae6a1e0f996f5e89dd39b4818
GSP-Ethics-IP,EIP-079,unchanged,"Before relying on mitigation to authorize a pilot or use, the responsible authority shall verify its owner, resources, operational status, and assessment method. Unimplemented mitigation shall remain a condition or limitation and shall not be counted as an achieved safeguard.","Before relying on mitigation to authorize a pilot or use, the responsible authority shall verify its owner, resources, operational status, and assessment method. Unimplemented mitigation shall remain a condition or limitation and shall not be counted as an achieved safeguard.",e440f7302f31a00281e92d01a9c91213346da811eb9ef67324cf26fa2af03c77,e440f7302f31a00281e92d01a9c91213346da811eb9ef67324cf26fa2af03c77
GSP-Ethics-IP,EIP-080,unchanged,"Monitoring shall identify observations capable of challenging the intervention rationale, emerging burdens or exclusions, and stopping or revision triggers. Findings shall distinguish absence of observed harm from evidence of absence of harm within a sufficiently examined scope.","Monitoring shall identify observations capable of challenging the intervention rationale, emerging burdens or exclusions, and stopping or revision triggers. Findings shall distinguish absence of observed harm from evidence of absence of harm within a sufficiently examined scope.",a65bca447fea23d47ac504b59f3959d069b0b4e98cc2f2ad355da43ce9b868e9,a65bca447fea23d47ac504b59f3959d069b0b4e98cc2f2ad355da43ce9b868e9
GSP-Ethics-IP,EIP-081,unchanged,"After a material protection or ethical failure, the responsible authority shall assess immediate containment, affected people and uses, correction or repair, continued-use conditions, and lessons for requirements. Restart shall depend on recorded evidence addressing the failure, not solely on a revised description.","After a material protection or ethical failure, the responsible authority shall assess immediate containment, affected people and uses, correction or repair, continued-use conditions, and lessons for requirements. Restart shall depend on recorded evidence addressing the failure, not solely on a revised description.",ec7c7ffb8f2942ba741140bd221d86efee43f362542f732ef407cb60f6ab465b,ec7c7ffb8f2942ba741140bd221d86efee43f362542f732ef407cb60f6ab465b
GSP-Ethics-IP,EIP-082,unchanged,"The contribution handler shall identify the submitted version, source and included components, contributor's stated capacity, intended examination or incorporation, and the scope of any assertion about rights. A claim of ownership or permission shall retain its source and verification status.","The contribution handler shall identify the submitted version, source and included components, contributor's stated capacity, intended examination or incorporation, and the scope of any assertion about rights. A claim of ownership or permission shall retain its source and verification status.",a10057d2a5bf286f9485be7651b37915ffdca8bc8b8f9aff3d5a7b9fd33c29e1,a10057d2a5bf286f9485be7651b37915ffdca8bc8b8f9aff3d5a7b9fd33c29e1
GSP-Ethics-IP,EIP-083,unchanged,"Before incorporating material, the editor shall determine whether its intended modification, combination, publication, implementation, or retention is within the reviewed basis. New uses or components shall receive renewed clearance rather than inherit approval from an earlier narrower purpose.","Before incorporating material, the editor shall determine whether its intended modification, combination, publication, implementation, or retention is within the reviewed basis. New uses or components shall receive renewed clearance rather than inherit approval from an earlier narrower purpose.",548c14245767e9539e63cbeab28ffe0e351d53b996dfeb51eda9d99b264d576b,548c14245767e9539e63cbeab28ffe0e351d53b996dfeb51eda9d99b264d576b
GSP-Ethics-IP,EIP-084,unchanged,"A clearance decision shall identify the artifact and exact intended use, claimed rights holder and authority evidence, applicable terms and version, third-party components, review competence, restrictions, unresolved issues, and expiry or reconsideration triggers. Clearance shall be limited to that recorded use.","A clearance decision shall identify the artifact and exact intended use, claimed rights holder and authority evidence, applicable terms and version, third-party components, review competence, restrictions, unresolved issues, and expiry or reconsideration triggers. Clearance shall be limited to that recorded use.",ba9bb3747a558f90ec7a03bffc3514211a7d774b1a0df4507f88ea672b1dbe32,ba9bb3747a558f90ec7a03bffc3514211a7d774b1a0df4507f88ea672b1dbe32
GSP-Ethics-IP,EIP-085,unchanged,"If a rights claim or permission dispute arises after incorporation, the rights contact shall record affected material and uses, preserve appropriate evidence, seek competent assessment, and notify the authorized release holder of any needed restriction or correction. The programme shall not declare the claim valid or invalid solely from its receipt.","If a rights claim or permission dispute arises after incorporation, the rights contact shall record affected material and uses, preserve appropriate evidence, seek competent assessment, and notify the authorized release holder of any needed restriction or correction. The programme shall not declare the claim valid or invalid solely from its receipt.",9557478738c39e14c2befefd61596b4019e861a2ec53313c51dfc75ed42681f0,9557478738c39e14c2befefd61596b4019e861a2ec53313c51dfc75ed42681f0
GSP-Ethics-IP,EIP-086,unchanged,"A contributor's request to withdraw or change permission shall be assessed against the actual terms, prior uses, downstream distributions, protection concerns, and relevant authority. The response shall distinguish feasible programme action from uses or rights outside programme control.","A contributor's request to withdraw or change permission shall be assessed against the actual terms, prior uses, downstream distributions, protection concerns, and relevant authority. The response shall distinguish feasible programme action from uses or rights outside programme control.",7ae44751ab5adfbe65b6bcbba2ba62c2e2e31b37c4cbf5c53c74c7f63cda9188,7ae44751ab5adfbe65b6bcbba2ba62c2e2e31b37c4cbf5c53c74c7f63cda9188
GSP-Ethics-IP,EIP-087,unchanged,"The terms-selection record shall compare rights needed for the intended artifact use, contributor interests, implementation and redistribution conditions, attribution, modified versions, translation, dependency compatibility, and maintenance. Prose, code, schemas, datasets, examples, and manuscripts shall receive distinct treatment where their requirements differ.","The terms-selection record shall compare rights needed for the intended artifact use, contributor interests, implementation and redistribution conditions, attribution, modified versions, translation, dependency compatibility, and maintenance. Prose, code, schemas, datasets, examples, and manuscripts shall receive distinct treatment where their requirements differ.",2ffb1ed920d05362472753dada0097d30dea7985fdb91bc9b2f566911692c348,2ffb1ed920d05362472753dada0097d30dea7985fdb91bc9b2f566911692c348
GSP-Ethics-IP,EIP-088,unchanged,"An acceptance record shall identify who assented, their stated authority, the exact terms and covered contribution, date, and evidence of assent. A form submission or repository action shall count as assent only where the announced process clearly established that meaning and actual acceptance is evidenced.","An acceptance record shall identify who assented, their stated authority, the exact terms and covered contribution, date, and evidence of assent. A form submission or repository action shall count as assent only where the announced process clearly established that meaning and actual acceptance is evidenced.",6818ae88801b7d3ad4095a1645fd9b241d188ea4d74d01c8a1e44c2ba482360e,6818ae88801b7d3ad4095a1645fd9b241d188ea4d74d01c8a1e44c2ba482360e
GSP-Ethics-IP,EIP-089,unchanged,"The handling of a potential essential-rights concern shall distinguish notification, factual clarification, specialist assessment, exploration of alternatives, and an authorized decision. A request for information shall not be phrased as a programme licensing commitment or as a determination of validity or essentiality.","The handling of a potential essential-rights concern shall distinguish notification, factual clarification, specialist assessment, exploration of alternatives, and an authorized decision. A request for information shall not be phrased as a programme licensing commitment or as a determination of validity or essentiality.",f58748de938325fc7db420c55803f39272bb247233a49bc9683ae81fa4d6aec4,f58748de938325fc7db420c55803f39272bb247233a49bc9683ae81fa4d6aec4
GSP-Ethics-IP,EIP-090,unchanged,"Where a technical alternative is proposed to address a rights concern, the committee shall assess whether it satisfies the affected requirement and whether it introduces other material constraints. Selecting an alternative shall not be reported as resolving all implementation rights without the corresponding evidence.","Where a technical alternative is proposed to address a rights concern, the committee shall assess whether it satisfies the affected requirement and whether it introduces other material constraints. Selecting an alternative shall not be reported as resolving all implementation rights without the corresponding evidence.",58557e61285467e32ed940d02c2941165080845be78fee4e39f570dfbfd83a4d,58557e61285467e32ed940d02c2941165080845be78fee4e39f570dfbfd83a4d
GSP-Ethics-IP,EIP-091,unchanged,"The custodian shall separate public disposition information from protected evidence, restrict access to accepted roles with a handling need, and retain access and disclosure decisions. Changes in custodianship shall verify transfer of restrictions and pending response or retention duties.","The custodian shall separate public disposition information from protected evidence, restrict access to accepted roles with a handling need, and retain access and disclosure decisions. Changes in custodianship shall verify transfer of restrictions and pending response or retention duties.",0a3dfe74f39766307c064e2ce79f71c53c4f97bd8c8ca48695c6d95af960601a,0a3dfe74f39766307c064e2ce79f71c53c4f97bd8c8ca48695c6d95af960601a
GSP-Ethics-IP,EIP-092,unchanged,"Before releasing a case summary, the responsible handler shall assess whether combinations of facts disclose protected identity, existence, or content. The summary shall state material limits on public inspection without creating a false impression that an allegation or rights assertion was conclusively established.","Before releasing a case summary, the responsible handler shall assess whether combinations of facts disclose protected identity, existence, or content. The summary shall state material limits on public inspection without creating a false impression that an allegation or rights assertion was conclusively established.",ac123346c39b418bf735bf75497fc158af9f2be48c2ff500fc0eb4fe01594a16,ac123346c39b418bf735bf75497fc158af9f2be48c2ff500fc0eb4fe01594a16
GSP-Ethics-IP,EIP-093,unchanged,"An assessment against this policy shall identify the subject, period, edition, assessor and interests, applicable EIP requirements, evidence, and results as fulfilled, not fulfilled, not assessed, or not applicable. Unperformed handling steps and blank templates shall not demonstrate fulfillment.","An assessment against this policy shall identify the subject, period, edition, assessor and interests, applicable EIP requirements, evidence, and results as fulfilled, not fulfilled, not assessed, or not applicable. Unperformed handling steps and blank templates shall not demonstrate fulfillment.",cceb9c7accfe04acb751f0cabb6b833622756d4e5f25b3ca8be0f0981e20b29d,cceb9c7accfe04acb751f0cabb6b833622756d4e5f25b3ca8be0f0981e20b29d
GSP-Ethics-IP,EIP-094,unchanged,"The governance authority shall review repeated complaints, unresolved conflicts, rights-clearance delays, protection failures, unequal burdens, and remedy effectiveness using protected or aggregated information as appropriate. Corrective actions shall have owners, review points, and evidence of completion.","The governance authority shall review repeated complaints, unresolved conflicts, rights-clearance delays, protection failures, unequal burdens, and remedy effectiveness using protected or aggregated information as appropriate. Corrective actions shall have owners, review points, and evidence of completion.",b4c30adc747eeb894cdc4fde05dc18ef82f5e98ac9f40e6debaa7d2e8c3035c0,b4c30adc747eeb894cdc4fde05dc18ef82f5e98ac9f40e6debaa7d2e8c3035c0
GSP-Ethics-IP,EIP-095,unchanged,"A case record shall contain identifier, scope and applicable editions, receipt history, requested protection, roles and conflicts, alleged issue distinguished from findings, evidence and limits, notices and replies, interim measures, decision and reasons, remedy, review route, access and retention basis, and current state. Changes of state shall identify their actor, date, grounds, and linked evidence.","A case record shall contain identifier, scope and applicable editions, receipt history, requested protection, roles and conflicts, alleged issue distinguished from findings, evidence and limits, notices and replies, interim measures, decision and reasons, remedy, review route, access and retention basis, and current state. Changes of state shall identify their actor, date, grounds, and linked evidence.",64985dd753ad08eabab588baae1c4e5735ba46573b2159ac7bc1f7e020d9dd70,64985dd753ad08eabab588baae1c4e5735ba46573b2159ac7bc1f7e020d9dd70
GSP-Ethics-IP,EIP-096,unchanged,"The handler shall use the case states in Table~\ref{tab:eip-states}, or an explicitly mapped equivalent, so that receipt, examination, pending capacity, determination, remedy, and closure remain distinguishable. A transition shall preserve linked prior states and shall not imply completion of an unperformed step.","The handler shall use the case states in Table~\ref{tab:eip-states}, or an explicitly mapped equivalent, so that receipt, examination, pending capacity, determination, remedy, and closure remain distinguishable. A transition shall preserve linked prior states and shall not imply completion of an unperformed step.",ab16120e6cf8be6eaddeb1e31a5c83a12cc6b4c6f14f5f6d0a0789253ce0b536,ab16120e6cf8be6eaddeb1e31a5c83a12cc6b4c6f14f5f6d0a0789253ce0b536
GSP-Ethics-IP,EIP-097,unchanged,"A conflict record shall identify the interest, affected function, assessor and independence, materiality reasons, management action, objection and response, implementation evidence, and review trigger. An impact record shall identify affected interests, evidence, values, alternatives, distributional effects, safeguards, authority, monitoring, and unresolved limitations.","A conflict record shall identify the interest, affected function, assessor and independence, materiality reasons, management action, objection and response, implementation evidence, and review trigger. An impact record shall identify affected interests, evidence, values, alternatives, distributional effects, safeguards, authority, monitoring, and unresolved limitations.",f561b03dee446fa99f39288fe3ff117961747c24362536ab575acb44fbe2fcdb,f561b03dee446fa99f39288fe3ff117961747c24362536ab575acb44fbe2fcdb
GSP-Ethics-IP,EIP-098,unchanged,"A rights record shall identify artifact and version, source and components, contributor and asserted authority, intended uses, terms or other reviewed basis, competent assessment, restrictions, decision, acceptance where needed, and reconsideration triggers. Public licence statements shall be checked against that record before release.","A rights record shall identify artifact and version, source and components, contributor and asserted authority, intended uses, terms or other reviewed basis, competent assessment, restrictions, decision, acceptance where needed, and reconsideration triggers. Public licence statements shall be checked against that record before release.",f8b3252bf68f8e1f91c6edd158adb5f271ba6126b1524e4dc0283024e88cbaff,f8b3252bf68f8e1f91c6edd158adb5f271ba6126b1524e4dc0283024e88cbaff
GSP-Ethics-IP,EIP-099,unchanged,"A reporter or reported person may request substantive reconsideration through the ethics contact or non-conflicted alternate on grounds of material new evidence, an identified material error in assessment or application of the conduct criterion, or a remedy materially unsupported by the stated findings. The request shall identify the disposition, grounds, available evidence, and requested change. Mere repetition without identified grounds may receive a reasoned refusal; disagreement shall not itself constitute misconduct. The disposition notice shall explain this scoped route separately from the procedural appeal route.","A reporter or reported person may request substantive reconsideration through the ethics contact or non-conflicted alternate on grounds of material new evidence, an identified material error in assessment or application of the conduct criterion, or a remedy materially unsupported by the stated findings. The request shall identify the disposition, grounds, available evidence, and requested change. Mere repetition without identified grounds may receive a reasoned refusal; disagreement shall not itself constitute misconduct. The disposition notice shall explain this scoped route separately from the procedural appeal route.",3222616c1f245702afe8c57a2b94c776b5397d07b5999286a271888f9bcd9e8f,3222616c1f245702afe8c57a2b94c776b5397d07b5999286a271888f9bcd9e8f
GSP-Ethics-IP,EIP-100,unchanged,"The ordinary filing period for substantive reconsideration shall be 30 calendar days after accessible notice of the disposition. The non-conflicted reconsideration reviewer may extend that period with recorded reasons for ineffective notice, newly available material evidence, or a previously concealed assessment defect. The ethics contact shall acknowledge receipt within seven calendar days and arrange an initial admissibility or substantive determination targeted within 30 calendar days of receipt, with reasoned extensions and revised dates notified before expiry. Silence shall not constitute rejection.","The ordinary filing period for substantive reconsideration shall be 30 calendar days after accessible notice of the disposition. The non-conflicted reconsideration reviewer may extend that period with recorded reasons for ineffective notice, newly available material evidence, or a previously concealed assessment defect. The ethics contact shall acknowledge receipt within seven calendar days and arrange an initial admissibility or substantive determination targeted within 30 calendar days of receipt, with reasoned extensions and revised dates notified before expiry. Silence shall not constitute rejection.",46b9c1074b0378d15769062e3bbe88b48868232c0ab1d7e2ab9a2fedd91e66db,46b9c1074b0378d15769062e3bbe88b48868232c0ab1d7e2ab9a2fedd91e66db
GSP-Ethics-IP,EIP-101,unchanged,"The governance authority shall assign substantive reconsideration to a competent person or function that did not determine the challenged finding and has no unresolved material conflict, with a mandate identifying the issues and available programme remedies. The reviewer shall give an admissibility decision with reasons and provide affected parties an opportunity to respond to material new grounds before a consequential outcome. An admitted request shall have a notified timetable for replies and reasoned disposition; a change shall have reasons and notice before the affected target expires. If sufficiently independent competence is unavailable, EIP-020 shall govern deferral; reassessment by the original decision maker shall not be presented as independent reconsideration.","The governance authority shall assign substantive reconsideration to a competent person or function that did not determine the challenged finding and has no unresolved material conflict, with a mandate identifying the issues and available programme remedies. The reviewer shall give an admissibility decision with reasons and provide affected parties an opportunity to respond to material new grounds before a consequential outcome. An admitted request shall have a notified timetable for replies and reasoned disposition; a change shall have reasons and notice before the affected target expires. If sufficiently independent competence is unavailable, EIP-020 shall govern deferral; reassessment by the original decision maker shall not be presented as independent reconsideration.",95bf3cc1a447e57e6e67eaae55da87c07b1de1d468e7a767bbaceba5be023d53,95bf3cc1a447e57e6e67eaae55da87c07b1de1d468e7a767bbaceba5be023d53
GSP-Ethics-IP,EIP-102,unchanged,"The reconsideration reviewer shall identify the record examined, grounds admitted, evidence and replies considered, criterion applied, reasons, outcome, and implementation responsibility. Within the recorded mandate, the reviewer may uphold, qualify, set aside, or remit a conduct finding or remedy for renewed consideration; a remedy outside that mandate shall be referred to its authorized decision maker. The record shall preserve the earlier finding and explain any changed effect, notice, or practical action. Substantive reconsideration shall not determine external legal liability or replace access to procedural appeal under Directives Part 1.","The reconsideration reviewer shall identify the record examined, grounds admitted, evidence and replies considered, criterion applied, reasons, outcome, and implementation responsibility. Within the recorded mandate, the reviewer may uphold, qualify, set aside, or remit a conduct finding or remedy for renewed consideration; a remedy outside that mandate shall be referred to its authorized decision maker. The record shall preserve the earlier finding and explain any changed effect, notice, or practical action. Substantive reconsideration shall not determine external legal liability or replace access to procedural appeal under Directives Part 1.",acca9574c41620de2c56b7900a4de1781d04fdf7d972e650ff3a03cd72ac9f2e,acca9574c41620de2c56b7900a4de1781d04fdf7d972e650ff3a03cd72ac9f2e
GSP-Ethics-IP,EIP-103,unchanged,"On a substantive reconsideration request, the responsible authority shall record whether an existing remedy requires a stay, modification, or continued operation within programme powers, considering protection, participation, evidence, and consequences. The decision shall have reasons, a review point, and permitted notice. Neither an automatic stay nor automatic continuation shall be inferred solely from the request. Any temporary restriction retained shall remain subject to EIP-067, and implementation of a reconsideration remedy shall be monitored under EIP-072.","On a substantive reconsideration request, the responsible authority shall record whether an existing remedy requires a stay, modification, or continued operation within programme powers, considering protection, participation, evidence, and consequences. The decision shall have reasons, a review point, and permitted notice. Neither an automatic stay nor automatic continuation shall be inferred solely from the request. Any temporary restriction retained shall remain subject to EIP-067, and implementation of a reconsideration remedy shall be monitored under EIP-072.",919a0dedd1b381ff80a8b72b9a2473bf5c423172e07c76d08606fae88e2a4d7d,919a0dedd1b381ff80a8b72b9a2473bf5c423172e07c76d08606fae88e2a4d7d
GSP-Ethics-IP,EIP-104,unchanged,"An assessment claiming fulfillment of conduct-handling procedure requirements shall exercise the applicable conditions in Table~\ref{tab:eip-review-coverage}, identify the tested edition, input and expected outcome, and record performed actions, results, and limitations. A documentary assessment shall distinguish a complete specimen record from evidence that acknowledgement, independent consideration, notice, or remedy actually occurred. Unobserved performance shall remain not assessed rather than fulfilled.","An assessment claiming fulfillment of conduct-handling procedure requirements shall exercise the applicable conditions in Table~\ref{tab:eip-review-coverage}, identify the tested edition, input and expected outcome, and record performed actions, results, and limitations. A documentary assessment shall distinguish a complete specimen record from evidence that acknowledgement, independent consideration, notice, or remedy actually occurred. Unobserved performance shall remain not assessed rather than fulfilled.",c83f35463b32fef8ff7c45d9aa417dc57b58f35d23eb943a053aa5712323fa9e,c83f35463b32fef8ff7c45d9aa417dc57b58f35d23eb943a053aa5712323fa9e
GR-100,V100-001,unchanged,"A vocabulary application shall identify this document and version, its own boundary and version, the terms it uses, and any local extensions or narrower domain meanings. It shall describe departures explicitly and shall not claim unqualified GR-100 vocabulary conformity for a conflicting use of a defined term.","A vocabulary application shall identify this document and version, its own boundary and version, the terms it uses, and any local extensions or narrower domain meanings. It shall describe departures explicitly and shall not claim unqualified GR-100 vocabulary conformity for a conflicting use of a defined term.",1a4d919dfaa812ba1c49a7fb65c19c67feeaa4a2f3859c8b1c61395c4fc3908d,1a4d919dfaa812ba1c49a7fb65c19c67feeaa4a2f3859c8b1c61395c4fc3908d
GR-100,V100-002,unchanged,"A vocabulary application shall distinguish a represented target, an identified manifestation or trace, a retained record, and a claim wherever it uses those roles. It shall not treat a record identifier, representation, or manifestation as establishing the existence, complete nature, or identity of its target solely by being recorded.","A vocabulary application shall distinguish a represented target, an identified manifestation or trace, a retained record, and a claim wherever it uses those roles. It shall not treat a record identifier, representation, or manifestation as establishing the existence, complete nature, or identity of its target solely by being recorded.",927c2edaafb820e8ef0895face7da0c7c5d8fbf121c4b5f25eefde08851c7ad8,927c2edaafb820e8ef0895face7da0c7c5d8fbf121c4b5f25eefde08851c7ad8
GR-100,V100-003,unchanged,"A vocabulary application shall distinguish assertion, observation report, inference, interpretation, and assessment where those functions occur. Where one item performs several functions, it shall identify the functions and their scopes rather than infer one function's warrant from another.","A vocabulary application shall distinguish assertion, observation report, inference, interpretation, and assessment where those functions occur. Where one item performs several functions, it shall identify the functions and their scopes rather than infer one function's warrant from another.",7dd5cec77400eb847f5f5235eac1548a34b66521602d1129bef4ded2a9511eba,7dd5cec77400eb847f5f5235eac1548a34b66521602d1129bef4ded2a9511eba
GR-100,V100-004,unchanged,"A vocabulary application shall represent an evidential role relative to an identified claim. It shall keep provenance or authenticity results, evidential assessments, technical conformance, institutional acceptance, and normative or legal judgments distinguishable. It shall not describe success in one of these assessments as success in another without a separately stated argument.","A vocabulary application shall represent an evidential role relative to an identified claim. It shall keep provenance or authenticity results, evidential assessments, technical conformance, institutional acceptance, and normative or legal judgments distinguishable. It shall not describe success in one of these assessments as success in another without a separately stated argument.",fc60b5d4fc25e65349bd3363b8414a5cad41f918a85e4dcfd38c8a2d6de62cdb,fc60b5d4fc25e65349bd3363b8414a5cad41f918a85e4dcfd38c8a2d6de62cdb
GR-100,V100-005,unchanged,"A vocabulary application shall distinguish record reference, target identity, and lineage. A stated identification of targets across appearances shall identify its criterion and the scope in which it is used. Unresolved identity shall remain expressible without forced merger.","A vocabulary application shall distinguish record reference, target identity, and lineage. A stated identification of targets across appearances shall identify its criterion and the scope in which it is used. Unresolved identity shall remain expressible without forced merger.",834f0e7a94bf46bfabf2aa90ee13b1c8be8ab4e68d06fee8fb48e60ae2342b24,834f0e7a94bf46bfabf2aa90ee13b1c8be8ab4e68d06fee8fb48e60ae2342b24
GR-100,V100-006,unchanged,"A vocabulary application shall distinguish target, observation, recording, and assessment times wherever it uses them. It shall preserve uncertainty about time or order rather than derive occurrence order solely from record entry order.","A vocabulary application shall distinguish target, observation, recording, and assessment times wherever it uses them. It shall preserve uncertainty about time or order rather than derive occurrence order solely from record entry order.",7ae47c1219c49ea8671cdaba1dedae6497b838cd5614f278a487db9c0fdcc524,7ae47c1219c49ea8671cdaba1dedae6497b838cd5614f278a487db9c0fdcc524
GR-100,V100-007,unchanged,"An application that represents revision shall distinguish change in the target situation, change in evidence or assessment, and change in the descriptive regime. It shall allow more than one reason to apply and shall not silently replace the earlier formulation with a later one. Where earlier content cannot be retained or disclosed, it shall identify the resulting limit on historical reconstruction.","An application that represents revision shall distinguish change in the target situation, change in evidence or assessment, and change in the descriptive regime. It shall allow more than one reason to apply and shall not silently replace the earlier formulation with a later one. Where earlier content cannot be retained or disclosed, it shall identify the resulting limit on historical reconstruction.",d19ad66315b60049d4e015c6cdc7a329392dec22cb5d38f76d1edc1923b36365,d19ad66315b60049d4e015c6cdc7a329392dec22cb5d38f76d1edc1923b36365
GR-100,V100-008,unchanged,"An application using generativity-related terms shall identify the claimed change or continuation, affected target or participants, relevant conditions, and scope. It shall distinguish a generative attribution from a value judgment and shall not infer beneficialness, entitlement, or legitimacy from the term ``generative'' alone.","An application using generativity-related terms shall identify the claimed change or continuation, affected target or participants, relevant conditions, and scope. It shall distinguish a generative attribution from a value judgment and shall not infer beneficialness, entitlement, or legitimacy from the term ``generative'' alone.",e3a8ec336b2b00a8af365d99d75ace18cef4cd6cab8af7376c50eff47e392990,e3a8ec336b2b00a8af365d99d75ace18cef4cd6cab8af7376c50eff47e392990
GR-100,V100-009,unchanged,"An application of a six-role description shall identify the applied role, its admissibility and identity criteria, the common metadata, and the role's minimum metadata below. It shall disclose unresolved boundaries and use the temporal meaning associated with the role. Missing information shall retain its stated reason rather than be converted to a substantive negative claim.","An application of a six-role description shall identify the applied role, its admissibility and identity criteria, the common metadata, and the role's minimum metadata below. It shall disclose unresolved boundaries and use the temporal meaning associated with the role. Missing information shall retain its stated reason rather than be converted to a substantive negative claim.",8c03df5200f019146417c89b0e1d791baaaed0cbd549d8a509c28947353d4e11,8c03df5200f019146417c89b0e1d791baaaed0cbd549d8a509c28947353d4e11
GR-100,V100-010,unchanged,"An application shall allow a target to be described through more than one applicable record role without treating role overlap as evidence of inconsistency. A restriction in an application profile shall state its recording purpose and information limits. A Relation whose own identity, state, properties, or history matters to the declared inquiry shall remain independently referenceable.","An application shall allow a target to be described through more than one applicable record role without treating role overlap as evidence of inconsistency. A restriction in an application profile shall state its recording purpose and information limits. A Relation whose own identity, state, properties, or history matters to the declared inquiry shall remain independently referenceable.",344de79e2c1212fc4b2f24c6e1fb6161c41c6e131ca46780b896b1ec9c8aa550,344de79e2c1212fc4b2f24c6e1fb6161c41c6e131ca46780b896b1ec9c8aa550
GR-100,V100-011,unchanged,"A vocabulary application shall distinguish operational record roles from metamodel concepts. It shall not identify a formal carrier state with a record State, a mechanism with a Process, or formal change with an Event without an explicit scoped mapping and argument.","A vocabulary application shall distinguish operational record roles from metamodel concepts. It shall not identify a formal carrier state with a record State, a mechanism with a Process, or formal change with an Event without an explicit scoped mapping and argument.",8d176da29d85cb2a95c40907d2c6f4ab908c291a185c8b75310d802acac5d1c9,8d176da29d85cb2a95c40907d2c6f4ab908c291a185c8b75310d802acac5d1c9
GR-100,V100-012,unchanged,"A vocabulary application shall keep descriptive, epistemic, evaluative, legal, institutional, and technical assertions distinguishable by their stated question and grounds. It shall not represent technical conformance as automatically creating factual truth, rights, duties, liability, admissibility, jurisdiction, or institutional authority.","A vocabulary application shall keep descriptive, epistemic, evaluative, legal, institutional, and technical assertions distinguishable by their stated question and grounds. It shall not represent technical conformance as automatically creating factual truth, rights, duties, liability, admissibility, jurisdiction, or institutional authority.",edf94f69385e7d7aed356aabc44539f6ddfbb8a9c1ce8911e9f8b6d7bba568f7,edf94f69385e7d7aed356aabc44539f6ddfbb8a9c1ce8911e9f8b6d7bba568f7
GR-100,V100-013,unchanged,"The application shall maintain a term-use register identifying the terms used, their definitions or dated definition references, their recording scope, their source status and the role responsible for interpreting local use. An imported label shall not establish equivalence without an identified correspondence and rationale.","The application shall maintain a term-use register identifying the terms used, their definitions or dated definition references, their recording scope, their source status and the role responsible for interpreting local use. An imported label shall not establish equivalence without an identified correspondence and rationale.",9537c5a6f5be4f94e16657fc58b5c62573fe42c0fab06e2d46311a47e2d34001,9537c5a6f5be4f94e16657fc58b5c62573fe42c0fab06e2d46311a47e2d34001
GR-100,V100-014,unchanged,"A local extension shall identify its purpose, definition, admissibility conditions, relation to existing terms, affected uses and limitations. A conflicting meaning shall use a distinct qualification or label and shall not be presented as an unchanged GR-100 definition.","A local extension shall identify its purpose, definition, admissibility conditions, relation to existing terms, affected uses and limitations. A conflicting meaning shall use a distinct qualification or label and shall not be presented as an unchanged GR-100 definition.",967b5e14cfe060390a568733720e2a24b68bd16dbab9e0bcc314d88a1b07013f,967b5e14cfe060390a568733720e2a24b68bd16dbab9e0bcc314d88a1b07013f
GR-100,V100-015,unchanged,"A term correspondence across languages, domains or editions shall identify the source and target meanings, direction, scope, responsible attribution and known non-equivalence. A narrower, broader, partial or conditional correspondence shall not be represented as unrestricted equivalence.","A term correspondence across languages, domains or editions shall identify the source and target meanings, direction, scope, responsible attribution and known non-equivalence. A narrower, broader, partial or conditional correspondence shall not be represented as unrestricted equivalence.",713d5f163cfeb5e0c254025f90b37fab20c2214de0181a83541cc79c2d0c7504,713d5f163cfeb5e0c254025f90b37fab20c2214de0181a83541cc79c2d0c7504
GR-100,V100-016,unchanged,"An application describing an occurrence or possibility shall distinguish its asserted actuality or modality, the epistemic mode of the assertion and the assessment disposition. It shall preserve combinations such as an actual occurrence inferred retrospectively and a directly reported observation whose accuracy is disputed.","An application describing an occurrence or possibility shall distinguish its asserted actuality or modality, the epistemic mode of the assertion and the assessment disposition. It shall preserve combinations such as an actual occurrence inferred retrospectively and a directly reported observation whose accuracy is disputed.",53efe21e0920f974182316131675379aa3ec12bc0d8944e14c8868300f8ec3bd,53efe21e0920f974182316131675379aa3ec12bc0d8944e14c8868300f8ec3bd
GR-100,V100-017,unchanged,"Where an application uses fact, verified, valid, confirmed or an equivalent status expression, it shall state the question resolved, applicable criterion, attributed assessor and grounds or assessment reference. An unspecified status expression shall not erase known uncertainty, an unresolved identity question or the limited scope of a check.","Where an application uses fact, verified, valid, confirmed or an equivalent status expression, it shall state the question resolved, applicable criterion, attributed assessor and grounds or assessment reference. An unspecified status expression shall not erase known uncertainty, an unresolved identity question or the limited scope of a check.",2144b64d1a2ae5d123e50b83ec75b42d7556b2cba73b6e1b04688f1c8b1726bd,2144b64d1a2ae5d123e50b83ec75b42d7556b2cba73b6e1b04688f1c8b1726bd
GR-100,V100-018,unchanged,"A relied-on correspondence between record roles or descriptive levels shall identify the linked descriptions, intended relationship and use, retained distinctions and known losses or unresolved links. A transformation shall not silently create target identity, occurrence multiplicity or historical detail unsupported by its source.","A relied-on correspondence between record roles or descriptive levels shall identify the linked descriptions, intended relationship and use, retained distinctions and known losses or unresolved links. A transformation shall not silently create target identity, occurrence multiplicity or historical detail unsupported by its source.",e498f57a982256adf51f665e64d3023887606548d4843123696e67ba33af5522,e498f57a982256adf51f665e64d3023887606548d4843123696e67ba33af5522
GR-100,V100-019,unchanged,"An application shall distinguish missingness and definedness states material to its use, including zero or false values, unknown values, non-observation, non-collection, inapplicability, disputed assignment and restricted access where present. A mapping that combines these states shall state the loss and shall not infer a substantive negative claim from the combined code.","An application shall distinguish missingness and definedness states material to its use, including zero or false values, unknown values, non-observation, non-collection, inapplicability, disputed assignment and restricted access where present. A mapping that combines these states shall state the loss and shall not infer a substantive negative claim from the combined code.",a06acc0186f486a4d208407bca9a9159c457247c76ac663c8d6c0fc564dff486,a06acc0186f486a4d208407bca9a9159c457247c76ac663c8d6c0fc564dff486
GR-100,V100-020,unchanged,"A numerical Property description shall identify its characteristic definition, applicable domain, scale meaning and unit where relevant. Any arithmetic, weighting or aggregation relied on shall state its interpretation, included population or components and material limitations. Numerical labels alone shall not establish the validity of the operation.","A numerical Property description shall identify its characteristic definition, applicable domain, scale meaning and unit where relevant. Any arithmetic, weighting or aggregation relied on shall state its interpretation, included population or components and material limitations. Numerical labels alone shall not establish the validity of the operation.",8eee4983fabcb8a94fecd0597fa25061197b836ef8a2e335c36e1f552c819153,8eee4983fabcb8a94fecd0597fa25061197b836ef8a2e335c36e1f552c819153
GR-100,V100-021,unchanged,"An assertion that a State description is sufficient shall identify the question or operation family, comparison horizon, relevant observations, assumptions and known omitted distinctions. Sufficiency for a current report or specified prediction shall not be represented as historical completeness or sufficiency for undeclared continuations.","An assertion that a State description is sufficient shall identify the question or operation family, comparison horizon, relevant observations, assumptions and known omitted distinctions. Sufficiency for a current report or specified prediction shall not be represented as historical completeness or sufficiency for undeclared continuations.",acf8595408bccf8dbccec17a564a51b34432500c00361536d530db4e08180d0a,acf8595408bccf8dbccec17a564a51b34432500c00361536d530db4e08180d0a
GR-100,V100-022,unchanged,"A relied-on identity judgment shall state whether the proposed relation is identity, similarity, identifier correspondence, succession or another defined relation, and shall preserve material competing criteria and unresolved cases. Automated matching or shared lineage shall not be promoted to target identity without the stated criterion and its supporting attribution.","A relied-on identity judgment shall state whether the proposed relation is identity, similarity, identifier correspondence, succession or another defined relation, and shall preserve material competing criteria and unresolved cases. Automated matching or shared lineage shall not be promoted to target identity without the stated criterion and its supporting attribution.",4b0fd7a569a04f6f766c074446b4d4c78dbaa22b1c3f20df3ba25ea88d092a6f,4b0fd7a569a04f6f766c074446b4d4c78dbaa22b1c3f20df3ba25ea88d092a6f
GR-100,V100-023,unchanged,"A conformance statement shall identify the application, edition, boundary, GR-100 edition, applied terms, applicable requirements, assessor and evidence. It shall distinguish full fulfillment of applicable requirements from partial assessment and shall not imply assessment of excluded uses or unavailable evidence.","A conformance statement shall identify the application, edition, boundary, GR-100 edition, applied terms, applicable requirements, assessor and evidence. It shall distinguish full fulfillment of applicable requirements from partial assessment and shall not imply assessment of excluded uses or unavailable evidence.",22f58b3e3e0c57e08e8fece8a2c2417e6fca6347fb605706fc7fd152e7eb99c1,22f58b3e3e0c57e08e8fece8a2c2417e6fca6347fb605706fc7fd152e7eb99c1
GR-100,V100-024,unchanged,"The assessment shall follow Annex A and retain a result, evidence locator, assessor and reason for every requirement. A failed or unassessed applicable requirement shall prevent an unqualified conformity claim for the declared application. Each not-applicable result shall identify the absent trigger.","The assessment shall follow Annex A and retain a result, evidence locator, assessor and reason for every requirement. A failed or unassessed applicable requirement shall prevent an unqualified conformity claim for the declared application. Each not-applicable result shall identify the absent trigger.",b47a47d648184f394c4dc8f154c1c6bbc6cb7fcb031065663eec24a9ee12d9a2,b47a47d648184f394c4dc8f154c1c6bbc6cb7fcb031065663eec24a9ee12d9a2
GR-100,V100-025,unchanged,"The application shall supply its reference and version, applied term labels and definition locators. Each applied role shall have an identified role, record reference and version, target designation and responsible recording role; an unresolved target designation shall state the target question or description. These structural designations shall not be replaced by an unknown value. An unavailable contextual factual value may be represented by an explicit unknown, disputed, lost or restricted state, with the stated reason, attributing role and assessment limitation. Required admissibility or identity criteria shall be stated; a provisional assignment with unresolved criteria shall not receive a fulfilled result for a criterion-dependent obligation.","The application shall supply its reference and version, applied term labels and definition locators. Each applied role shall have an identified role, record reference and version, target designation and responsible recording role; an unresolved target designation shall state the target question or description. These structural designations shall not be replaced by an unknown value. An unavailable contextual factual value may be represented by an explicit unknown, disputed, lost or restricted state, with the stated reason, attributing role and assessment limitation. Required admissibility or identity criteria shall be stated; a provisional assignment with unresolved criteria shall not receive a fulfilled result for a criterion-dependent obligation.",41b52b87e3cd38bf7053e8ee0a6a840c97e3dfde83efb6e00a98c01deec4f9da,41b52b87e3cd38bf7053e8ee0a6a840c97e3dfde83efb6e00a98c01deec4f9da
GR-100,V100-026,unchanged,"Where one requirement groups obligations whose results can differ materially, the assessment shall retain a result and evidence for each such component. The overall requirement shall be fulfilled only when every applicable component is fulfilled. A failed or unassessed component shall remain visible in the requirement-level and overall application result.","Where one requirement groups obligations whose results can differ materially, the assessment shall retain a result and evidence for each such component. The overall requirement shall be fulfilled only when every applicable component is fulfilled. A failed or unassessed component shall remain visible in the requirement-level and overall application result.",8e70c0b350613f3eddda728911eba6276f75e3af7b7b125766c548d073fb8813,8e70c0b350613f3eddda728911eba6276f75e3af7b7b125766c548d073fb8813
GR-110,R110-001,unchanged,"A package shall identify its purpose, intended users, subject matter, boundary, relevant time horizon, recording practice and package version.","A package shall identify its purpose, intended users, subject matter, boundary, relevant time horizon, recording practice and package version.",3d7e85e5fee69065d279ed2b9fe20e515dfcc64f826f7babeb2994f1738ec278,3d7e85e5fee69065d279ed2b9fe20e515dfcc64f826f7babeb2994f1738ec278
GR-110,R110-002,unchanged,"The recording practice shall state the selection criteria for included material and identify known omissions material to the purpose, including unavailable perspectives, uncollected information and limits of reconstruction.","The recording practice shall state the selection criteria for included material and identify known omissions material to the purpose, including unavailable perspectives, uncollected information and limits of reconstruction.",e9f77ce5414658924c16a4889cf76697522c8f145a50f125df91e249877af9c0,e9f77ce5414658924c16a4889cf76697522c8f145a50f125df91e249877af9c0
GR-110,R110-003,unchanged,The package shall distinguish an inventory of retained records from an assertion that the underlying history is complete. The existence of a record shall not be used as proof of its represented content.,The package shall distinguish an inventory of retained records from an assertion that the underlying history is complete. The existence of a record shall not be used as proof of its represented content.,b76bdcbb68543c8dac4d5b48c132fa916360b92f288d5c82a9808b2a08d89a1f,b76bdcbb68543c8dac4d5b48c132fa916360b92f288d5c82a9808b2a08d89a1f
GR-110,R110-004,unchanged,"The recording practice shall assign responsibility for capture, assessment, custody, access decisions and correction, recording combined roles and relevant conflicts. An automated component shall not substitute for an unassigned responsibility.","The recording practice shall assign responsibility for capture, assessment, custody, access decisions and correction, recording combined roles and relevant conflicts. An automated component shall not substitute for an unassigned responsibility.",52a147440db11c575fadef687e847abd83d6fdc5750e6ccf84d03fb03c528122,52a147440db11c575fadef687e847abd83d6fdc5750e6ccf84d03fb03c528122
GR-110,R110-005,dependency-edition,"The package shall identify its material claims and assessments as a bounded epistemic record package assessed against GR-200 Working Draft 0.2, including that draft's package-level obligations. It shall identify the assessed claim set, dependency versions, applicable requirements, evidence, exceptions and results; a claim-level check alone shall not establish fulfillment of the package dependency.","The package shall identify its material claims and assessments as a bounded epistemic record package assessed against GR-200 Working Draft 0.3, including that draft's package-level obligations. It shall identify the assessed claim set, dependency versions, applicable requirements, evidence, exceptions and results; a claim-level check alone shall not establish fulfillment of the package dependency.",cbb36eae85b1b3494a930dd9db373d197a807020d0fab32947c9479f47747dbd,c32aecdc3ceab5c00a4386a67ce452f32a0eeff395c0cfa26943a6b7d655a5f2
GR-110,R110-006,unchanged,"Each retained record and version shall be distinguishable within the package, and a reference shall identify its intended target sufficiently for the declared use. A record identifier shall not itself establish identity of the represented person, event or relation.","Each retained record and version shall be distinguishable within the package, and a reference shall identify its intended target sufficiently for the declared use. A record identifier shall not itself establish identity of the represented person, event or relation.",f08b1ffa522bcb675c332d1b2659fa8adffd20c16fb166c99321325c6c3ac0dd,f08b1ffa522bcb675c332d1b2659fa8adffd20c16fb166c99321325c6c3ac0dd
GR-110,R110-007,unchanged,"A continuity or identity judgment material to the trajectory shall identify its criterion, responsible source, supporting grounds and known dispute. Merger, succession and common labels shall not silently be treated as identity.","A continuity or identity judgment material to the trajectory shall identify its criterion, responsible source, supporting grounds and known dispute. Merger, succession and common labels shall not silently be treated as identity.",dc79b54d67bbbb61862d1ac3aeec8982002cb5901a5ec1f81a34f5918d608465,dc79b54d67bbbb61862d1ac3aeec8982002cb5901a5ec1f81a34f5918d608465
GR-110,R110-008,unchanged,"The package shall distinguish the represented occurrence or validity time from observation, recording and later assessment times when their difference is relevant. Uncertain intervals and unsupported ordering shall remain explicit.","The package shall distinguish the represented occurrence or validity time from observation, recording and later assessment times when their difference is relevant. Uncertain intervals and unsupported ordering shall remain explicit.",5d05616fe3bf22455797a592ca16876494cc88de992034833790ce42245fc1e0,5d05616fe3bf22455797a592ca16876494cc88de992034833790ce42245fc1e0
GR-110,R110-009,unchanged,"Represented observations, actions, relations, states and properties shall retain the information needed to distinguish their operational roles. A relation with a material history, status or properties of its own shall be identifiable as a recordable subject.","Represented observations, actions, relations, states and properties shall retain the information needed to distinguish their operational roles. A relation with a material history, status or properties of its own shall be identifiable as a recordable subject.",af2b20b926f0e5bb8e0456f1bd40fe510e2f8191a40546a3c34a0ade58af1c15,af2b20b926f0e5bb8e0456f1bd40fe510e2f8191a40546a3c34a0ade58af1c15
GR-110,R110-010,unchanged,"For each generative account, the package shall identify the target capacity, relation, constraint, distinction or possibility; the relevant actors or configuration; the comparison or earlier condition; and the temporal and contextual scope.","For each generative account, the package shall identify the target capacity, relation, constraint, distinction or possibility; the relevant actors or configuration; the comparison or earlier condition; and the temporal and contextual scope.",ebaf789ef4b808452214029d9e3e21b04e39d7e2aebd67575a444ce6352f469a,ebaf789ef4b808452214029d9e3e21b04e39d7e2aebd67575a444ce6352f469a
GR-110,R110-011,unchanged,"The account shall state how the proposed enabling, maintaining, transforming or constraining contribution connects earlier conditions to the target, with grounds, method and limitations. Temporal precedence or a diagram edge alone shall not be presented as establishing that connection.","The account shall state how the proposed enabling, maintaining, transforming or constraining contribution connects earlier conditions to the target, with grounds, method and limitations. Temporal precedence or a diagram edge alone shall not be presented as establishing that connection.",4be02e5379284a1f30063b2baa1e8b65f2f7c491107b90124cb64b66cc0e6e23,4be02e5379284a1f30063b2baa1e8b65f2f7c491107b90124cb64b66cc0e6e23
GR-110,R110-012,revised,"An account shall distinguish the asserted occurrence or modality of an effect, such as realized, intended, possible, unrealized or disputed, from its epistemic basis, such as observed, reported, inferred or reconstructed. A realized past effect can be retrospectively inferred. The recording practice shall not manufacture an observed outcome where follow-up evidence is absent.","An account shall distinguish the asserted occurrence or modality of an effect, such as realized, intended, possible or unrealized, from its epistemic basis, such as observed, reported, inferred or reconstructed, and from the assessment or dispute disposition. Unresolved actuality shall remain explicit. A realized past effect can be retrospectively inferred; its contribution attribution can remain disputed. The recording practice shall not manufacture an observed outcome where follow-up evidence is absent.",350258e1baf5fb6b7fea6bb73f608ec6ad654c9ef42d9d0e5c52d591d4c9cb32,e81b8b0649ac94a2e357444f095de9c3ccee1edc824e5f95c5319bacd0dbe577
GR-110,R110-013,unchanged,"Material participants and contributions shall be attributed with their basis and uncertainty. The recording practice shall provide a means to record disputed, collective, indirect or unknown contribution without forcing attribution to one actor.","Material participants and contributions shall be attributed with their basis and uncertainty. The recording practice shall provide a means to record disputed, collective, indirect or unknown contribution without forcing attribution to one actor.",b6ae6120702cd25f178cf4bef7b55efc442fedf83695f36a23822deaf97a4f07,b6ae6120702cd25f178cf4bef7b55efc442fedf83695f36a23822deaf97a4f07
GR-110,R110-014,unchanged,"When an enabling encounter, decision or judgment is material to the account, the package shall identify its represented role, relevant conditions and the claim connecting it to subsequent developments.","When an enabling encounter, decision or judgment is material to the account, the package shall identify its represented role, relevant conditions and the claim connecting it to subsequent developments.",2b9c35b82472440beec4b8d858e49e69d9674949a9d0b5a3f1e8fdeb0ed8a5b9,2b9c35b82472440beec4b8d858e49e69d9674949a9d0b5a3f1e8fdeb0ed8a5b9
GR-110,R110-015,unchanged,"A recorded alternative shall state whether it was considered at the time, inferred retrospectively, modeled or merely proposed, and identify the grounds for any claim of feasibility. Recorded alternatives shall not be presented as exhaustive or equally feasible without supporting grounds.","A recorded alternative shall state whether it was considered at the time, inferred retrospectively, modeled or merely proposed, and identify the grounds for any claim of feasibility. Recorded alternatives shall not be presented as exhaustive or equally feasible without supporting grounds.",a0ad05495b3fcfe1cf7e0615b577f91828bd8b242d62f6c89bffb8a5a2577607,a0ad05495b3fcfe1cf7e0615b577f91828bd8b242d62f6c89bffb8a5a2577607
GR-110,R110-016,unchanged,"A material change in categories, available distinctions or methods shall identify the earlier and later formulation, the reason for change and its effect on interpretation. A new description shall not automatically be represented as a newly existing underlying object.","A material change in categories, available distinctions or methods shall identify the earlier and later formulation, the reason for change and its effect on interpretation. A new description shall not automatically be represented as a newly existing underlying object.",4293796922024b50bd699806876d8fc09dfa82f7e6e5cf4eb6d94569313d03ad,4293796922024b50bd699806876d8fc09dfa82f7e6e5cf4eb6d94569313d03ad
GR-110,R110-017,unchanged,"Known maintenance, depletion, restriction, exclusion or loss material to the declared generative account shall be recorded alongside creation or expansion, or have an explicit collection or protection limitation under R110-002 and R110-026. The account shall distinguish descriptive effects from their evaluation for particular people or values.","Known maintenance, depletion, restriction, exclusion or loss material to the declared generative account shall be recorded alongside creation or expansion, or have an explicit collection or protection limitation under R110-002 and R110-026. The account shall distinguish descriptive effects from their evaluation for particular people or values.",445400c4edc580051e5c24d971051211040eb8dc5746e7847c537aee7ed5e272,445400c4edc580051e5c24d971051211040eb8dc5746e7847c537aee7ed5e272
GR-110,R110-018,unchanged,"Where generativity return is assessed or proposed, the package shall identify the asserted concept, intended recipients, scope, grounds and evaluative basis. Where it is not assessed, that limitation shall be stated without inventing a quantity or entitlement.","Where generativity return is assessed or proposed, the package shall identify the asserted concept, intended recipients, scope, grounds and evaluative basis. Where it is not assessed, that limitation shall be stated without inventing a quantity or entitlement.",c9a53bed82d5333ed715e700c7f627834abd1aea180233d63c32f81a4e51cc83,c9a53bed82d5333ed715e700c7f627834abd1aea180233d63c32f81a4e51cc83
GR-110,R110-019,unchanged,"When a represented claim or classification informs a decision within scope, the package shall identify the claim version relied on, the decision, the asserted decision authority, its stated grounds and known subsequent response.","When a represented claim or classification informs a decision within scope, the package shall identify the claim version relied on, the decision, the asserted decision authority, its stated grounds and known subsequent response.",6639fd3afd4f6b51c3bd1a84bf7cfee94b1cc46b097f91b1b0e50982e4520462,6639fd3afd4f6b51c3bd1a84bf7cfee94b1cc46b097f91b1b0e50982e4520462
GR-110,R110-020,unchanged,"A revision shall identify its actor or responsible source, time, target, reason and affected records, distinguishing a change in the represented situation, evidence or interpretation, and descriptive regime. More than one reason can apply.","A revision shall identify its actor or responsible source, time, target, reason and affected records, distinguishing a change in the represented situation, evidence or interpretation, and descriptive regime. More than one reason can apply.",098179996378746d4dc9ea1945e7689fdfd7b065f87178db72680da0aa950946,098179996378746d4dc9ea1945e7689fdfd7b065f87178db72680da0aa950946
GR-110,R110-021,unchanged,"The recording practice shall preserve the intelligible relationship between earlier and later accounts, subject to stated retention and access rules. It shall not retrospectively present earlier actors as possessing evidence or categories first available later.","The recording practice shall preserve the intelligible relationship between earlier and later accounts, subject to stated retention and access rules. It shall not retrospectively present earlier actors as possessing evidence or categories first available later.",f1e8c3d266abc6eb9bc29bc9c6f63578f600098afd8e7a6f1dd2acd09bc543ea,f1e8c3d266abc6eb9bc29bc9c6f63578f600098afd8e7a6f1dd2acd09bc543ea
GR-110,R110-022,unchanged,"A correction shall identify dependent records or presentations known to the practice, actions taken to correct them and any limits on propagation. The practice shall not assert that uncontrolled external copies were corrected or deleted without evidence.","A correction shall identify dependent records or presentations known to the practice, actions taken to correct them and any limits on propagation. The practice shall not assert that uncontrolled external copies were corrected or deleted without evidence.",18df83c7e44c47e6ed45c3a783587c3b8f727254c08e702af59283fccbdb4a35,18df83c7e44c47e6ed45c3a783587c3b8f727254c08e702af59283fccbdb4a35
GR-110,R110-023,unchanged,"The practice shall provide a declared route for questions, contested attribution and correction requests, identify the responsible recipient and maintain permitted request/disposition records. Availability of the route shall not imply a legal entitlement or a promise of agreement.","The practice shall provide a declared route for questions, contested attribution and correction requests, identify the responsible recipient and maintain permitted request/disposition records. Availability of the route shall not imply a legal entitlement or a promise of agreement.",b1cc45ea50e878e0049f6e2f217232a80de69f4e4cafc5b0c0191734fd21dd8c,b1cc45ea50e878e0049f6e2f217232a80de69f4e4cafc5b0c0191734fd21dd8c
GR-110,R110-024,unchanged,"The recording practice shall declare the purpose and authority basis for collecting, retaining, accessing and disclosing material within the package, including the applicable policy or institutional context and unresolved constraints. It shall limit collected detail to that justified by the declared purpose.","The recording practice shall declare the purpose and authority basis for collecting, retaining, accessing and disclosing material within the package, including the applicable policy or institutional context and unresolved constraints. It shall limit collected detail to that justified by the declared purpose.",cbd4b0550cca62bb1154772ccc2812418d9abbf6343d0a3c4fadb9ed9b296df5,cbd4b0550cca62bb1154772ccc2812418d9abbf6343d0a3c4fadb9ed9b296df5
GR-110,R110-025,unchanged,"Access and retention decisions shall distinguish content, metadata, derived views and audit traces. Preservation of history shall not automatically require public disclosure or indefinite retention of sensitive material.","Access and retention decisions shall distinguish content, metadata, derived views and audit traces. Preservation of history shall not automatically require public disclosure or indefinite retention of sensitive material.",57060bfa003318bf991956ff3757e60288fb934878307c4eea16ef9eeaa0a954,57060bfa003318bf991956ff3757e60288fb934878307c4eea16ef9eeaa0a954
GR-110,R110-026,unchanged,"Where material is unavailable, the package shall distinguish known non-collection, loss, destruction, restriction and an unknown reason to the extent that doing so is supported and permitted. It shall not disclose a protected fact merely to label an absence.","Where material is unavailable, the package shall distinguish known non-collection, loss, destruction, restriction and an unknown reason to the extent that doing so is supported and permitted. It shall not disclose a protected fact merely to label an absence.",d5ae8d66343048855b0282b00dbe06b24ebfc6d8dcb9c7aaed92778f001632e2,d5ae8d66343048855b0282b00dbe06b24ebfc6d8dcb9c7aaed92778f001632e2
GR-110,R110-027,unchanged,"A transfer, migration or custody change performed by the practice shall identify the source and destination versions or custodians, its authority, relevant transformation and known information loss. Unsupported finer distinctions shall not be invented during conversion.","A transfer, migration or custody change performed by the practice shall identify the source and destination versions or custodians, its authority, relevant transformation and known information loss. Unsupported finer distinctions shall not be invented during conversion.",dfacdfb948c599433dd2d28f6f304db1142016de53035156aa0565856ea70729,dfacdfb948c599433dd2d28f6f304db1142016de53035156aa0565856ea70729
GR-110,R110-028,unchanged,"An authorized correction, restriction, retention or disposal action shall have a scoped disposition and an accountable executor. The practice shall record permitted evidence of its result and known limitations without retaining prohibited content solely to prove deletion.","An authorized correction, restriction, retention or disposal action shall have a scoped disposition and an accountable executor. The practice shall record permitted evidence of its result and known limitations without retaining prohibited content solely to prove deletion.",e50582930f54f1b63241bfae713fad6162697fbe32b5429ce04c276f27388a1d,e50582930f54f1b63241bfae713fad6162697fbe32b5429ce04c276f27388a1d
GR-110,R110-029,unchanged,"A presentation supplied as part of the assessed practice shall identify its source package/version and disclose material selection, reconstruction, uncertainty, disagreement and restriction within the permitted audience. It shall distinguish an attributed claim, an assessment and an institutional determination.","A presentation supplied as part of the assessed practice shall identify its source package/version and disclose material selection, reconstruction, uncertainty, disagreement and restriction within the permitted audience. It shall distinguish an attributed claim, an assessment and an institutional determination.",503c216e8a1a41902f0cf2f9fad2a1c3fa05a4654382a7013e0363d68bc26a65,503c216e8a1a41902f0cf2f9fad2a1c3fa05a4654382a7013e0363d68bc26a65
GR-110,R110-030,unchanged,A public or reduced view shall not imply that it contains the entire retained package. A validation or provenance result shall state what was checked and shall not be presented as certification of substantive truth or normative legitimacy.,A public or reduced view shall not imply that it contains the entire retained package. A validation or provenance result shall state what was checked and shall not be presented as certification of substantive truth or normative legitimacy.,6d463b16e80655886ae1cdfdd64a6cbe0f0bf9be3730f64529a579629eb4c003,6d463b16e80655886ae1cdfdd64a6cbe0f0bf9be3730f64529a579629eb4c003
GR-110,R110-031,unchanged,The practice shall provide enough accessible explanation for intended users to locate the grounds of a material claim and the relevant review route. A practical assessment shall record observed comprehension barriers and the alternatives or limitations offered.,The practice shall provide enough accessible explanation for intended users to locate the grounds of a material claim and the relevant review route. A practical assessment shall record observed comprehension barriers and the alternatives or limitations offered.,cb0f3e38426bbf3a171d6231acceac670cbda97f9e60f176f5ef53ea53adfcb6,cb0f3e38426bbf3a171d6231acceac670cbda97f9e60f176f5ef53ea53adfcb6
GR-110,R110-032,unchanged,"A report shall identify the assessed subject, versions of this draft and its dependencies, purpose/profile, applicable requirements, assessor, method, evidence, results and unresolved limitations. Package-only results shall not be presented as assessment of unobserved practice.","A report shall identify the assessed subject, versions of this draft and its dependencies, purpose/profile, applicable requirements, assessor, method, evidence, results and unresolved limitations. Package-only results shall not be presented as assessment of unobserved practice.",7ad2695cbe4d855e839061278d1dc1cd932df8f96210050d26bdec1f299237cd,7ad2695cbe4d855e839061278d1dc1cd932df8f96210050d26bdec1f299237cd
GR-110,R110-033,unchanged,"The report shall distinguish fulfilled, not fulfilled, not assessed and not applicable results for each requirement, with reasons for exclusions. A failed or unassessed applicable requirement shall prevent an unqualified claim that the declared scope satisfies this draft.","The report shall distinguish fulfilled, not fulfilled, not assessed and not applicable results for each requirement, with reasons for exclusions. A failed or unassessed applicable requirement shall prevent an unqualified claim that the declared scope satisfies this draft.",c6da184172456c384f1015603d21a49759e619e196dee52d430831f01ce7607f,c6da184172456c384f1015603d21a49759e619e196dee52d430831f01ce7607f
GR-110,R110-034,unchanged,"The report shall distinguish structural or documentary checks from tests of understanding, evidential warrant and institutional performance. It shall not infer truth, complete historical recovery, beneficial generativity or legal validity from structural fulfillment.","The report shall distinguish structural or documentary checks from tests of understanding, evidential warrant and institutional performance. It shall not infer truth, complete historical recovery, beneficial generativity or legal validity from structural fulfillment.",6bc8899e9dbe0451aa604ba9f35c31c5addcbf83fb67ab60a73d8072946dac5f,6bc8899e9dbe0451aa604ba9f35c31c5addcbf83fb67ab60a73d8072946dac5f
GR-110,R110-035,unchanged,"Before systematic capture or reconstruction, the recording practice shall identify the questions the package is intended to support, the decisions or uses anticipated, and the information needed to examine them. The collection plan shall distinguish necessary detail, conditional detail, and material excluded from collection with reasons.","Before systematic capture or reconstruction, the recording practice shall identify the questions the package is intended to support, the decisions or uses anticipated, and the information needed to examine them. The collection plan shall distinguish necessary detail, conditional detail, and material excluded from collection with reasons.",ceb16cd8ec437c698738f2ea10649365d8c7e602fc38d3becce5d2d8b46e86ce,ceb16cd8ec437c698738f2ea10649365d8c7e602fc38d3becce5d2d8b46e86ce
GR-110,R110-036,unchanged,"The plan shall identify temporal horizon and resolution, observational boundary and scale, included perspectives, source types, expected gaps, and relevant relations outside the boundary treated as context. A change of boundary or scale material to interpretation shall be versioned and explained.","The plan shall identify temporal horizon and resolution, observational boundary and scale, included perspectives, source types, expected gaps, and relevant relations outside the boundary treated as context. A change of boundary or scale material to interpretation shall be versioned and explained.",11350339b1825d857466b41bc8552c7d9187d858a2f9874e04134053f3741663,11350339b1825d857466b41bc8552c7d9187d858a2f9874e04134053f3741663
GR-110,R110-037,unchanged,"The practice shall assess feasible recording, assessment, protection, and participation effort for the declared purpose. If essential work exceeds available capacity, it shall narrow the scope, obtain capacity, or report an unmet requirement; resource limits shall not justify invented content or an unqualified assessment claim.","The practice shall assess feasible recording, assessment, protection, and participation effort for the declared purpose. If essential work exceeds available capacity, it shall narrow the scope, obtain capacity, or report an unmet requirement; resource limits shall not justify invented content or an unqualified assessment claim.",f3a8e5f3ac0554bf71a953d3227fcb65e0e46120576f1a26984625ec13cd1a33,f3a8e5f3ac0554bf71a953d3227fcb65e0e46120576f1a26984625ec13cd1a33
GR-110,R110-038,unchanged,"Each assigned function shall identify the responsible person or organization, accepted task, authority and access needed, relevant interests, and a contact or continuity arrangement. Where a function cannot be performed, the practice shall record the limitation and its consequence for current use or assessment.","Each assigned function shall identify the responsible person or organization, accepted task, authority and access needed, relevant interests, and a contact or continuity arrangement. Where a function cannot be performed, the practice shall record the limitation and its consequence for current use or assessment.",754e93f78d3ad13239b0a0699c62552779dcea0015b791c604e57ae58ac37d32,754e93f78d3ad13239b0a0699c62552779dcea0015b791c604e57ae58ac37d32
GR-110,R110-039,unchanged,"The recording plan shall identify when capture is contemporaneous, retrospective, automated, or assisted and how consequential selections or transformations will be checked. Automated output shall retain its relationship to source material and accountable review.","The recording plan shall identify when capture is contemporaneous, retrospective, automated, or assisted and how consequential selections or transformations will be checked. Automated output shall retain its relationship to source material and accountable review.",2db52c4a3af5ba25949e23e5c73302e58940f52bd7631bcd625b008ee3ee2a52,2db52c4a3af5ba25949e23e5c73302e58940f52bd7631bcd625b008ee3ee2a52
GR-110,R110-040,unchanged,"A material expansion of purpose, audience, source collection, or practical use shall receive renewed scope and protection assessment before the affected activity begins. The package shall identify the change and distinguish earlier permission and evidence from authority for the new use.","A material expansion of purpose, audience, source collection, or practical use shall receive renewed scope and protection assessment before the affected activity begins. The package shall identify the change and distinguish earlier permission and evidence from authority for the new use.",c14155aa6e4fe4f845ba9bc1f9a1c3a559515401c160077c9ff2b0ec81f8cd01,c14155aa6e4fe4f845ba9bc1f9a1c3a559515401c160077c9ff2b0ec81f8cd01
GR-110,R110-041,unchanged,"The practice shall maintain the package inventory, current responsible functions, known dependencies, and active review or correction routes through the declared maintenance period. A decision to stop maintenance shall identify its date, reason, custodial disposition, and consequences for users.","The practice shall maintain the package inventory, current responsible functions, known dependencies, and active review or correction routes through the declared maintenance period. A decision to stop maintenance shall identify its date, reason, custodial disposition, and consequences for users.",e0ef2f2975d93707620c354e0b7b6f8bc9a4b2fe4ea5120e531ad170cb1c6644,e0ef2f2975d93707620c354e0b7b6f8bc9a4b2fe4ea5120e531ad170cb1c6644
GR-110,R110-042,unchanged,"On incorporating material, the practice shall record its source, acquisition or creation time, received version or identifying characteristics, method of capture, relevant production context, and permitted use. Unverified source assertions shall remain attributed rather than represented as established provenance.","On incorporating material, the practice shall record its source, acquisition or creation time, received version or identifying characteristics, method of capture, relevant production context, and permitted use. Unverified source assertions shall remain attributed rather than represented as established provenance.",c0ca30a64a2632e19fe74cc7d29dc7f065290ed7c45c4ab3c232a06ea68b211c,c0ca30a64a2632e19fe74cc7d29dc7f065290ed7c45c4ab3c232a06ea68b211c
GR-110,R110-043,unchanged,"A transcription, translation, summary, selection, annotation, or reconstruction shall identify the source material, responsible transformer or method, material changes, and known loss or uncertainty. A derived account shall remain distinguishable from its source.","A transcription, translation, summary, selection, annotation, or reconstruction shall identify the source material, responsible transformer or method, material changes, and known loss or uncertainty. A derived account shall remain distinguishable from its source.",ef3c258d02204902c4a01530217e5f0b550714a28a169d4d79ebdb3c09c01f20,ef3c258d02204902c4a01530217e5f0b550714a28a169d4d79ebdb3c09c01f20
GR-110,R110-044,unchanged,"When several materials derive from a common source, the package shall retain known derivation relationships relevant to evidential independence. Multiple copies or repeated citations shall not be presented as independent corroboration without additional grounds.","When several materials derive from a common source, the package shall retain known derivation relationships relevant to evidential independence. Multiple copies or repeated citations shall not be presented as independent corroboration without additional grounds.",c6be27a5e4aeeefb7f3a6b742d02664e18515d9dddc3e50d7ae48ce10225d277,c6be27a5e4aeeefb7f3a6b742d02664e18515d9dddc3e50d7ae48ce10225d277
GR-110,R110-045,unchanged,"The practice shall identify collection or extraction errors that can materially affect interpretation, including temporal aggregation, omitted context, unresolved attribution, and unsupported precision. Correction of an extraction shall not silently alter the underlying source record.","The practice shall identify collection or extraction errors that can materially affect interpretation, including temporal aggregation, omitted context, unresolved attribution, and unsupported precision. Correction of an extraction shall not silently alter the underlying source record.",39c9724265649fa83e7062a85ba413c95ba866f26325a475794278bb46393d99,39c9724265649fa83e7062a85ba413c95ba866f26325a475794278bb46393d99
GR-110,R110-046,unchanged,"The assessed material-claim set shall include claims relied on for generative connections, identity, alternatives, category change, and practical consequences, not only claims supported by convenient evidence. Exclusion of a relied-on claim shall be identified as a limitation of the assessment rather than omitted from the declared set.","The assessed material-claim set shall include claims relied on for generative connections, identity, alternatives, category change, and practical consequences, not only claims supported by convenient evidence. Exclusion of a relied-on claim shall be identified as a limitation of the assessment rather than omitted from the declared set.",b808f26d867e8c4215eb85aea93ccd5999c838a7d355e654b16b8a181324ba8c,b808f26d867e8c4215eb85aea93ccd5999c838a7d355e654b16b8a181324ba8c
GR-110,R110-047,unchanged,The package shall link each material claim and relevant assessment to the applicable GR-200 records and results. The dependency assessment shall cover all applicable obligations for that bounded epistemic package; successful individual claim checks shall not substitute for package-level evaluation.,The package shall link each material claim and relevant assessment to the applicable GR-200 records and results. The dependency assessment shall cover all applicable obligations for that bounded epistemic package; successful individual claim checks shall not substitute for package-level evaluation.,60c610a6ecbf82c7a4e4aa650cd3ec6714fe1fdd7fb6563c18dc340e71576d47,60c610a6ecbf82c7a4e4aa650cd3ec6714fe1fdd7fb6563c18dc340e71576d47
GR-110,R110-048,unchanged,"A disputed identification, apparent duplicate, split, merger, or succession shall retain the alternative interpretation and the decision or uncertainty governing linkage. The practice shall distinguish correction of a record identifier from revision of a judgment about the represented subject.","A disputed identification, apparent duplicate, split, merger, or succession shall retain the alternative interpretation and the decision or uncertainty governing linkage. The practice shall distinguish correction of a record identifier from revision of a judgment about the represented subject.",3a2d452c58afd4f0a42ad8b98186d6ae69387f322d91b4d8461c97654a44b537,3a2d452c58afd4f0a42ad8b98186d6ae69387f322d91b4d8461c97654a44b537
GR-110,R110-049,unchanged,"The temporal account shall identify relevant ordering, interval, resolution, and uncertainty, including where observations leave gaps. A claimed continuous relation shall state its continuity criterion and evidence; continuity of a label, manifestation, or file shall not alone establish continuity of the relation.","The temporal account shall identify relevant ordering, interval, resolution, and uncertainty, including where observations leave gaps. A claimed continuous relation shall state its continuity criterion and evidence; continuity of a label, manifestation, or file shall not alone establish continuity of the relation.",56a33ca91b079bf46125626393fc7d64c6266217cda00a4831d466ae19f3251e,56a33ca91b079bf46125626393fc7d64c6266217cda00a4831d466ae19f3251e
GR-110,R110-050,unchanged,"When a reconstruction uses categories or evidence unavailable to earlier actors, it shall identify that retrospective basis and retain the earlier terminology or a supported account of it where material. The reconstruction shall not attribute later knowledge or intended outcomes to earlier actors without grounds.","When a reconstruction uses categories or evidence unavailable to earlier actors, it shall identify that retrospective basis and retain the earlier terminology or a supported account of it where material. The reconstruction shall not attribute later knowledge or intended outcomes to earlier actors without grounds.",02656f25aabf3c2546e5f7671e8280ee928d192133f638b5aff9fca38e70189f,02656f25aabf3c2546e5f7671e8280ee928d192133f638b5aff9fca38e70189f
GR-110,R110-051,unchanged,"A generative account shall distinguish the existence or occurrence claim about its target from the attribution claim connecting candidate contributors to that target. The role, boundary, scale, time horizon, and evidential limits of the attribution shall remain inspectable even when the target change is well supported.","A generative account shall distinguish the existence or occurrence claim about its target from the attribution claim connecting candidate contributors to that target. The role, boundary, scale, time horizon, and evidential limits of the attribution shall remain inspectable even when the target change is well supported.",c2e62a843bac164587011a36b889b19fd9504fc941709561401f4ef03c70b411,c2e62a843bac164587011a36b889b19fd9504fc941709561401f4ef03c70b411
GR-110,R110-052,unchanged,"Where association, sequence, or co-occurrence is used as support, the account shall state that evidential role and assess material alternative explanations, such as selection, common conditions, reverse influence, or changing definitions, or identify their unresolved status. Association shall not be relabelled as a demonstrated mechanism.","Where association, sequence, or co-occurrence is used as support, the account shall state that evidential role and assess material alternative explanations, such as selection, common conditions, reverse influence, or changing definitions, or identify their unresolved status. Association shall not be relabelled as a demonstrated mechanism.",02bceca9b06bbf86f29d4c0421e97761128805a6973b89b26c018cc23f2f86fc,02bceca9b06bbf86f29d4c0421e97761128805a6973b89b26c018cc23f2f86fc
GR-110,R110-053,unchanged,"A mechanism account shall identify the intermediate changes proposed to carry the contribution, their connection to available evidence, and any unobserved or assumed link. Restating the final outcome as an intermediate step shall not be presented as additional evidence.","A mechanism account shall identify the intermediate changes proposed to carry the contribution, their connection to available evidence, and any unobserved or assumed link. Restating the final outcome as an intermediate step shall not be presented as additional evidence.",4b2910fdb41b7122f4f97bb9de625695a331d6d8bc10d1f95c2c9273a4b932cc,4b2910fdb41b7122f4f97bb9de625695a331d6d8bc10d1f95c2c9273a4b932cc
GR-110,R110-054,unchanged,"When a counterfactual supports attribution, the account shall identify the focal change, connected conditions allowed to vary, background conditions provisionally held stable, target comparison, time horizon, evidence for plausibility, and material uncertainty. A modeled counterfactual shall remain distinguishable from an observed comparison.","When a counterfactual supports attribution, the account shall identify the focal change, connected conditions allowed to vary, background conditions provisionally held stable, target comparison, time horizon, evidence for plausibility, and material uncertainty. A modeled counterfactual shall remain distinguishable from an observed comparison.",6aaeeaf2cb9ddb62b42122b73311cd75e78323543fcd39fd62443218ffab8fad,6aaeeaf2cb9ddb62b42122b73311cd75e78323543fcd39fd62443218ffab8fad
GR-110,R110-055,unchanged,"Where multiple or distributed contribution is material, the account shall identify the supported roles or organizational pattern, relevant complementarities, substitutions, or feedback, and the limits of allocating effects among participants. Failure to isolate a single contributor shall not force an unsupported sole attribution.","Where multiple or distributed contribution is material, the account shall identify the supported roles or organizational pattern, relevant complementarities, substitutions, or feedback, and the limits of allocating effects among participants. Failure to isolate a single contributor shall not force an unsupported sole attribution.",a632390476caa7c2bf33c40042b8c89b2b4c00db518bead2502951080d0653d8,a632390476caa7c2bf33c40042b8c89b2b4c00db518bead2502951080d0653d8
GR-110,R110-056,unchanged,"A claim of emergent or configurational contribution shall identify the interaction, organization, or dependency said to matter and the evidence supporting its relevance to the target. The label emergent or systemic shall not replace the account of the proposed connection.","A claim of emergent or configurational contribution shall identify the interaction, organization, or dependency said to matter and the evidence supporting its relevance to the target. The label emergent or systemic shall not replace the account of the proposed connection.",183e3e993a5b459b5dc2e5bb411521565829555cd4ddb25e2e991fc6f122d883,183e3e993a5b459b5dc2e5bb411521565829555cd4ddb25e2e991fc6f122d883
GR-110,R110-057,unchanged,"For a delayed contribution, the account shall identify the persisting or transmitted condition proposed to connect the earlier relation to the later effect, known transformations of that condition, intervening influences, and the limit of useful attribution. A long interval alone shall not establish either continuity or disconnection.","For a delayed contribution, the account shall identify the persisting or transmitted condition proposed to connect the earlier relation to the later effect, known transformations of that condition, intervening influences, and the limit of useful attribution. A long interval alone shall not establish either continuity or disconnection.",536e3d768d1ef07f73e28b4982e945dae020cec3c0ec2365fa25e9000d2b6c7b,536e3d768d1ef07f73e28b4982e945dae020cec3c0ec2365fa25e9000d2b6c7b
GR-110,R110-058,unchanged,"A trajectory containing several generative links shall preserve link-specific contributors, target, grounds, modality, and uncertainty where these differ materially. Evidence supporting one link shall not automatically validate downstream links or the whole trajectory.","A trajectory containing several generative links shall preserve link-specific contributors, target, grounds, modality, and uncertainty where these differ materially. Evidence supporting one link shall not automatically validate downstream links or the whole trajectory.",478025d8c78ba6f3c97d72574659f779b59e54bd6bb3b16b21c4bdb01e2a3ac0,478025d8c78ba6f3c97d72574659f779b59e54bd6bb3b16b21c4bdb01e2a3ac0
GR-110,R110-059,unchanged,"Where available evidence ceases to support a downstream attribution, the account shall identify that boundary and classify further development as unassessed, conjectured, or separately supported as appropriate. A diagram or narrative shall not hide that change of status.","Where available evidence ceases to support a downstream attribution, the account shall identify that boundary and classify further development as unassessed, conjectured, or separately supported as appropriate. A diagram or narrative shall not hide that change of status.",46e709016cef7816f1d2155e7c13386165006b5946b821fff79e0487d2555102,46e709016cef7816f1d2155e7c13386165006b5946b821fff79e0487d2555102
GR-110,R110-060,unchanged,"A path-dependence or lock-in claim shall identify the sequence-sensitive condition said to alter later alternatives, its carrier or feedback, and grounds distinguishing historical dependence from persistence under current conditions. Claimed irreversibility shall state the relevant horizon and alternatives considered.","A path-dependence or lock-in claim shall identify the sequence-sensitive condition said to alter later alternatives, its carrier or feedback, and grounds distinguishing historical dependence from persistence under current conditions. Claimed irreversibility shall state the relevant horizon and alternatives considered.",325c18c99cbe5fd8841c4a995fe43b154169848b456a939b1369f965846ce151,325c18c99cbe5fd8841c4a995fe43b154169848b456a939b1369f965846ce151
GR-110,R110-061,unchanged,"An account of branching shall distinguish opening or constraining a pathway, selecting a branch, and stabilizing a later outcome when those contributions differ. Earlier enabling conditions shall not receive the whole realized history's attribution solely because they preceded it.","An account of branching shall distinguish opening or constraining a pathway, selecting a branch, and stabilizing a later outcome when those contributions differ. Earlier enabling conditions shall not receive the whole realized history's attribution solely because they preceded it.",32afd3094dc20288f0afa5158d6eeddd1b23a236d6d4652bf65bcabad9e9757b,32afd3094dc20288f0afa5158d6eeddd1b23a236d6d4652bf65bcabad9e9757b
GR-110,R110-062,unchanged,"A contribution record shall distinguish descriptive attribution from acknowledgement, authorship, compensation, ownership, institutional credit, or legal responsibility. Any asserted entitlement or allocation shall identify its separate source, authority, evaluative basis, and disputed or operative status.","A contribution record shall distinguish descriptive attribution from acknowledgement, authorship, compensation, ownership, institutional credit, or legal responsibility. Any asserted entitlement or allocation shall identify its separate source, authority, evaluative basis, and disputed or operative status.",bf019b8d899ae12fcc7b4a9203424281ff34716548135161f6b0d0eb932f6360,bf019b8d899ae12fcc7b4a9203424281ff34716548135161f6b0d0eb932f6360
GR-110,R110-063,unchanged,"A historical alternative shall identify whether it was evidenced as available to relevant actors at the time, proposed then but infeasible under identified conditions, or introduced retrospectively for analysis. A later technology, category, or institutional option shall not be represented as historically available without grounds.","A historical alternative shall identify whether it was evidenced as available to relevant actors at the time, proposed then but infeasible under identified conditions, or introduced retrospectively for analysis. A later technology, category, or institutional option shall not be represented as historically available without grounds.",9e446dc3f9ea7762d4cf5fe7801d30066257932cfd72f9373bf1bd3f10b99663,9e446dc3f9ea7762d4cf5fe7801d30066257932cfd72f9373bf1bd3f10b99663
GR-110,R110-064,unchanged,"A possibility-field account shall identify the subjects or positions concerned, the selected pathways, the relevant conditions and horizon, and the change alleged in accessibility, cost, probability, or viability. Unenumerated possibilities and limits of comparison shall remain explicit; a bounded list shall not imply exhaustion.","A possibility-field account shall identify the subjects or positions concerned, the selected pathways, the relevant conditions and horizon, and the change alleged in accessibility, cost, probability, or viability. Unenumerated possibilities and limits of comparison shall remain explicit; a bounded list shall not imply exhaustion.",40d40264957d389ec8c7a9a70db7b7ab6a9b32711705a676003433cf9f591b7a,40d40264957d389ec8c7a9a70db7b7ab6a9b32711705a676003433cf9f591b7a
GR-110,R110-065,unchanged,"Where an option is represented as available, the account shall distinguish formal availability from practical access under material resources, authority, knowledge, timing, or participation conditions. A declared permission alone shall not establish that the affected person could exercise the option.","Where an option is represented as available, the account shall distinguish formal availability from practical access under material resources, authority, knowledge, timing, or participation conditions. A declared permission alone shall not establish that the affected person could exercise the option.",79f70848e11b0e30fcdbc75d091eedcf69ad9be7e0d497fbe7c312ec4b1f5274,79f70848e11b0e30fcdbc75d091eedcf69ad9be7e0d497fbe7c312ec4b1f5274
GR-110,R110-066,unchanged,"A comparison of earlier and later possibilities shall state whether the compared categories, boundaries, and subjects remain sufficiently consistent for the claimed comparison. If the process generating change or the available distinctions changed, that change shall be represented rather than forced into an unchanged scale.","A comparison of earlier and later possibilities shall state whether the compared categories, boundaries, and subjects remain sufficiently consistent for the claimed comparison. If the process generating change or the available distinctions changed, that change shall be represented rather than forced into an unchanged scale.",23e85388114e18cad8afd8ca04432d9e8b24ea631a43bdf4164e7ef55c9616d6,23e85388114e18cad8afd8ca04432d9e8b24ea631a43bdf4164e7ef55c9616d6
GR-110,R110-067,unchanged,"A material classification or method change shall identify its responsible source, effective or asserted period, definitions or rules changed, and consequences for reading earlier records. A later harmonized dataset or view shall preserve a route to the distinctions lost or identify that loss.","A material classification or method change shall identify its responsible source, effective or asserted period, definitions or rules changed, and consequences for reading earlier records. A later harmonized dataset or view shall preserve a route to the distinctions lost or identify that loss.",77cddc2b9467db604bd36a8cde554c7155d0af5cc523bac2439844a87f7ffec0,77cddc2b9467db604bd36a8cde554c7155d0af5cc523bac2439844a87f7ffec0
GR-110,R110-068,unchanged,"A retrospective interpretation shall distinguish correction of an earlier error, expansion using later evidence or categories, and subsequent transformation of the represented relation. Where more than one applies, the package shall preserve their separate grounds rather than choose one merely for a simpler history.","A retrospective interpretation shall distinguish correction of an earlier error, expansion using later evidence or categories, and subsequent transformation of the represented relation. Where more than one applies, the package shall preserve their separate grounds rather than choose one merely for a simpler history.",f7e9ddcd97254b3cae7434255532cfea91d3d194e5a5ce12780109134ef268fc,f7e9ddcd97254b3cae7434255532cfea91d3d194e5a5ce12780109134ef268fc
GR-110,R110-069,unchanged,"Where maintaining a capacity or relation is material, the account shall identify the recurring work or conditions asserted to sustain it, the relevant period, and evidence or uncertainty about deterioration in their absence. Lack of a novel final output shall not be used to omit a supported maintenance contribution.","Where maintaining a capacity or relation is material, the account shall identify the recurring work or conditions asserted to sustain it, the relevant period, and evidence or uncertainty about deterioration in their absence. Lack of a novel final output shall not be used to omit a supported maintenance contribution.",254f55ab7741a8fccd9dbd1a5d4dfe9c0ac3caa44c94bb642fd17f9b989f8071,254f55ab7741a8fccd9dbd1a5d4dfe9c0ac3caa44c94bb642fd17f9b989f8071
GR-110,R110-070,unchanged,"A loss account shall distinguish loss in the represented situation from loss of records, visibility, access, institutional recognition, or interpretability. The package shall identify which kind is asserted, its basis and affected subject, without inferring one solely from another.","A loss account shall distinguish loss in the represented situation from loss of records, visibility, access, institutional recognition, or interpretability. The package shall identify which kind is asserted, its basis and affected subject, without inferring one solely from another.",53ed2ee031cffe75060ee88dd56a43057394d9c4acd8c37723f2b73fdbc06858,53ed2ee031cffe75060ee88dd56a43057394d9c4acd8c37723f2b73fdbc06858
GR-110,R110-071,unchanged,"An enabling or constraining effect that differs by participant, position, scale, or horizon shall be scoped accordingly. A short-term benefit shall not erase a recorded longer-term dependency or cost, and a loss to one participant shall not be concealed by aggregate expansion.","An enabling or constraining effect that differs by participant, position, scale, or horizon shall be scoped accordingly. A short-term benefit shall not erase a recorded longer-term dependency or cost, and a loss to one participant shall not be concealed by aggregate expansion.",63a73d97a64f4696f7e35e02f5a0cf41ec5c5bb7ba6c1a4e2905ae6dac3b3b89,63a73d97a64f4696f7e35e02f5a0cf41ec5c5bb7ba6c1a4e2905ae6dac3b3b89
GR-110,R110-072,unchanged,"A normative evaluation of maintained, created, or lost conditions shall identify the evaluator, relevant values, affected interests, grounds, and disagreement. Descriptive generativity and the desirability of its consequences shall remain distinguishable.","A normative evaluation of maintained, created, or lost conditions shall identify the evaluator, relevant values, affected interests, grounds, and disagreement. Descriptive generativity and the desirability of its consequences shall remain distinguishable.",4a0e7150dda50461eb4bb6525b944188ceb4a646a57ea7f703dcf943687a1f55,4a0e7150dda50461eb4bb6525b944188ceb4a646a57ea7f703dcf943687a1f55
GR-110,R110-073,unchanged,"A generativity-return account shall distinguish the proposed concept and evaluation from any observed transfer, practical response, or legally asserted entitlement. If a quantity is used, the account shall state its meaning, units or scale, calculation or judgment method, horizon, assumptions, and limits on comparability.","A generativity-return account shall distinguish the proposed concept and evaluation from any observed transfer, practical response, or legally asserted entitlement. If a quantity is used, the account shall state its meaning, units or scale, calculation or judgment method, horizon, assumptions, and limits on comparability.",4b7b0c33ba795fc49d86972178ba12e739e7b048cbdec46e6b756db5df125acf,4b7b0c33ba795fc49d86972178ba12e739e7b048cbdec46e6b756db5df125acf
GR-110,R110-074,unchanged,"A practical-uptake record shall distinguish availability or receipt of a claim from actual reliance, the decision communicated, and the action implemented. Each asserted step shall identify its source and evidence or uncertainty; a delivery acknowledgement shall not establish that a judgment was accepted.","A practical-uptake record shall distinguish availability or receipt of a claim from actual reliance, the decision communicated, and the action implemented. Each asserted step shall identify its source and evidence or uncertainty; a delivery acknowledgement shall not establish that a judgment was accepted.",8acfce8367769d3e56d3032320ad90601ed12d65d3ea230dc95c093c9a26b3e6,8acfce8367769d3e56d3032320ad90601ed12d65d3ea230dc95c093c9a26b3e6
GR-110,R110-075,unchanged,"When an intervention rationale is within scope, the package shall identify the immediate action, intended generative effect, target relations or conditions, relevant assumptions, beneficiaries and affected interests, and evidence expected to support or challenge the rationale. It shall identify the asserted authority rather than derive that authority from the recording Standard.","When an intervention rationale is within scope, the package shall identify the immediate action, intended generative effect, target relations or conditions, relevant assumptions, beneficiaries and affected interests, and evidence expected to support or challenge the rationale. It shall identify the asserted authority rather than derive that authority from the recording Standard.",b2613527c5fded22c612d9d602f6e3291a9e9bafa4b44a59d52c1f326d24fb3a,b2613527c5fded22c612d9d602f6e3291a9e9bafa4b44a59d52c1f326d24fb3a
GR-110,R110-076,unchanged,"Where monitoring or feedback is part of the assessed practice, the practice shall identify questions, observations, review points or triggers, responsible recipients, and the decisions that feedback can inform. A collection schedule without a route to consideration shall not be represented as an operative feedback arrangement.","Where monitoring or feedback is part of the assessed practice, the practice shall identify questions, observations, review points or triggers, responsible recipients, and the decisions that feedback can inform. A collection schedule without a route to consideration shall not be represented as an operative feedback arrangement.",1e35ce789284cd3a4583453cee660ec064963c2075ca4b5c6a15fd7fdb7fbeae,1e35ce789284cd3a4583453cee660ec064963c2075ca4b5c6a15fd7fdb7fbeae
GR-110,R110-077,unchanged,"The package shall distinguish evidence that an action was implemented as intended from evidence that the anticipated transformation followed. Unexpected, delayed, mixed, or unobserved effects shall retain those statuses rather than being treated as success or failure solely from implementation completion.","The package shall distinguish evidence that an action was implemented as intended from evidence that the anticipated transformation followed. Unexpected, delayed, mixed, or unobserved effects shall retain those statuses rather than being treated as success or failure solely from implementation completion.",1fbd91e802f64aa8387c2195918a932a4b98d061773013cccdac8d706af13cb6,1fbd91e802f64aa8387c2195918a932a4b98d061773013cccdac8d706af13cb6
GR-110,R110-078,unchanged,"A material feedback record shall identify the observation or testimony, its relation to the intervention rationale, the person or function considering it, and any maintained or revised action with reasons. Where the practice cannot observe consideration or action, that limit shall be reported.","A material feedback record shall identify the observation or testimony, its relation to the intervention rationale, the person or function considering it, and any maintained or revised action with reasons. Where the practice cannot observe consideration or action, that limit shall be reported.",ee3a70d1334398c989fcdc2da7507ef43a367f1cecb0fb91b9ec3b91046d1712,ee3a70d1334398c989fcdc2da7507ef43a367f1cecb0fb91b9ec3b91046d1712
GR-110,R110-079,unchanged,"When feedback leads to a changed target, method, boundary, objective, or evaluative criterion, the package shall preserve the change and its rationale. Later success criteria shall not be presented as though they governed the original action unless that earlier status is evidenced.","When feedback leads to a changed target, method, boundary, objective, or evaluative criterion, the package shall preserve the change and its rationale. Later success criteria shall not be presented as though they governed the original action unless that earlier status is evidenced.",8e2f38caac9ea9c631a9d13bd109359ef42013dfa08082d6e3395532ae199fc1,8e2f38caac9ea9c631a9d13bd109359ef42013dfa08082d6e3395532ae199fc1
GR-110,R110-080,unchanged,"An account of withdrawal, reversal, or repair shall distinguish ending an activity, attempting to restore an earlier condition, and addressing residual consequences. It shall identify responsible authority, planned and performed actions, observed effects, and known limits; restoring a rule shall not alone establish restoration of the prior situation.","An account of withdrawal, reversal, or repair shall distinguish ending an activity, attempting to restore an earlier condition, and addressing residual consequences. It shall identify responsible authority, planned and performed actions, observed effects, and known limits; restoring a rule shall not alone establish restoration of the prior situation.",79e70de189c906acff4953537660f17f2c805ff1eb4c35d84c290dbe6281c810,79e70de189c906acff4953537660f17f2c805ff1eb4c35d84c290dbe6281c810
GR-110,R110-081,unchanged,"Where a corrective decision has known downstream consequences within the declared scope, the practice shall record follow-up evidence or its absence, including whether affected access, participation, capacity, or dependence changed. A corrected description alone shall not be reported as completed practical repair.","Where a corrective decision has known downstream consequences within the declared scope, the practice shall record follow-up evidence or its absence, including whether affected access, participation, capacity, or dependence changed. A corrected description alone shall not be reported as completed practical repair.",a70297dee66c394a664d502ce500d797d36302d26317d2dc3e0d974f4dff9a9e,a70297dee66c394a664d502ce500d797d36302d26317d2dc3e0d974f4dff9a9e
GR-110,R110-082,unchanged,"The declared correction route shall explain how to identify the disputed material, contact the responsible function, request protected handling, and learn the status or disposition. The practice shall test the route within its claimed operating conditions and record failures and remedies.","The declared correction route shall explain how to identify the disputed material, contact the responsible function, request protected handling, and learn the status or disposition. The practice shall test the route within its claimed operating conditions and record failures and remedies.",6328a2e997b7c0009a3c34ddf73d37b07d6492a56cd71956fe46ae5fa582216b,6328a2e997b7c0009a3c34ddf73d37b07d6492a56cd71956fe46ae5fa582216b
GR-110,R110-083,unchanged,Conflicting correction requests shall remain separately attributable and linked to the affected versions. The practice shall record the responsible determination or unresolved disagreement and shall not silently overwrite one account merely because another was received later.,Conflicting correction requests shall remain separately attributable and linked to the affected versions. The practice shall record the responsible determination or unresolved disagreement and shall not silently overwrite one account merely because another was received later.,3f69b0bc3bbfdf6ead325837b7b898a847065740da6c73a9b87600ca56a1f64e,3f69b0bc3bbfdf6ead325837b7b898a847065740da6c73a9b87600ca56a1f64e
GR-110,R110-084,unchanged,"Before collecting or disclosing sensitive material, the practice shall identify the intended use, actual authority or permission basis, audience, relevant restrictions, and feasible less intrusive information sufficient for the purpose. If the intended use lacks an established basis, that use shall not proceed merely to complete the package.","Before collecting or disclosing sensitive material, the practice shall identify the intended use, actual authority or permission basis, audience, relevant restrictions, and feasible less intrusive information sufficient for the purpose. If the intended use lacks an established basis, that use shall not proceed merely to complete the package.",6b7827270a3e9d29254b9c40326773568aaf461b8c0246e1224ebb89bc50af5d,6b7827270a3e9d29254b9c40326773568aaf461b8c0246e1224ebb89bc50af5d
GR-110,R110-085,unchanged,"Protection decisions shall consider whether identifiers, relationships, timing, summaries, or combinations of metadata disclose restricted identity, existence, or content. The resulting access arrangement shall distinguish material that can be retained, examined by authorized reviewers, or presented to a particular audience.","Protection decisions shall consider whether identifiers, relationships, timing, summaries, or combinations of metadata disclose restricted identity, existence, or content. The resulting access arrangement shall distinguish material that can be retained, examined by authorized reviewers, or presented to a particular audience.",0d1ad75f7f0cce60debd5fffa55a8c956b35373ee5bcacffea360481898bcd7f,0d1ad75f7f0cce60debd5fffa55a8c956b35373ee5bcacffea360481898bcd7f
GR-110,R110-086,unchanged,"An unavailable-information declaration shall state only what is supported and permitted, identify its effect on interpretation or assessment, and indicate a review or future-access route where one exists. A protected omission shall not be filled with a false factual explanation.","An unavailable-information declaration shall state only what is supported and permitted, identify its effect on interpretation or assessment, and indicate a review or future-access route where one exists. A protected omission shall not be filled with a false factual explanation.",44fcd7abc9b8f54f947a87ccd482d37d2099fac1e841afff2aae6e16788eb645,44fcd7abc9b8f54f947a87ccd482d37d2099fac1e841afff2aae6e16788eb645
GR-110,R110-087,unchanged,"The practice shall identify the custodian, retention period or event-based trigger, access-review point, and authorized disposition for material whose retention or disclosure is controlled. Expiry or withdrawal of access shall trigger review of affected claims, views, and assessment limitations.","The practice shall identify the custodian, retention period or event-based trigger, access-review point, and authorized disposition for material whose retention or disclosure is controlled. Expiry or withdrawal of access shall trigger review of affected claims, views, and assessment limitations.",eec548391fea25a22c7572200b56453570ac6b4f50c87494a3d08d03b1e09f53,eec548391fea25a22c7572200b56453570ac6b4f50c87494a3d08d03b1e09f53
GR-110,R110-088,unchanged,"When interpretability depends on a vocabulary, method, software environment, codebook, or external resource, the package shall identify the relevant version and preservation or availability arrangement. A broken reference or obsolete tool shall be assessed for semantic loss rather than treated only as a display defect.","When interpretability depends on a vocabulary, method, software environment, codebook, or external resource, the package shall identify the relevant version and preservation or availability arrangement. A broken reference or obsolete tool shall be assessed for semantic loss rather than treated only as a display defect.",6924514ae535f857706727d262f446a72e61b4feafbeff80baf6f1c6f24f1fba,6924514ae535f857706727d262f446a72e61b4feafbeff80baf6f1c6f24f1fba
GR-110,R110-089,unchanged,"Before a transfer or migration, the responsible custodian shall identify the authorized source and destination, material and versions in scope, rights and restrictions to carry forward, transformation rules, expected losses, acceptance criteria, and responsibility if the operation fails.","Before a transfer or migration, the responsible custodian shall identify the authorized source and destination, material and versions in scope, rights and restrictions to carry forward, transformation rules, expected losses, acceptance criteria, and responsibility if the operation fails.",6be5db0a1135f8b07b4c04294b3742fe4576dd2bf8f886130e8949a6df0f34a9,6be5db0a1135f8b07b4c04294b3742fe4576dd2bf8f886130e8949a6df0f34a9
GR-110,R110-090,unchanged,"After a transfer or migration, the practice shall compare the resulting material against the declared acceptance criteria, including identity, attribution, versions, temporal distinctions, generative links, uncertainty, access restrictions, and known losses. A successful byte transfer shall not alone demonstrate preservation of meaning.","After a transfer or migration, the practice shall compare the resulting material against the declared acceptance criteria, including identity, attribution, versions, temporal distinctions, generative links, uncertainty, access restrictions, and known losses. A successful byte transfer shall not alone demonstrate preservation of meaning.",483ea7f3b59ea563be3dfd753261a678a4b0dfafb265dd494a732ca5e8a5b8b3,483ea7f3b59ea563be3dfd753261a678a4b0dfafb265dd494a732ca5e8a5b8b3
GR-110,R110-091,unchanged,"An interrupted or unsuccessful custody operation shall retain a record of completed and incomplete steps, authoritative copies, protection status, recovery actions, and unresolved loss. The practice shall not claim that destination custody is complete before acceptance is evidenced.","An interrupted or unsuccessful custody operation shall retain a record of completed and incomplete steps, authoritative copies, protection status, recovery actions, and unresolved loss. The practice shall not claim that destination custody is complete before acceptance is evidenced.",7177d470f8b2bf1dea748845bdab788e1de1c174365b7182b5aead254ad3ffee,7177d470f8b2bf1dea748845bdab788e1de1c174365b7182b5aead254ad3ffee
GR-110,R110-092,unchanged,"An authorized restriction or disposal shall identify the affected content and derived views, permitted evidence of execution, known copies or dependents, and limits of control. The practice shall review public statements and assessment claims that relied on material no longer available, without retaining prohibited information merely to document the action.","An authorized restriction or disposal shall identify the affected content and derived views, permitted evidence of execution, known copies or dependents, and limits of control. The practice shall review public statements and assessment claims that relied on material no longer available, without retaining prohibited information merely to document the action.",c1fbaf52632438d77881bdbc56658b80e0609e41cf890a575ff0f1661903274b,c1fbaf52632438d77881bdbc56658b80e0609e41cf890a575ff0f1661903274b
GR-110,R110-093,unchanged,"Each supplied view shall identify its audience and purpose, source package and version, generation or preparation method, material selection and transformations, and update status. A cached or exported view shall not imply that it reflects later corrections without evidence of refresh.","Each supplied view shall identify its audience and purpose, source package and version, generation or preparation method, material selection and transformations, and update status. A cached or exported view shall not imply that it reflects later corrections without evidence of refresh.",e1609fd872b89058d5a9a89fa02dd9a5472899e57c092f777ce9b1d3b9d2eb44,e1609fd872b89058d5a9a89fa02dd9a5472899e57c092f777ce9b1d3b9d2eb44
GR-110,R110-094,unchanged,"A view of a generative account shall distinguish the status of the asserted effect, the evidential basis for it, and the evaluation of its desirability. A visual edge, color, badge, or position shall not be the sole means of expressing a distinction necessary for interpretation.","A view of a generative account shall distinguish the status of the asserted effect, the evidential basis for it, and the evaluation of its desirability. A visual edge, color, badge, or position shall not be the sole means of expressing a distinction necessary for interpretation.",b6a37bf7dbff46e89e2225caa3210770153108c9b2ea197822266a4dfafbaafa,b6a37bf7dbff46e89e2225caa3210770153108c9b2ea197822266a4dfafbaafa
GR-110,R110-095,unchanged,"Navigation from a public or reduced view shall respect the access limits of linked evidence and metadata. Where a material link cannot be exposed, the view shall communicate the permitted limitation without suggesting that the source does not exist or that unrestricted inspection is available.","Navigation from a public or reduced view shall respect the access limits of linked evidence and metadata. Where a material link cannot be exposed, the view shall communicate the permitted limitation without suggesting that the source does not exist or that unrestricted inspection is available.",3ea803a6d1b535b2f2010930c8a17f11a27b2a28d8ba4618c79cbda255518edb,3ea803a6d1b535b2f2010930c8a17f11a27b2a28d8ba4618c79cbda255518edb
GR-110,R110-096,unchanged,"The practice shall assess whether intended users can identify a material claim and its source, distinguish assessment from institutional decision, find relevant uncertainty or alternatives, recognize revision and view limits, and locate the permitted challenge route. Assessment shall record tasks, users or representative role, observed barriers, assistance, and limits.","The practice shall assess whether intended users can identify a material claim and its source, distinguish assessment from institutional decision, find relevant uncertainty or alternatives, recognize revision and view limits, and locate the permitted challenge route. Assessment shall record tasks, users or representative role, observed barriers, assistance, and limits.",dd852d4eb22008156d40b3c607773f0022b9557f6020a775867387250c5c7920,dd852d4eb22008156d40b3c607773f0022b9557f6020a775867387250c5c7920
GR-110,R110-097,unchanged,"Where a presentation fails a material intended task, the practice shall provide an accessible alternative, correct the presentation, narrow the supported use, or report an unresolved limitation. Successful file rendering or text extraction shall not be reported as demonstrated user comprehension.","Where a presentation fails a material intended task, the practice shall provide an accessible alternative, correct the presentation, narrow the supported use, or report an unresolved limitation. Successful file rendering or text extraction shall not be reported as demonstrated user comprehension.",c0c0416af32567a9db0542fe2e3b4cd0c6dbffe776dbabe9b874bcc0b25a3cc9,c0c0416af32567a9db0542fe2e3b4cd0c6dbffe776dbabe9b874bcc0b25a3cc9
GR-110,R110-098,unchanged,"Before assessment, the assessor shall identify the package baseline, recording practice, purpose, period and environment, applicable requirements, incorporated GR-100 and GR-200 versions, protection limits, assessor competence and interests, and the methods in Annex B to be used. The declaration shall distinguish planned from completed assessment.","Before assessment, the assessor shall identify the package baseline, recording practice, purpose, period and environment, applicable requirements, incorporated GR-100 and GR-200 versions, protection limits, assessor competence and interests, and the methods in Annex B to be used. The declaration shall distinguish planned from completed assessment.",783c11a5b2686640e54ea694590101dbb8ebb4ef0d801ceb6e47fb078d7b828d,783c11a5b2686640e54ea694590101dbb8ebb4ef0d801ceb6e47fb078d7b828d
GR-110,R110-099,unchanged,"An unqualified claim for the declared GR-110 scope shall require evidence for all applicable package and practice obligations, including the full applicable GR-200 package dependency. A successful documentary subset or absence of reported failures shall not establish that unobserved practice was performed.","An unqualified claim for the declared GR-110 scope shall require evidence for all applicable package and practice obligations, including the full applicable GR-200 package dependency. A successful documentary subset or absence of reported failures shall not establish that unobserved practice was performed.",53560843ce4da04442c3dce04650d7ebf4022a40eef4729acb92b7322ef5a4a3,53560843ce4da04442c3dce04650d7ebf4022a40eef4729acb92b7322ef5a4a3
GR-110,R110-100,unchanged,"A package-only or otherwise partial assessment shall identify the exact assessed subset, methods and evidence, excluded practice claims, and dependency limitations. It shall not use an unqualified label suggesting that the complete recording practice or a reduced conformance profile was assessed.","A package-only or otherwise partial assessment shall identify the exact assessed subset, methods and evidence, excluded practice claims, and dependency limitations. It shall not use an unqualified label suggesting that the complete recording practice or a reduced conformance profile was assessed.",92cfcfc4706ff94916630625f06e9f767972225a0de337169bdd26d998903b1b,92cfcfc4706ff94916630625f06e9f767972225a0de337169bdd26d998903b1b
GR-110,R110-101,unchanged,"The assessor shall use requirement-level evidence and discriminating cases under Annex B. Where one identifier contains materially distinct obligations, component results shall be retained so that a fulfilled component does not conceal failure or non-assessment of another. A requirement shall be fulfilled only if every applicable component is fulfilled; any failed or unassessed applicable component shall prevent overall fulfillment of that requirement.","The assessor shall use requirement-level evidence and discriminating cases under Annex B. Where one identifier contains materially distinct obligations, component results shall be retained so that a fulfilled component does not conceal failure or non-assessment of another. A requirement shall be fulfilled only if every applicable component is fulfilled; any failed or unassessed applicable component shall prevent overall fulfillment of that requirement.",89966bddaa586f9a4f04d48dcf9ba368aad57cd78446614c9cd8dc0fc8c1411c,89966bddaa586f9a4f04d48dcf9ba368aad57cd78446614c9cd8dc0fc8c1411c
GR-110,R110-102,unchanged,Fulfillment shall require evidence of the stated obligation under its applicability condition. A missing required declaration shall be reported as not fulfilled; inability to examine whether a represented action occurred shall be reported as not assessed unless adequate permitted evidence supports a result. Non-applicability shall identify the absent trigger.,Fulfillment shall require evidence of the stated obligation under its applicability condition. A missing required declaration shall be reported as not fulfilled; inability to examine whether a represented action occurred shall be reported as not assessed unless adequate permitted evidence supports a result. Non-applicability shall identify the absent trigger.,17bf2f3870c5edf4522270bdbcce4f002208f065bdff0cf36dcfae7439605608,17bf2f3870c5edf4522270bdbcce4f002208f065bdff0cf36dcfae7439605608
GR-110,R110-103,unchanged,"Where assessment uses sampling, the report shall identify the population, selection method, covered risks, excluded cases, and limits on extension of the findings. Cases selected only because they already appear complete shall not support a general claim about an unexamined practice.","Where assessment uses sampling, the report shall identify the population, selection method, covered risks, excluded cases, and limits on extension of the findings. Cases selected only because they already appear complete shall not support a general claim about an unexamined practice.",d34cbaee748863f458a45e8ec4f20205c202bd5e95d5396ee14826b90e7ebef1,d34cbaee748863f458a45e8ec4f20205c202bd5e95d5396ee14826b90e7ebef1
GR-110,R110-104,unchanged,"A dependency mismatch, unavailable required evidence, or unresolved interpretation affecting the result shall be recorded with the affected requirements and claim consequence. The assessor shall not substitute a newer dependency silently or count an unsupported exception as fulfillment.","A dependency mismatch, unavailable required evidence, or unresolved interpretation affecting the result shall be recorded with the affected requirements and claim consequence. The assessor shall not substitute a newer dependency silently or count an unsupported exception as fulfillment.",8a969cae9be2b6bdc234f27f183577a3b71ccf26fc21b36e8395ac7b31a80926,8a969cae9be2b6bdc234f27f183577a3b71ccf26fc21b36e8395ac7b31a80926
GR-110,R110-105,unchanged,"A material change to purpose, claim set, generative account, category, protection, custody, presentation, or dependency shall trigger review of affected assessment results. The new report shall identify what was reassessed, what remains supported by prior evidence, and what can no longer be claimed.","A material change to purpose, claim set, generative account, category, protection, custody, presentation, or dependency shall trigger review of affected assessment results. The new report shall identify what was reassessed, what remains supported by prior evidence, and what can no longer be claimed.",407091d1a8fa0caf63135b24abb7f33bd0161f813278b4313e9e1fa4161920a2,407091d1a8fa0caf63135b24abb7f33bd0161f813278b4313e9e1fa4161920a2
GR-110,R110-106,unchanged,"The recording practice shall provide the semantic information in Table~\ref{tab:r110-semantic} when its stated trigger applies, by content in the package or a permitted reference to identified material. The schedule shall be implemented without treating its labels as mandatory serialization field names or ontology classes.","The recording practice shall provide the semantic information in Table~\ref{tab:r110-semantic} when its stated trigger applies, by content in the package or a permitted reference to identified material. The schedule shall be implemented without treating its labels as mandatory serialization field names or ontology classes.",11b554f7d09f4a440eaac34fda8950ca7567a58705e951a5d5c6310e26341771,11b554f7d09f4a440eaac34fda8950ca7567a58705e951a5d5c6310e26341771
GR-110,R110-107,unchanged,"For each scheduled information group, the package shall identify its applicable subject, version, source or responsible actor, temporal scope where relevant, access status, and relationship to the material claims it supports. Information shared across records may be referenced when the intended scope and target remain unambiguous.","For each scheduled information group, the package shall identify its applicable subject, version, source or responsible actor, temporal scope where relevant, access status, and relationship to the material claims it supports. Information shared across records may be referenced when the intended scope and target remain unambiguous.",6b1dcd2e8dd5a65fb81984580842ef0811a72a89a60b16736127b158ca943522,6b1dcd2e8dd5a65fb81984580842ef0811a72a89a60b16736127b158ca943522
GR-110,R110-108,unchanged,"An absent scheduled element shall be distinguished as not applicable with a trigger-based reason, unknown, not collected, lost, destroyed, restricted, or otherwise unavailable only where that status is supported and permitted. An unavailable contextual factual value, including historical capture time or source-production context, may be represented by such a typed declaration identifying the responsible or attributing role, known reason, and effect on interpretation or assessment. Package and record references and versions, purpose and scope, accountable recording role, and relationship locators needed to identify asserted claims, contributions, assessments, and revisions shall not be replaced by unknown values. Required reasoning, criteria, and results of the package's own assessment shall remain explicit. Fulfillment of a contextual declaration obligation shall not establish the unavailable fact or fulfillment of an examination or action that could not be performed.","An absent scheduled element shall be distinguished as not applicable with a trigger-based reason, unknown, not collected, lost, destroyed, restricted, or otherwise unavailable only where that status is supported and permitted. An unavailable contextual factual value, including historical capture time or source-production context, may be represented by such a typed declaration identifying the responsible or attributing role, known reason, and effect on interpretation or assessment. Package and record references and versions, purpose and scope, accountable recording role, and relationship locators needed to identify asserted claims, contributions, assessments, and revisions shall not be replaced by unknown values. Required reasoning, criteria, and results of the package's own assessment shall remain explicit. Fulfillment of a contextual declaration obligation shall not establish the unavailable fact or fulfillment of an examination or action that could not be performed.",21ef0036b64825e685138689c0b94f4245d46b8bd6dccfe6f2b063a93c9e9375,21ef0036b64825e685138689c0b94f4245d46b8bd6dccfe6f2b063a93c9e9375
GR-110,R110-109,unchanged,"The assessor shall maintain a register for every applicable requirement, including R110-106 through R110-111, with subject/version, trigger, method, evidence locator, assessor and competence, component results, overall result, limitations, and needed action. The register shall use the discriminating assessment families in Table~\ref{tab:r110-assessment} and identify any justified equivalent method.","The assessor shall maintain a register for every applicable requirement, including R110-106 through R110-111, with subject/version, trigger, method, evidence locator, assessor and competence, component results, overall result, limitations, and needed action. The register shall use the discriminating assessment families in Table~\ref{tab:r110-assessment} and identify any justified equivalent method.",b4a1bbdf1367552d3a53ca15d5c45c4595facbbdef58b40c7c3929446cf9afa6,b4a1bbdf1367552d3a53ca15d5c45c4595facbbdef58b40c7c3929446cf9afa6
GR-110,R110-110,unchanged,"An exercised assessment shall record initial conditions, input and output versions, relevant permissions, performed steps, expected discriminating outcome, observed result, interruptions, and limitations. A described fixture or expected outcome without execution shall be recorded as a planned test rather than observed fulfillment.","An exercised assessment shall record initial conditions, input and output versions, relevant permissions, performed steps, expected discriminating outcome, observed result, interruptions, and limitations. A described fixture or expected outcome without execution shall be recorded as a planned test rather than observed fulfillment.",642ecb90c79cf8acd1e965fe0e5008cca64b9ba7bb2cf02cd03347d715abc2ad,642ecb90c79cf8acd1e965fe0e5008cca64b9ba7bb2cf02cd03347d715abc2ad
GR-110,R110-111,unchanged,"The assessor shall state the requirement-level consequence of each material failed task, inconsistent record, unavailable evidence item, or unresolved dependency. A remedied result shall retain the earlier finding, corrective action, new evidence, and remaining limit; a favorable summary shall not conceal it.","The assessor shall state the requirement-level consequence of each material failed task, inconsistent record, unavailable evidence item, or unresolved dependency. A remedied result shall retain the earlier finding, corrective action, new evidence, and remaining limit; a favorable summary shall not conceal it.",0edd0040102585eac575a35f4569040cebfe51c90a58c8501b914738f28ac695,0edd0040102585eac575a35f4569040cebfe51c90a58c8501b914738f28ac695
GR-110,R110-112,added,,"When a return account asserts recirculation, the package shall distinguish the initial generation, conversion or transfer pathway, return pathway, and asserted effect on later generative conditions. For each stage and material connection it shall identify the claim, actuality or modality, supporting grounds and uncertainty. An unavailable link shall be marked unresolved with its assessment limit; it shall not be inferred solely from another stage. A proposed or completed transfer shall not by itself establish that returned value maintained or renewed generative capacity.",,507039a10183ac0f4ac7436372f365736772a87c1be13a59261daadea714c3df
GR-200,E200-001,unchanged,"The package shall declare its reference and version, responsible recording role, intended use, target and collection boundary, included claim set or selection rule, access scope, relevant descriptive regime, and the GR-200 draft version used. It shall identify exclusions and limits that materially affect interpretation.","The package shall declare its reference and version, responsible recording role, intended use, target and collection boundary, included claim set or selection rule, access scope, relevant descriptive regime, and the GR-200 draft version used. It shall identify exclusions and limits that materially affect interpretation.",ef1b878768eb3b9b5affcc144080d04164e8d98b829f6d457789932639707063,ef1b878768eb3b9b5affcc144080d04164e8d98b829f6d457789932639707063
GR-200,E200-002,unchanged,"The package shall associate every requirement with an assessment result and an evidence locator. A claim of conformity to this draft shall identify its package boundary and applicable requirement set, and shall disclose failures, unassessed requirements, and restrictions that prevent assessment. It shall not represent technical or recording conformity as proof of factual truth, evidential sufficiency, ethical acceptability, or legal validity.","The package shall associate every requirement with an assessment result and an evidence locator. A claim of conformity to this draft shall identify its package boundary and applicable requirement set, and shall disclose failures, unassessed requirements, and restrictions that prevent assessment. It shall not represent technical or recording conformity as proof of factual truth, evidential sufficiency, ethical acceptability, or legal validity.",cdf9da6b253f3e58b6e59378a872a8935cf9c6ccfe6690eed2ca5c2b69dae0af,cdf9da6b253f3e58b6e59378a872a8935cf9c6ccfe6690eed2ca5c2b69dae0af
GR-200,E200-003,unchanged,"Each included claim shall have a reference that distinguishes its content and version within the package, stated assertion content, an identifiable target or an explicit unresolved target description, and a link to its recording context. Different assertions or versions shall remain separately referenceable where their attribution, grounds, or disposition differ.","Each included claim shall have a reference that distinguishes its content and version within the package, stated assertion content, an identifiable target or an explicit unresolved target description, and a link to its recording context. Different assertions or versions shall remain separately referenceable where their attribution, grounds, or disposition differ.",d309afa557f269258cbd2c19600f00978259eea3319b7241a914ecdcc7c220bd,d309afa557f269258cbd2c19600f00978259eea3319b7241a914ecdcc7c220bd
GR-200,E200-004,unchanged,"Each claim shall identify its represented originating actor or source and the role responsible for entering it into the package. Where these differ, the attribution chain shall distinguish origin from transcription, quotation, translation, summary, or adoption. Unknown, pseudonymous, restricted, or disputed attribution shall be explicit.","Each claim shall identify its represented originating actor or source and the role responsible for entering it into the package. Where these differ, the attribution chain shall distinguish origin from transcription, quotation, translation, summary, or adoption. Unknown, pseudonymous, restricted, or disputed attribution shall be explicit.",e742af04c53bdf45656abf04a7f08c6962e8f0c03791e366df47ec77b57e3d71,e742af04c53bdf45656abf04a7f08c6962e8f0c03791e366df47ec77b57e3d71
GR-200,E200-005,unchanged,"Each claim shall state its epistemic mode and relevant perspective: for example observation report, testimony, inference, interpretation, retrospective reconstruction, hypothesis, simulation, or normative or institutional judgment. Combined modes shall identify the distinct contributions rather than present inferred content as directly observed. A claim about an occurrence or possibility shall distinguish its asserted actuality or modality from its epistemic basis; retrospective inference can concern an actual occurrence.","Each claim shall state its epistemic mode and relevant perspective: for example observation report, testimony, inference, interpretation, retrospective reconstruction, hypothesis, simulation, or normative or institutional judgment. Combined modes shall identify the distinct contributions rather than present inferred content as directly observed. A claim about an occurrence or possibility shall distinguish its asserted actuality or modality from its epistemic basis; retrospective inference can concern an actual occurrence.",c0e434a8746e907efb00d0592ca03bef3decc566202400e98a6e8d36b67319fc,c0e434a8746e907efb00d0592ca03bef3decc566202400e98a6e8d36b67319fc
GR-200,E200-006,unchanged,"Each claim shall identify its acquisition or reasoning method, material premises and assumptions, relevant method version when one is used, and known transformations from source material to assertion. Where this information is unavailable, the package shall state the limit and shall not claim reproducibility or direct observation on that basis.","Each claim shall identify its acquisition or reasoning method, material premises and assumptions, relevant method version when one is used, and known transformations from source material to assertion. Where this information is unavailable, the package shall state the limit and shall not claim reproducibility or direct observation on that basis.",fc77bbb3f5177bc07c2b35f0ee040f001715c79a25371f8ac7dd30bd86ad180b,fc77bbb3f5177bc07c2b35f0ee040f001715c79a25371f8ac7dd30bd86ad180b
GR-200,E200-007,unchanged,"Each claim shall state the boundary, scale or level of aggregation, contextual conditions, and temporal horizon relevant to its interpretation. It shall identify known omissions or selection conditions that materially limit generalization. A narrowed scope shall not be silently presented as a claim about a broader target.","Each claim shall state the boundary, scale or level of aggregation, contextual conditions, and temporal horizon relevant to its interpretation. It shall identify known omissions or selection conditions that materially limit generalization. A narrowed scope shall not be silently presented as a claim about a broader target.",b15198415c996c9cdd4b0a9a41312888eeb45e2310238d9bf4b386ed08491ec1,b15198415c996c9cdd4b0a9a41312888eeb45e2310238d9bf4b386ed08491ec1
GR-200,E200-008,unchanged,"Each claim shall distinguish target time from the times of observation or source acquisition, recording, and assessment where applicable. Time values shall carry their applicable meaning and known uncertainty or resolution. Unknown order shall remain distinguishable from asserted simultaneity and from recording order.","Each claim shall distinguish target time from the times of observation or source acquisition, recording, and assessment where applicable. Time values shall carry their applicable meaning and known uncertainty or resolution. Unknown order shall remain distinguishable from asserted simultaneity and from recording order.",8b58a4512d019a79658ddaed42a7cb25309ba3d4bcb0a2f00b5e33c56899d7fd,8b58a4512d019a79658ddaed42a7cb25309ba3d4bcb0a2f00b5e33c56899d7fd
GR-200,E200-009,unchanged,"A claim that reidentifies a target across appearances shall identify the identity criterion, the appearances linked, the responsible attribution, and the evidential basis or stipulation. A proposed split, merger, succession, or disputed match shall not silently merge record identity, target identity, and lineage.","A claim that reidentifies a target across appearances shall identify the identity criterion, the appearances linked, the responsible attribution, and the evidential basis or stipulation. A proposed split, merger, succession, or disputed match shall not silently merge record identity, target identity, and lineage.",65871d25929e89f99544f7b8d9a1a397b9b2c22cb5c4162bba22a60cc18703e1,65871d25929e89f99544f7b8d9a1a397b9b2c22cb5c4162bba22a60cc18703e1
GR-200,E200-010,unchanged,"For each material item invoked in support of, against, or to qualify a claim, the package shall identify the item or pattern, its relevant portion, source or acquisition path, and availability status. It shall distinguish original material, copies, derived representations, and generated material where those differences affect the claimed use.","For each material item invoked in support of, against, or to qualify a claim, the package shall identify the item or pattern, its relevant portion, source or acquisition path, and availability status. It shall distinguish original material, copies, derived representations, and generated material where those differences affect the claimed use.",df7bc78c8e3a58a1b7316f67406cdedac73e88b7598cd0ba5bdb45747df1f34b,df7bc78c8e3a58a1b7316f67406cdedac73e88b7598cd0ba5bdb45747df1f34b
GR-200,E200-011,unchanged,"Each assigned evidential role shall link the material to a specified claim and identify the assessor or attributing source, assessment time, role, and rationale addressing relevance, reliability limitations, and material alternative explanations. An item with no assessment shall be marked unassessed rather than silently represented as accepted support.","Each assigned evidential role shall link the material to a specified claim and identify the assessor or attributing source, assessment time, role, and rationale addressing relevance, reliability limitations, and material alternative explanations. An item with no assessment shall be marked unassessed rather than silently represented as accepted support.",6986abd81d4c2506a9e61db0d58a4a59a06893797b9a9ea93556606a018de513,6986abd81d4c2506a9e61db0d58a4a59a06893797b9a9ea93556606a018de513
GR-200,E200-012,unchanged,"Where multiple items are used together as evidence, the assessment shall identify known material derivation or dependence among them and the basis for any asserted independence. Repeated copies, summaries, or citations of one source shall not be presented as independent corroboration solely by their count.","Where multiple items are used together as evidence, the assessment shall identify known material derivation or dependence among them and the basis for any asserted independence. Repeated copies, summaries, or citations of one source shall not be presented as independent corroboration solely by their count.",aa2243b48f6ce55c86f6d10c7a21af4c5613a7ca15fb01430f48c5f8068f4f80,aa2243b48f6ce55c86f6d10c7a21af4c5613a7ca15fb01430f48c5f8068f4f80
GR-200,E200-013,unchanged,"A claim of absence or non-occurrence inferred from missing observations or records shall identify the expected observation or recording opportunity, coverage, detection or preservation limitations, and reasoning from the missing material to the claim. If those conditions are not established, the package shall preserve the weaker missingness statement and shall not treat it as established non-occurrence.","A claim of absence or non-occurrence inferred from missing observations or records shall identify the expected observation or recording opportunity, coverage, detection or preservation limitations, and reasoning from the missing material to the claim. If those conditions are not established, the package shall preserve the weaker missingness statement and shall not treat it as established non-occurrence.",5287c992849fd883c5e0d81263efb2ba306b92ea5bb31d73dfb1f1a8e664db59,5287c992849fd883c5e0d81263efb2ba306b92ea5bb31d73dfb1f1a8e664db59
GR-200,E200-014,unchanged,"Each claim assessment shall describe material uncertainty and its location, including relevant alternatives, assumptions, identification limits, measurement limits, temporal gaps, or boundary and model limitations. A numerical confidence quantity, if used, shall state what it measures, its method and assumptions, and the scope of its interpretation.","Each claim assessment shall describe material uncertainty and its location, including relevant alternatives, assumptions, identification limits, measurement limits, temporal gaps, or boundary and model limitations. A numerical confidence quantity, if used, shall state what it measures, its method and assumptions, and the scope of its interpretation.",84e1fc8f1d80cd550e46261a6afb5ccaf380f7dbe3d756bc4a8a321afc1828bd,84e1fc8f1d80cd550e46261a6afb5ccaf380f7dbe3d756bc4a8a321afc1828bd
GR-200,E200-015,unchanged,"The package shall record material competing claims or explanations known within its declared collection boundary, their attribution, their relationship to the target claim, and any recorded grounds for excluding or preferring them. If alternatives were not examined, this limitation shall be explicit; silence shall not be presented as evidence that no alternative exists.","The package shall record material competing claims or explanations known within its declared collection boundary, their attribution, their relationship to the target claim, and any recorded grounds for excluding or preferring them. If alternatives were not examined, this limitation shall be explicit; silence shall not be presented as evidence that no alternative exists.",29c461b2cdcb4ec02b32c4b8be1c1763935e8ce0caa60f5f5d119dac7fed598d,29c461b2cdcb4ec02b32c4b8be1c1763935e8ce0caa60f5f5d119dac7fed598d
GR-200,E200-016,unchanged,"Each assessment or determination shall identify its question, responsible assessor or decision role, criteria, material examined, result, date, limitations, and relationship to the assessed claim versions. Provenance/authenticity, factual warrant, institutional acceptance, normative evaluation, legal determination, and technical validation shall remain distinguishable assessment functions.","Each assessment or determination shall identify its question, responsible assessor or decision role, criteria, material examined, result, date, limitations, and relationship to the assessed claim versions. Provenance/authenticity, factual warrant, institutional acceptance, normative evaluation, legal determination, and technical validation shall remain distinguishable assessment functions.",e0c038e3fdc0439b18328a8e56bfbb8b5d26e324732c80898154a7e56c1865eb,e0c038e3fdc0439b18328a8e56bfbb8b5d26e324732c80898154a7e56c1865eb
GR-200,E200-017,unchanged,"A substantive revision shall link the prior and revised claim or assessment versions and record who revised it, when, why, and which content or scope changed. The reasons shall distinguish target change, evidence or assessment change, and descriptive-regime change, allowing combined reasons. Historical access shall preserve earlier meaning to the declared retention and protection extent; any unavailable earlier content shall have an explicit reconstruction limitation.","A substantive revision shall link the prior and revised claim or assessment versions and record who revised it, when, why, and which content or scope changed. The reasons shall distinguish target change, evidence or assessment change, and descriptive-regime change, allowing combined reasons. Historical access shall preserve earlier meaning to the declared retention and protection extent; any unavailable earlier content shall have an explicit reconstruction limitation.",cf3e88268e163c32da086eb85782de2f4fddae3167a6845d069c2fed25918b41,cf3e88268e163c32da086eb85782de2f4fddae3167a6845d069c2fed25918b41
GR-200,E200-018,unchanged,"A change of descriptive regime shall identify the prior and new definitions or methods, grounds for change, affected claim set, and any mapping or transformation used. It shall identify known non-comparability, lost distinctions, or unresolvable mappings; finer classifications shall not be reconstructed from insufficient earlier material as if evidenced.","A change of descriptive regime shall identify the prior and new definitions or methods, grounds for change, affected claim set, and any mapping or transformation used. It shall identify known non-comparability, lost distinctions, or unresolvable mappings; finer classifications shall not be reconstructed from insufficient earlier material as if evidenced.",0fa7c14d809acf86cd0232f3bcd8cef0e893a722f1220d9ae9e651487efd67e9,0fa7c14d809acf86cd0232f3bcd8cef0e893a722f1220d9ae9e651487efd67e9
GR-200,E200-019,unchanged,"For a revised claim with known dependent assessments, claims, or consequential uses within the package boundary, the package shall identify those dependencies and record whether each was reviewed, updated, left unchanged with reason, or remains pending or unreachable. It shall not claim that external recipients or institutions have corrected their actions without evidence of that correction.","For a revised claim with known dependent assessments, claims, or consequential uses within the package boundary, the package shall identify those dependencies and record whether each was reviewed, updated, left unchanged with reason, or remains pending or unreachable. It shall not claim that external recipients or institutions have corrected their actions without evidence of that correction.",e0d3a4a9ad1f1cb3991f2c37988121d059285accb08e52f9576be89d17f594c1,e0d3a4a9ad1f1cb3991f2c37988121d059285accb08e52f9576be89d17f594c1
GR-200,E200-020,unchanged,"Where the package records practical uptake of a claim, it shall distinguish the claim, its assessment, the institutional or other action, the actor responsible, and the asserted basis for acting. Recorded consequences and proposed remedies shall remain separately attributable from the original grounds and intended effects.","Where the package records practical uptake of a claim, it shall distinguish the claim, its assessment, the institutional or other action, the actor responsible, and the asserted basis for acting. Recorded consequences and proposed remedies shall remain separately attributable from the original grounds and intended effects.",7c32dd46de631bbfefa10743e0f5cf1674a278ee392ee730a9e44e440a23c1f5,7c32dd46de631bbfefa10743e0f5cf1674a278ee392ee730a9e44e440a23c1f5
GR-200,E200-021,unchanged,"For a challenge received within the package's declared collection boundary, the package shall record the challenged claim version, challenger or protected source reference, grounds and submitted material, receipt context, and current status. A disposition shall record the responsible role, response, reasons, date, unresolved disagreement, and resulting changes or the reason for no change. A challenge without disposition shall remain visibly pending or otherwise explicitly unresolved.","For a challenge received within the package's declared collection boundary, the package shall record the challenged claim version, challenger or protected source reference, grounds and submitted material, receipt context, and current status. A disposition shall record the responsible role, response, reasons, date, unresolved disagreement, and resulting changes or the reason for no change. A challenge without disposition shall remain visibly pending or otherwise explicitly unresolved.",57e89a3742d55f24e52aca6c3d7aeffdd0836176889aa6832ca04a7a0f7de635,57e89a3742d55f24e52aca6c3d7aeffdd0836176889aa6832ca04a7a0f7de635
GR-200,E200-022,unchanged,"Where computational mediation materially affects a claim's observation, classification, inference, reconstruction, or presentation, the package shall identify the system and available version, its task, supplied source material or its controlled reference, material transformations, output used, and the role responsible for uptake or review. Unavailable system details and resulting limits shall be stated. Generated output shall remain distinguishable from independent source evidence.","Where computational mediation materially affects a claim's observation, classification, inference, reconstruction, or presentation, the package shall identify the system and available version, its task, supplied source material or its controlled reference, material transformations, output used, and the role responsible for uptake or review. Unavailable system details and resulting limits shall be stated. Generated output shall remain distinguishable from independent source evidence.",be68f8eaa7f6a589bcf795ca6ecf0fecc8b5c61447af794faf695a19ffaec7dd,be68f8eaa7f6a589bcf795ca6ecf0fecc8b5c61447af794faf695a19ffaec7dd
GR-200,E200-023,unchanged,"Where claim context or evidential material is restricted, the package shall identify the restriction and its asserted basis, responsible custodian or accountable role, assessment consequence, and any available route for authorized examination or challenge. A released view shall identify material omissions at a level permitted by the declared protection arrangement and shall not describe unavailable evidence as independently examined.","Where claim context or evidential material is restricted, the package shall identify the restriction and its asserted basis, responsible custodian or accountable role, assessment consequence, and any available route for authorized examination or challenge. A released view shall identify material omissions at a level permitted by the declared protection arrangement and shall not describe unavailable evidence as independently examined.",35bb5bb8494a3dd16f46f4661efcd110bbfc403e1e3b71a0b3a7bc1d323708e5,35bb5bb8494a3dd16f46f4661efcd110bbfc403e1e3b71a0b3a7bc1d323708e5
GR-200,E200-024,unchanged,"A normative or ethical assertion shall identify the evaluative question, attributed evaluator, stated criteria or values, affected parties and scope, and material acknowledged tradeoffs or disagreements. It shall remain distinguishable from the descriptive claims on which it relies and shall not treat a claimed generative effect as inherently desirable.","A normative or ethical assertion shall identify the evaluative question, attributed evaluator, stated criteria or values, affected parties and scope, and material acknowledged tradeoffs or disagreements. It shall remain distinguishable from the descriptive claims on which it relies and shall not treat a claimed generative effect as inherently desirable.",e6b90ec13d154759f25b45055b9291c7d18527687d9ed431fc39f1acdb05620a,e6b90ec13d154759f25b45055b9291c7d18527687d9ed431fc39f1acdb05620a
GR-200,E200-025,unchanged,"A legal or jurisprudential assertion shall identify the asserted legal concept, source or rule relied upon, relevant institutional or jurisdictional context, attributed authority, temporal applicability, and procedural status, or explicitly state which are unresolved. It shall distinguish a descriptive legal analysis, party allegation, institutional determination, model rule, and policy proposal where applicable. Recording the assertion shall not be represented as creating or confirming its legal effect.","A legal or jurisprudential assertion shall identify the asserted legal concept, source or rule relied upon, relevant institutional or jurisdictional context, attributed authority, temporal applicability, and procedural status, or explicitly state which are unresolved. It shall distinguish a descriptive legal analysis, party allegation, institutional determination, model rule, and policy proposal where applicable. Recording the assertion shall not be represented as creating or confirming its legal effect.",b53027895235bd3ced90b9ba3c1f8b1547d22de08ce12a3b8dcbc3a1e8cafadd,b53027895235bd3ced90b9ba3c1f8b1547d22de08ce12a3b8dcbc3a1e8cafadd
GR-200,E200-026,unchanged,"When a package is selected, summarized, exported, or transformed and the resulting package is claimed to conform to this draft, it shall preserve the attribution, claim-version relationships, epistemic qualifications, material disagreement, and access/reconstruction limits required within the resulting declared boundary. Omitted or transformed content and the resulting limits shall be identified; a partial view shall not imply completeness of the source package.","When a package is selected, summarized, exported, or transformed and the resulting package is claimed to conform to this draft, it shall preserve the attribution, claim-version relationships, epistemic qualifications, material disagreement, and access/reconstruction limits required within the resulting declared boundary. Omitted or transformed content and the resulting limits shall be identified; a partial view shall not imply completeness of the source package.",b314f7af0963afb36afd39edd4370beccc3a4e490a00dc1a79da0578c3cc3265,b314f7af0963afb36afd39edd4370beccc3a4e490a00dc1a79da0578c3cc3265
GR-200,E200-027,unchanged,"The package shall provide the applicable information in Annex A for its declaration, included claims, material items, evidence-role assignments and assessments. Information supplied through shared context shall have an identifiable scope and version, with claim-specific exceptions explicit. A reference shall resolve within the declared assessment arrangement or carry an availability limitation.","The package shall provide the applicable information in Annex A for its declaration, included claims, material items, evidence-role assignments and assessments. Information supplied through shared context shall have an identifiable scope and version, with claim-specific exceptions explicit. A reference shall resolve within the declared assessment arrangement or carry an availability limitation.",7959c0af1f74c5cba96fbf5861b91117e17c4ab82fa51444601d60968a4445e1,7959c0af1f74c5cba96fbf5861b91117e17c4ab82fa51444601d60968a4445e1
GR-200,E200-028,unchanged,"Where one expression contains assertions with materially different targets, attribution, temporal scope, modality or evidential grounds, the package shall distinguish the components and their qualifications sufficiently for separate assessment and revision. A conjunction or summary shall not silently transfer warrant from one component to another.","Where one expression contains assertions with materially different targets, attribution, temporal scope, modality or evidential grounds, the package shall distinguish the components and their qualifications sufficiently for separate assessment and revision. A conjunction or summary shall not silently transfer warrant from one component to another.",3a9582051952c581458ebeae4c11159839dd8bf79263d08250187377895fda92,3a9582051952c581458ebeae4c11159839dd8bf79263d08250187377895fda92
GR-200,E200-029,unchanged,"Where a claim is quoted, translated, paraphrased or relayed, the package shall distinguish the attributed source expression from the recorder's rendition or interpretation, identify the available source context and material transformations, and state uncertainty about attribution or meaning. A quotation's presence shall not be treated as endorsement by its recorder.","Where a claim is quoted, translated, paraphrased or relayed, the package shall distinguish the attributed source expression from the recorder's rendition or interpretation, identify the available source context and material transformations, and state uncertainty about attribution or meaning. A quotation's presence shall not be treated as endorsement by its recorder.",731061409660474fb5e64fe4211d7923a29c56a7313fb3543e4adfc9d2a0fdee,731061409660474fb5e64fe4211d7923a29c56a7313fb3543e4adfc9d2a0fdee
GR-200,E200-030,unchanged,"For an observation or measurement claim, the package shall identify the observer or acquisition system, observed feature, method, relevant instrument or procedure version, observation window and conditions materially affecting recognition, detection or recording. Known limitations in coverage, resolution or calibration shall be stated where relevant to the claim.","For an observation or measurement claim, the package shall identify the observer or acquisition system, observed feature, method, relevant instrument or procedure version, observation window and conditions materially affecting recognition, detection or recording. Known limitations in coverage, resolution or calibration shall be stated where relevant to the claim.",b3a632478b9f21aacc8f5c20e4a11be866b3398747fa86d1658ff1e781298ea3,b3a632478b9f21aacc8f5c20e4a11be866b3398747fa86d1658ff1e781298ea3
GR-200,E200-031,unchanged,"For a material inference or reconstruction, the package shall distinguish its asserted premises, adopted assumptions, inferential steps needed to examine the conclusion and material unresolved alternatives. An assumed premise shall not be represented as an observed input, and a mathematically possible history shall not be presented as an evidenced occurrence sequence without additional grounds.","For a material inference or reconstruction, the package shall distinguish its asserted premises, adopted assumptions, inferential steps needed to examine the conclusion and material unresolved alternatives. An assumed premise shall not be represented as an observed input, and a mathematically possible history shall not be presented as an evidenced occurrence sequence without additional grounds.",bacace1959162f50f4b8d4f99fa1abdc85f75e51d742b40edb089b38ab2bff9a,bacace1959162f50f4b8d4f99fa1abdc85f75e51d742b40edb089b38ab2bff9a
GR-200,E200-032,unchanged,"Where the production, selection, custody or survival of material affects an assigned evidential role, the assessment shall record the relevant known conditions and gaps, including selective preservation or inaccessible channels. A hypothesis of concealment shall have stated grounds and shall not be inferred solely from missing evidence.","Where the production, selection, custody or survival of material affects an assigned evidential role, the assessment shall record the relevant known conditions and gaps, including selective preservation or inaccessible channels. A hypothesis of concealment shall have stated grounds and shall not be inferred solely from missing evidence.",f94e7b686100e955f10dce634e65481848ae77e182dc82cb31a0ed1cb1139c70,f94e7b686100e955f10dce634e65481848ae77e182dc82cb31a0ed1cb1139c70
GR-200,E200-033,unchanged,"A material transformation relied on in an assessment shall identify its source and output versions, operation, responsible role and known effects on meaning or inspectability. Extraction, redaction, normalization, deduplication, imputation and generation shall remain distinguishable where their differences affect the claim. Supplied or inferred values shall not be represented as original observations.","A material transformation relied on in an assessment shall identify its source and output versions, operation, responsible role and known effects on meaning or inspectability. Extraction, redaction, normalization, deduplication, imputation and generation shall remain distinguishable where their differences affect the claim. Supplied or inferred values shall not be represented as original observations.",cdcd681a174d1eb832050ac4284188f084c778fe4b21d1a7c26df7498593e2ba,cdcd681a174d1eb832050ac4284188f084c778fe4b21d1a7c26df7498593e2ba
GR-200,E200-034,unchanged,"Where a claim relies on combined or aggregated material, the assessment shall state the included units, inclusion and exclusion rules, relevant denominators or weights, and known changes of composition. A claim about independent corroboration, stable population or comparable periods shall identify its basis rather than follow solely from a count, common label or shared format.","Where a claim relies on combined or aggregated material, the assessment shall state the included units, inclusion and exclusion rules, relevant denominators or weights, and known changes of composition. A claim about independent corroboration, stable population or comparable periods shall identify its basis rather than follow solely from a count, common label or shared format.",0204910d38b3cf22a70f9e025febd3d9f93d7bdc7b097515336ca805670fe6ff,0204910d38b3cf22a70f9e025febd3d9f93d7bdc7b097515336ca805670fe6ff
GR-200,E200-035,unchanged,"A comparison, aggregation or transfer of confidence quantities or qualitative grades shall state the meanings, assessed claims, scopes, methods and assumptions that support comparability. Incomparable dimensions shall not be silently combined into a universal score. Strong warrant in one dimension shall not erase a material unresolved limitation in another.","A comparison, aggregation or transfer of confidence quantities or qualitative grades shall state the meanings, assessed claims, scopes, methods and assumptions that support comparability. Incomparable dimensions shall not be silently combined into a universal score. Strong warrant in one dimension shall not erase a material unresolved limitation in another.",8762026fe17bb731210adc102d647b45469e72946c61c46a51f81dbfd7fc973b,8762026fe17bb731210adc102d647b45469e72946c61c46a51f81dbfd7fc973b
GR-200,E200-036,unchanged,"The assessment shall distinguish an alternative examined and rejected with grounds, an alternative retained as plausible, and an alternative not examined. Where a conclusion depends materially on boundary, scale, population, method or descriptive-regime choice, the assessment shall identify that dependence and any comparison actually performed. An unperformed sensitivity or alternative analysis shall not be described as completed.","The assessment shall distinguish an alternative examined and rejected with grounds, an alternative retained as plausible, and an alternative not examined. Where a conclusion depends materially on boundary, scale, population, method or descriptive-regime choice, the assessment shall identify that dependence and any comparison actually performed. An unperformed sensitivity or alternative analysis shall not be described as completed.",a9d846167aa206e96da8dc705a5bade6894e2004a443a60a3dac26f27b3ae781,a9d846167aa206e96da8dc705a5bade6894e2004a443a60a3dac26f27b3ae781
GR-200,E200-037,unchanged,"An assessment shall identify the version and scope of its criteria and distinguish the date of examination, the evidential state examined and any stated period or condition of applicability. A later change of criteria or available evidence shall not silently change the recorded meaning of an earlier result.","An assessment shall identify the version and scope of its criteria and distinguish the date of examination, the evidential state examined and any stated period or condition of applicability. A later change of criteria or available evidence shall not silently change the recorded meaning of an earlier result.",649a3fef5a8fdd48c03e6e6559a3077aa29f7ecb70f585a70304ae40630a1756,649a3fef5a8fdd48c03e6e6559a3077aa29f7ecb70f585a70304ae40630a1756
GR-200,E200-038,unchanged,"Where more than one revision or interpretation of the same earlier item is retained, the package shall identify their predecessor relationships, responsible sources and whether a preferred current version has been designated within a stated scope. It shall preserve material unresolved branches and shall not treat latest recording time alone as evidential precedence.","Where more than one revision or interpretation of the same earlier item is retained, the package shall identify their predecessor relationships, responsible sources and whether a preferred current version has been designated within a stated scope. It shall preserve material unresolved branches and shall not treat latest recording time alone as evidential precedence.",866f7fee60bc0f8d7fe226170b4f4ac83772e2f077617bd908346713f2537231,866f7fee60bc0f8d7fe226170b4f4ac83772e2f077617bd908346713f2537231
GR-200,E200-039,unchanged,"Where intervention, publication, observation or classification is claimed to have changed the target situation, the package shall distinguish pre-change observations, the intervention or uptake, subsequent observations and the claim connecting them. An improvement in observation shall not automatically be represented as creation of a new relation, and an intervention-produced change shall not automatically be used as evidence of the earlier unchanged situation.","Where intervention, publication, observation or classification is claimed to have changed the target situation, the package shall distinguish pre-change observations, the intervention or uptake, subsequent observations and the claim connecting them. An improvement in observation shall not automatically be represented as creation of a new relation, and an intervention-produced change shall not automatically be used as evidence of the earlier unchanged situation.",7d0acb8a76c97154946afa0933477ee2c199eaf78c0cee8923b3c2e885759df9,7d0acb8a76c97154946afa0933477ee2c199eaf78c0cee8923b3c2e885759df9
GR-200,E200-040,unchanged,"Where computational processing affects evidential coverage, identity, category assignment or missing values, the package shall identify the relevant selection, linkage, classification and completion operations and their known limitations. A generated or imputed relation shall not be presented as an independently observed relation solely because it appears in a structured output.","Where computational processing affects evidential coverage, identity, category assignment or missing values, the package shall identify the relevant selection, linkage, classification and completion operations and their known limitations. A generated or imputed relation shall not be presented as an independently observed relation solely because it appears in a structured output.",46b140e268f64973b5e9cbad8a9c34eb0f1c241a4d6ada663804ef625d4c416a,46b140e268f64973b5e9cbad8a9c34eb0f1c241a4d6ada663804ef625d4c416a
GR-200,E200-041,unchanged,"A claim that a material computational result is reproducible or independently reviewable shall identify the available inputs, system or method version, relevant configuration and output, and the procedure supporting that claim. Unavailable internals, changing services, inaccessible data or nondeterministic behavior shall be disclosed where they limit the asserted reproduction or examination.","A claim that a material computational result is reproducible or independently reviewable shall identify the available inputs, system or method version, relevant configuration and output, and the procedure supporting that claim. Unavailable internals, changing services, inaccessible data or nondeterministic behavior shall be disclosed where they limit the asserted reproduction or examination.",c0925501812a88209f3f2c4ca31c63bf5682f1d6c3ac787b002ddb348b72e493,c0925501812a88209f3f2c4ca31c63bf5682f1d6c3ac787b002ddb348b72e493
GR-200,E200-042,unchanged,"Where protected references or substitutes are used, the package shall state the examination they permit, the accountable custody or review role, and their known limits for source identification, context and challenge. A custodian's assurance, an assessor's direct examination and an unavailable source shall remain distinguishable.","Where protected references or substitutes are used, the package shall state the examination they permit, the accountable custody or review role, and their known limits for source identification, context and challenge. A custodian's assurance, an assessor's direct examination and an unavailable source shall remain distinguishable.",bf140b058be7075c217e5f1fa76086b7702b7756a90998f5a380857b23136ca1,bf140b058be7075c217e5f1fa76086b7702b7756a90998f5a380857b23136ca1
GR-200,E200-043,unchanged,"Where deletion, restriction, loss or a failed reference materially affects later examination of a retained claim, the package shall record the known change, its scope, responsible role or explicit unknown, and the resulting assessment or reconstruction limit. Evidence of a permitted disposal action shall not retain prohibited content solely to prove its removal.","Where deletion, restriction, loss or a failed reference materially affects later examination of a retained claim, the package shall record the known change, its scope, responsible role or explicit unknown, and the resulting assessment or reconstruction limit. Evidence of a permitted disposal action shall not retain prohibited content solely to prove its removal.",46c0cb0a1935d0adb9779a8efb8c02a66f91a03c2a5c7ad32a3bb749ec828b19,46c0cb0a1935d0adb9779a8efb8c02a66f91a03c2a5c7ad32a3bb749ec828b19
GR-200,E200-044,unchanged,"Where an ethical or policy assessment compares effects across people, groups or periods, it shall identify the compared effects, evaluative criteria, aggregation or tradeoff method if any, and material effects left outside the comparison. A recommendatory institutional or policy proposal shall remain distinguishable from an adopted requirement, an authorized decision and a descriptive finding.","Where an ethical or policy assessment compares effects across people, groups or periods, it shall identify the compared effects, evaluative criteria, aggregation or tradeoff method if any, and material effects left outside the comparison. A recommendatory institutional or policy proposal shall remain distinguishable from an adopted requirement, an authorized decision and a descriptive finding.",84f42fa6d6f55c529d6f5dc4bf991bf6429f40b955563574adb89781ccefe974,84f42fa6d6f55c529d6f5dc4bf991bf6429f40b955563574adb89781ccefe974
GR-200,E200-045,unchanged,"A conformity assessment shall use the semantic schedules in Annex A and the checks in Annex B, documenting the applicable requirements, evidence, assessor, date, result and limitations. Each requirement shall receive a result; an omitted field or unavailable source shall not be treated as an absent trigger for a requirement whose subject is present.","A conformity assessment shall use the semantic schedules in Annex A and the checks in Annex B, documenting the applicable requirements, evidence, assessor, date, result and limitations. Each requirement shall receive a result; an omitted field or unavailable source shall not be treated as an absent trigger for a requirement whose subject is present.",48614ca34d36e6091925cd684f0df529193d0807814035b7d663a4ca4eb020ea,48614ca34d36e6091925cd684f0df529193d0807814035b7d663a4ca4eb020ea
GR-200,E200-046,unchanged,"The assessment shall state the extent of examination, including any sampling, inaccessible components and checks performed only automatically. A sampled or partial assessment shall not be represented as exhaustive examination of the package. An unqualified conformity claim shall require a supported fulfilled result for every applicable requirement throughout the declared subject.","The assessment shall state the extent of examination, including any sampling, inaccessible components and checks performed only automatically. A sampled or partial assessment shall not be represented as exhaustive examination of the package. An unqualified conformity claim shall require a supported fulfilled result for every applicable requirement throughout the declared subject.",92c25fe80a31448024c88aae87f6fda7b1b6d9422ca0164dd0673405a3fe46d8,92c25fe80a31448024c88aae87f6fda7b1b6d9422ca0164dd0673405a3fe46d8
GR-200,E200-047,unchanged,"A change to an assessed package, its claimed scope or an applicable dated dependency shall identify the prior assessment, affected requirements and evidence, and any reassessment performed or pending. Previous results shall not silently transfer to materially changed claims, methods, access conditions or transformations.","A change to an assessed package, its claimed scope or an applicable dated dependency shall identify the prior assessment, affected requirements and evidence, and any reassessment performed or pending. Previous results shall not silently transfer to materially changed claims, methods, access conditions or transformations.",a1b712bd4ef70e0aa4aea3abac3f7b97812511b6bd9c77c3bb7e9471a91d2671,a1b712bd4ef70e0aa4aea3abac3f7b97812511b6bd9c77c3bb7e9471a91d2671
GR-200,E200-048,unchanged,"The package shall supply its reference and version, declared purpose and boundary, included claim references and content, target designations, accountable recording role, and relationship locators needed to identify each asserted evidence role, assessment or revision. These structural components shall not be replaced by an unknown value. A required contextual factual value that is unavailable may be represented by a typed unknown, uncollected, lost, disputed or restricted declaration identifying the responsible or attributing role, known reason and assessment limit. Such a declaration shall not establish the unavailable fact, replace required reasoning or criteria for the package's own assessment, or produce a fulfilled result for an examination that could not be performed.","The package shall supply its reference and version, declared purpose and boundary, included claim references and content, target designations, accountable recording role, and relationship locators needed to identify each asserted evidence role, assessment or revision. These structural components shall not be replaced by an unknown value. A required contextual factual value that is unavailable may be represented by a typed unknown, uncollected, lost, disputed or restricted declaration identifying the responsible or attributing role, known reason and assessment limit. Such a declaration shall not establish the unavailable fact, replace required reasoning or criteria for the package's own assessment, or produce a fulfilled result for an examination that could not be performed.",b1e546b076663e5021431737b8801a590435a98401a370cbfffd5ae60cf769e5,b1e546b076663e5021431737b8801a590435a98401a370cbfffd5ae60cf769e5
GR-200,E200-049,unchanged,"Where one requirement groups obligations whose results can differ materially, the assessment shall record the result and evidence for each such component. The requirement shall be fulfilled only if every applicable component is fulfilled. A failed or unassessed component shall remain visible in the requirement-level and overall package result.","Where one requirement groups obligations whose results can differ materially, the assessment shall record the result and evidence for each such component. The requirement shall be fulfilled only if every applicable component is fulfilled. A failed or unassessed component shall remain visible in the requirement-level and overall package result.",82cf20239c942cdba1decb56b08a906662f1c0f3fddb650bc934f0a38f47286a,82cf20239c942cdba1decb56b08a906662f1c0f3fddb650bc934f0a38f47286a
GR-210,C210-001,unchanged,"The operator shall publish or otherwise provide an accessible procedure declaration identifying its purpose, eligible users, covered records or decisions, responsible roles, asserted authority, submission routes and exclusions.","The operator shall publish or otherwise provide an accessible procedure declaration identifying its purpose, eligible users, covered records or decisions, responsible roles, asserted authority, submission routes and exclusions.",7b787f957425bf78d3a51b4372a8b6ede7ad133ebb5905f8e0dc610eef53a4cb,7b787f957425bf78d3a51b4372a8b6ede7ad133ebb5905f8e0dc610eef53a4cb
GR-210,C210-002,unchanged,"The declaration shall distinguish technical correction, evidential disagreement, procedural complaint, ethical or conduct complaint and an asserted legal claim, identifying their available handling routes and limits of authority.","The declaration shall distinguish technical correction, evidential disagreement, procedural complaint, ethical or conduct complaint and an asserted legal claim, identifying their available handling routes and limits of authority.",11df1077c80e0b075449b495f3ea2eefe0767fcaafba06a23080801f27cf7a20,11df1077c80e0b075449b495f3ea2eefe0767fcaafba06a23080801f27cf7a20
GR-210,C210-003,unchanged,"The operator shall declare response and review periods, their start events, permitted extensions, notice arrangements and the route available when a period is exceeded. The chosen periods shall be justified for the institutional context and affected users.","The operator shall declare response and review periods, their start events, permitted extensions, notice arrangements and the route available when a period is exceeded. The chosen periods shall be justified for the institutional context and affected users.",ff4e08ca6a338ffdaff07ac2320e1153ba72fa76454703d3ec043854e2196f13,ff4e08ca6a338ffdaff07ac2320e1153ba72fa76454703d3ec043854e2196f13
GR-210,C210-004,unchanged,"The operator shall declare the information needed to submit a case, the support or alternatives available to users and how restricted evidence or protected identities can be handled. A demand for unnecessary public disclosure shall not be a condition of receipt.","The operator shall declare the information needed to submit a case, the support or alternatives available to users and how restricted evidence or protected identities can be handled. A demand for unnecessary public disclosure shall not be a condition of receipt.",9eb551b9a6ac7d402bd6391684a9bf74c5663df128896e196f581494eef3a31e,9eb551b9a6ac7d402bd6391684a9bf74c5663df128896e196f581494eef3a31e
GR-210,C210-005,unchanged,"On receiving a submission, the operator shall create a distinguishable case reference and record receipt time, the target record or decision and version if available, the asserted issue and the submitter's attribution or protected-contact arrangement. Receipt shall not be reported as agreement with the submission.","On receiving a submission, the operator shall create a distinguishable case reference and record receipt time, the target record or decision and version if available, the asserted issue and the submitter's attribution or protected-contact arrangement. Receipt shall not be reported as agreement with the submission.",3f03e9a6450316f45e38338c6914c57044ef8df238d5d97ca15d413a344a4587,3f03e9a6450316f45e38338c6914c57044ef8df238d5d97ca15d413a344a4587
GR-210,C210-006,unchanged,"The operator shall acknowledge receipt through the declared route or record why acknowledgment is not possible. The response shall explain the next step, expected timing and any missing information needed for further action.","The operator shall acknowledge receipt through the declared route or record why acknowledgment is not possible. The response shall explain the next step, expected timing and any missing information needed for further action.",6ef3d18835c4007a08706eb5489bddba38e20852e2f670a1eb56c38941a92f14,6ef3d18835c4007a08706eb5489bddba38e20852e2f670a1eb56c38941a92f14
GR-210,C210-007,unchanged,"Where a case is out of scope, incomplete, duplicated or directed to the wrong recipient, the operator shall record that procedural reason and any available correction or referral route. That outcome shall not be represented as factual refutation.","Where a case is out of scope, incomplete, duplicated or directed to the wrong recipient, the operator shall record that procedural reason and any available correction or referral route. That outcome shall not be represented as factual refutation.",f69643356ebd160c3d895ed05d46a9ff67042e5359707c933c7aa2a1b81a6812,f69643356ebd160c3d895ed05d46a9ff67042e5359707c933c7aa2a1b81a6812
GR-210,C210-008,unchanged,"Any restriction on repetitive or abusive submissions shall use declared criteria, record the reason and preserve a route to challenge the restriction. The operator shall not classify a submission as abusive solely because it criticizes an authoritative account or repeats an unresolved material concern.","Any restriction on repetitive or abusive submissions shall use declared criteria, record the reason and preserve a route to challenge the restriction. The operator shall not classify a submission as abusive solely because it criticizes an authoritative account or repeats an unresolved material concern.",e6e2a5327a54cbc8b7a38830c9c5d18566098460eada961e15de3eadc8e0601c,e6e2a5327a54cbc8b7a38830c9c5d18566098460eada961e15de3eadc8e0601c
GR-210,C210-009,unchanged,"Before substantive review, the operator shall identify the reviewer or review function, relevant competence, relation to the contested account and conflicts of interest. Material conflicts shall be handled through recusal, reassignment or a disclosed limitation with an appropriate further-review route.","Before substantive review, the operator shall identify the reviewer or review function, relevant competence, relation to the contested account and conflicts of interest. Material conflicts shall be handled through recusal, reassignment or a disclosed limitation with an appropriate further-review route.",d5eda70b27cc73fc24248958c3dfa5d9b7b87de89f8e7677135c0652872e6f3a,d5eda70b27cc73fc24248958c3dfa5d9b7b87de89f8e7677135c0652872e6f3a
GR-210,C210-010,unchanged,"The reviewer shall identify the questions within the case, the relevant claim versions, evidence available, known limitations and decision criteria. Factual, normative, procedural and legal questions shall remain distinguishable.","The reviewer shall identify the questions within the case, the relevant claim versions, evidence available, known limitations and decision criteria. Factual, normative, procedural and legal questions shall remain distinguishable.",aecb817bfd4dd65f123225c69f6a93ee90695283d10cec103c31f83e42e6d061,aecb817bfd4dd65f123225c69f6a93ee90695283d10cec103c31f83e42e6d061
GR-210,C210-011,unchanged,"Affected parties shall be given an opportunity to respond to material grounds used in the disposition through a procedure consistent with protection and applicable institutional constraints. Where direct disclosure is restricted, the operator shall explain the permitted alternative and its limits.","Affected parties shall be given an opportunity to respond to material grounds used in the disposition through a procedure consistent with protection and applicable institutional constraints. Where direct disclosure is restricted, the operator shall explain the permitted alternative and its limits.",f67d076cbb11bc29892c1ffcde91d6368a1fdb926d70be24b86bf910aafe8ce9,f67d076cbb11bc29892c1ffcde91d6368a1fdb926d70be24b86bf910aafe8ce9
GR-210,C210-012,unchanged,"The operator shall record participation barriers known to affect the case, assistance or adjustments offered and material perspectives that could not be obtained. Absence of a response shall not automatically be represented as consent or admission.","The operator shall record participation barriers known to affect the case, assistance or adjustments offered and material perspectives that could not be obtained. Absence of a response shall not automatically be represented as consent or admission.",3109542743f63924296e6290a78678ee7997d5264acd507c117e7a5093ba6370,3109542743f63924296e6290a78678ee7997d5264acd507c117e7a5093ba6370
GR-210,C210-013,unchanged,"An assessment shall identify the claim under examination, the evidence relied on, how that material bears on the claim, relevant method and assumptions, and known counterevidence or materially plausible alternatives.","An assessment shall identify the claim under examination, the evidence relied on, how that material bears on the claim, relevant method and assumptions, and known counterevidence or materially plausible alternatives.",1230b9101b7443b139fdf130f1c4296f4e8752b8211eb6b0dca796abf766717a,1230b9101b7443b139fdf130f1c4296f4e8752b8211eb6b0dca796abf766717a
GR-210,C210-014,unchanged,The reviewer shall distinguish the authenticity or integrity of a source from the warrant it provides for a particular claim. A signed assertion shall not receive an unqualified truth status merely because its signature validates.,The reviewer shall distinguish the authenticity or integrity of a source from the warrant it provides for a particular claim. A signed assertion shall not receive an unqualified truth status merely because its signature validates.,8514d123bf8a0dd1b97abaae948025af328cc0d27109255a950554a75cfcaf6a,8514d123bf8a0dd1b97abaae948025af328cc0d27109255a950554a75cfcaf6a
GR-210,C210-015,unchanged,"A conclusion based on missing evidence shall identify the expected trace-production, observation or preservation conditions supporting that inference. Where those conditions are not established, absence of the record shall remain distinguishable from non-occurrence.","A conclusion based on missing evidence shall identify the expected trace-production, observation or preservation conditions supporting that inference. Where those conditions are not established, absence of the record shall remain distinguishable from non-occurrence.",04e9a9d7f7bd24e755be23b4099ec096212093e5d9ac541d3b9d16394b433f24,04e9a9d7f7bd24e755be23b4099ec096212093e5d9ac541d3b9d16394b433f24
GR-210,C210-016,unchanged,The assessment shall state uncertainty and its scope without inventing a common probability scale for heterogeneous judgments. Disagreement among assessors shall be attributed and retained where material and permitted.,The assessment shall state uncertainty and its scope without inventing a common probability scale for heterogeneous judgments. Disagreement among assessors shall be attributed and retained where material and permitted.,4457cee9f190209e716bce94b833a84bcaf78609c357a26148a8542542f72af0,4457cee9f190209e716bce94b833a84bcaf78609c357a26148a8542542f72af0
GR-210,C210-017,unchanged,"Where a category, method or institutional rule is challenged, the reviewer shall distinguish whether it was applied correctly from whether its adequacy or legitimacy is itself under review. A correct application shall not by itself dispose of a challenge to the rule.","Where a category, method or institutional rule is challenged, the reviewer shall distinguish whether it was applied correctly from whether its adequacy or legitimacy is itself under review. A correct application shall not by itself dispose of a challenge to the rule.",53cb03e21af864f8686b6f8525da30648b3d6c40ea62f4e4e935913a69b560e6,53cb03e21af864f8686b6f8525da30648b3d6c40ea62f4e4e935913a69b560e6
GR-210,C210-018,unchanged,"A material computational or AI-assisted contribution to the review shall be identified with the inputs or sources available for inspection, its role, relevant limitations and responsible human or institutional uptake. An inaccessible internal process shall not be replaced by an invented explanation.","A material computational or AI-assisted contribution to the review shall be identified with the inputs or sources available for inspection, its role, relevant limitations and responsible human or institutional uptake. An inaccessible internal process shall not be replaced by an invented explanation.",cddbc491a906a708c2becb3f3f13fa36ad99565937dcd291f3cbbc4596569c68,cddbc491a906a708c2becb3f3f13fa36ad99565937dcd291f3cbbc4596569c68
GR-210,C210-019,unchanged,"The disposition shall state the questions decided, findings and their scope, evidence and reasons, responsible decision function, decision time, remaining disagreement and matters outside its authority.","The disposition shall state the questions decided, findings and their scope, evidence and reasons, responsible decision function, decision time, remaining disagreement and matters outside its authority.",b0eecc624b5d7e25a476464965c8d33e21dc66557df5d3c2c4f9c7f82815d8a4,b0eecc624b5d7e25a476464965c8d33e21dc66557df5d3c2c4f9c7f82815d8a4
GR-210,C210-020,unchanged,"The disposition shall distinguish correction of a record, changed evidential assessment, maintained judgment, changed institutional action, inability to decide and procedural closure. Procedural closure shall not imply epistemic agreement.","The disposition shall distinguish correction of a record, changed evidential assessment, maintained judgment, changed institutional action, inability to decide and procedural closure. Procedural closure shall not imply epistemic agreement.",e197ec5665417ff5f4b6f3e2d0279cb8866ab365fcd4f4f803c59183ba848949,e197ec5665417ff5f4b6f3e2d0279cb8866ab365fcd4f4f803c59183ba848949
GR-210,C210-021,unchanged,"Where the procedure supports a remedy or practical response, the disposition shall identify the proposed or authorized action, its responsible executor, scope, timing and evidence needed to establish completion. Recording a proposed action shall not establish that it occurred.","Where the procedure supports a remedy or practical response, the disposition shall identify the proposed or authorized action, its responsible executor, scope, timing and evidence needed to establish completion. Recording a proposed action shall not establish that it occurred.",e93e0e8abee53aebbeb1fc72782553eb63e745c626487232250c1241d1bfc546,e93e0e8abee53aebbeb1fc72782553eb63e745c626487232250c1241d1bfc546
GR-210,C210-022,unchanged,"The operator shall notify the submitter and other relevant recipients through the declared, permitted routes, explain any further-review route and record delivery or known failure. Public notices shall respect the case's disclosure limits.","The operator shall notify the submitter and other relevant recipients through the declared, permitted routes, explain any further-review route and record delivery or known failure. Public notices shall respect the case's disclosure limits.",1e799ba919a331db5a4be358845fa487a3b8a267ae09debfee8e5416b51977cc,1e799ba919a331db5a4be358845fa487a3b8a267ae09debfee8e5416b51977cc
GR-210,C210-023,unchanged,A material correction shall be linked to the earlier account and known dependent views or decisions. The operator shall record which corrections or notices were performed and which downstream effects remain unresolved.,A material correction shall be linked to the earlier account and known dependent views or decisions. The operator shall record which corrections or notices were performed and which downstream effects remain unresolved.,358c28e85fd9b1d1cd2ef977a0c2a7ad9fa3ff8ccd001ca4c080cc33a266d87f,358c28e85fd9b1d1cd2ef977a0c2a7ad9fa3ff8ccd001ca4c080cc33a266d87f
GR-210,C210-024,unchanged,"The procedure shall provide a declared route to request reconsideration of a material error, new evidence or procedural failure, with its scope, competent recipient and limitations. A reviewer of their own contested action shall not be described as independent.","The procedure shall provide a declared route to request reconsideration of a material error, new evidence or procedural failure, with its scope, competent recipient and limitations. A reviewer of their own contested action shall not be described as independent.",45198c742bc460ef79eb61dc4746e9b57f7cfc48c025079d860b2875a6708c17,45198c742bc460ef79eb61dc4746e9b57f7cfc48c025079d860b2875a6708c17
GR-210,C210-025,unchanged,"A reopened case shall identify the earlier disposition, trigger, changed evidence or criteria, reviewer and new outcome. Later interpretation shall not silently replace the record of what was known or decided earlier.","A reopened case shall identify the earlier disposition, trigger, changed evidence or criteria, reviewer and new outcome. Later interpretation shall not silently replace the record of what was known or decided earlier.",255c407c3e64ba4cc6f5313559f8c156742df77027e84e4f32c804d213130cfe,255c407c3e64ba4cc6f5313559f8c156742df77027e84e4f32c804d213130cfe
GR-210,C210-026,unchanged,"If the operator lacks competence, authority or resources to complete a material step, it shall record the limitation and notify permitted recipients of the available alternative, postponement or closure basis. Passage of time alone shall not establish a finding on the substantive claim.","If the operator lacks competence, authority or resources to complete a material step, it shall record the limitation and notify permitted recipients of the available alternative, postponement or closure basis. Passage of time alone shall not establish a finding on the substantive claim.",a5386f5fa7932f92db77f0670eb7fb3e0f4e082c1a50d6f9d4c04c378f59b151,a5386f5fa7932f92db77f0670eb7fb3e0f4e082c1a50d6f9d4c04c378f59b151
GR-210,C210-027,unchanged,"The operator shall specify access, retention, correction and disposal arrangements for submissions, evidence, reviewer notes, dispositions and notifications. Content and audit metadata shall be considered separately; history preservation shall not justify retaining prohibited sensitive material.","The operator shall specify access, retention, correction and disposal arrangements for submissions, evidence, reviewer notes, dispositions and notifications. Content and audit metadata shall be considered separately; history preservation shall not justify retaining prohibited sensitive material.",076bea7eec472492a30c583ccee1267af8b58ab270b155786b9acd79f0e6cacc,076bea7eec472492a30c583ccee1267af8b58ab270b155786b9acd79f0e6cacc
GR-210,C210-028,unchanged,"Disclosure, redaction, access withdrawal or disposal affecting a case shall identify its authority, scope, executor and permitted evidence of the action. The operator shall state known limits concerning copies outside its control.","Disclosure, redaction, access withdrawal or disposal affecting a case shall identify its authority, scope, executor and permitted evidence of the action. The operator shall state known limits concerning copies outside its control.",493f3af8ece2738702c0413384de463206aad3d81e8308547a40ea669756cefb,493f3af8ece2738702c0413384de463206aad3d81e8308547a40ea669756cefb
GR-210,C210-029,unchanged,"A public summary shall distinguish the accessible grounds from material that cannot be disclosed, where that distinction is itself permitted. It shall not claim full independent inspectability when a material evidential restriction prevents it.","A public summary shall distinguish the accessible grounds from material that cannot be disclosed, where that distinction is itself permitted. It shall not claim full independent inspectability when a material evidential restriction prevents it.",14d96ab8ae48cd362fddbfde310b7d00a70a67c7acdb0628c4f17b111c95068b,14d96ab8ae48cd362fddbfde310b7d00a70a67c7acdb0628c4f17b111c95068b
GR-210,C210-030,dependency-edition,"A conformance report shall identify the procedure or case record assessed, operator, institutional context, this draft and dependency versions, applicable requirements, reviewer relationship, evidence and results. It shall identify the case's material claims as a bounded GR-200 Working Draft 0.2 package and report its applicable requirement results, including package-level obligations. A case-record assessment alone shall not establish that unobserved procedural steps occurred.","A conformance report shall identify the procedure or case record assessed, operator, institutional context, this draft and dependency versions, applicable requirements, reviewer relationship, evidence and results. It shall identify the case's material claims as a bounded GR-200 Working Draft 0.3 package and report its applicable requirement results, including package-level obligations. A case-record assessment alone shall not establish that unobserved procedural steps occurred.",5ab3984fa98b47083e17666d9fa80e71b0e4df3515c4f13bfed9fd5e03bd905e,30314f6b71552409a5c94c49b032780d7a9e402a8b21dad30eeff661c655d043
GR-210,C210-031,unchanged,"Each applicable requirement shall receive a supported result of fulfilled, not fulfilled or not assessed; a not-applicable result shall give its trigger-based reason. An unqualified claim of fulfillment shall not omit a failed or unassessed applicable requirement.","Each applicable requirement shall receive a supported result of fulfilled, not fulfilled or not assessed; a not-applicable result shall give its trigger-based reason. An unqualified claim of fulfillment shall not omit a failed or unassessed applicable requirement.",9af272d15f936dd330c3456f24927de927523c3f0ed5ab6a5ba635a82d1cb7c0,9af272d15f936dd330c3456f24927de927523c3f0ed5ab6a5ba635a82d1cb7c0
GR-210,C210-032,unchanged,"A procedure assessment shall include an ordinary case and relevant failure cases concerning conflict, unavailable evidence, missed timing, restricted disclosure and correction propagation. A case-record-only assessment shall identify the supplied case and the procedural behavior it cannot establish. Reported success shall be limited to the cases and conditions actually exercised.","A procedure assessment shall include an ordinary case and relevant failure cases concerning conflict, unavailable evidence, missed timing, restricted disclosure and correction propagation. A case-record-only assessment shall identify the supplied case and the procedural behavior it cannot establish. Reported success shall be limited to the cases and conditions actually exercised.",497c383ad2d1f7ee07e5f9f245a7f74b696daf5155bd982a189e843d083b49b6,497c383ad2d1f7ee07e5f9f245a7f74b696daf5155bd982a189e843d083b49b6
GR-210,C210-033,unchanged,"The declaration shall have an identifier, version, effective interval, accountable owner, and accessible change history. It shall identify the normative dependencies and any institutional profile applied, the intended users and languages, and the procedure functions actually available. A named but unstaffed function shall be identified as unavailable rather than presented as an operative review route.","The declaration shall have an identifier, version, effective interval, accountable owner, and accessible change history. It shall identify the normative dependencies and any institutional profile applied, the intended users and languages, and the procedure functions actually available. A named but unstaffed function shall be identified as unavailable rather than presented as an operative review route.",f4da03f9942f232e87526028b2853581f6bd359eed16a26a380d26e854603cec,f4da03f9942f232e87526028b2853581f6bd359eed16a26a380d26e854603cec
GR-210,C210-034,unchanged,"For each kind of issue, the declaration shall identify who can receive it, examine evidence, determine a disposition, authorize action, and conduct further review. It shall distinguish an operator's internal policy from a claimed external legal mandate and identify the source, scope, and uncertainty of the latter. Receipt by one function shall not transfer authority belonging to another.","For each kind of issue, the declaration shall identify who can receive it, examine evidence, determine a disposition, authorize action, and conduct further review. It shall distinguish an operator's internal policy from a claimed external legal mandate and identify the source, scope, and uncertainty of the latter. Receipt by one function shall not transfer authority belonging to another.",ceecd93c988bd5b72769217f1ca293899c06f01daa3d9f15fe17e9642a1a96e7,ceecd93c988bd5b72769217f1ca293899c06f01daa3d9f15fe17e9642a1a96e7
GR-210,C210-035,unchanged,"The operator shall maintain the service schedule in Annex A, including receipt, acknowledgement, clarification, review, reply, disposition, notification, further-review requests, action follow-up, and closure. The schedule shall identify clock starts, responsible roles, expected periods or deadlines, permitted pauses and extensions, and escalation when service cannot be provided.","The operator shall maintain the service schedule in Annex A, including receipt, acknowledgement, clarification, review, reply, disposition, notification, further-review requests, action follow-up, and closure. The schedule shall identify clock starts, responsible roles, expected periods or deadlines, permitted pauses and extensions, and escalation when service cannot be provided.",d2cad9eba9b46bdfa7d654a9b44b8df50175f0d837f343f612ea5e228131158f,d2cad9eba9b46bdfa7d654a9b44b8df50175f0d837f343f612ea5e228131158f
GR-210,C210-036,unchanged,"The operator shall make submission and further-review routes available without requiring a person to accept the challenged account, withdraw an unrelated complaint, or expose unnecessary protected information. Any eligibility limitation, fee, identity requirement, representative arrangement, or technological prerequisite shall have a declared purpose, authority, proportionality rationale, and available alternative or challenge route.","The operator shall make submission and further-review routes available without requiring a person to accept the challenged account, withdraw an unrelated complaint, or expose unnecessary protected information. Any eligibility limitation, fee, identity requirement, representative arrangement, or technological prerequisite shall have a declared purpose, authority, proportionality rationale, and available alternative or challenge route.",1b7a8ace3b00b3bf1da076fe96c248518d8c2e1801eb0e3f87d6238f4358525a,1b7a8ace3b00b3bf1da076fe96c248518d8c2e1801eb0e3f87d6238f4358525a
GR-210,C210-037,unchanged,"Before changing the procedure, the operator shall assess effects on open cases, participation, protection, and remedies. The change notice shall state the new version, effective date, reasons, transition treatment, and how affected users can question the change. A later rule shall not be applied silently to make an earlier handling appear compliant.","Before changing the procedure, the operator shall assess effects on open cases, participation, protection, and remedies. The change notice shall state the new version, effective date, reasons, transition treatment, and how affected users can question the change. A later rule shall not be applied silently to make an earlier handling appear compliant.",1e00198e3a654d88d6398f220be32f0197238de6712e55abba8a8f51540b4453,1e00198e3a654d88d6398f220be32f0197238de6712e55abba8a8f51540b4453
GR-210,C210-038,unchanged,"A profile shall identify its institutional setting, covered actions, authority limits, service periods, available resources, review competence, protection basis, and assessment scope. It shall identify any requirement not met rather than claim full GR-210 fulfillment through a profile that silently removes an applicable obligation.","A profile shall identify its institutional setting, covered actions, authority limits, service periods, available resources, review competence, protection basis, and assessment scope. It shall identify any requirement not met rather than claim full GR-210 fulfillment through a profile that silently removes an applicable obligation.",8e223cdd7f137b0e95155f57303be35efb023ad420e95317ae8859987214ae74,8e223cdd7f137b0e95155f57303be35efb023ad420e95317ae8859987214ae74
GR-210,C210-039,unchanged,"The operator shall assess whether its declared channels and staffing can support the expected cases and urgency. Material capacity gaps shall produce a documented mitigation, narrower service declaration, referral arrangement, or postponement with notice. A backlog shall not be concealed by classifying unexamined submissions as resolved.","The operator shall assess whether its declared channels and staffing can support the expected cases and urgency. Material capacity gaps shall produce a documented mitigation, narrower service declaration, referral arrangement, or postponement with notice. A backlog shall not be concealed by classifying unexamined submissions as resolved.",21d3e49630146abed0ad3235d0789671d795c169d8903c3b22c03a75e0cd4ff9,21d3e49630146abed0ad3235d0789671d795c169d8903c3b22c03a75e0cd4ff9
GR-210,C210-040,unchanged,"The operator shall accept enough information to identify a concern without requiring the submitter to supply a complete evidentiary case or technically correct amendment at receipt. If the target or issue is unclear, the operator shall seek clarification and offer the declared assistance before closing for incompleteness, unless contact is unavailable or a stated protection constraint prevents it.","The operator shall accept enough information to identify a concern without requiring the submitter to supply a complete evidentiary case or technically correct amendment at receipt. If the target or issue is unclear, the operator shall seek clarification and offer the declared assistance before closing for incompleteness, unless contact is unavailable or a stated protection constraint prevents it.",a6eeeada5c489a14bac4604d5b23b9f364220411e1355a8261fdab8cb672d0ed,a6eeeada5c489a14bac4604d5b23b9f364220411e1355a8261fdab8cb672d0ed
GR-210,C210-041,unchanged,"Triage shall identify immediate protection or irreversible-consequence risks, the covered question, required routing, known deadlines, and whether temporary preservation or action review is available within the operator's authority. Triage shall not be presented as a concluded evidential finding. Any urgent measure shall have a responsible actor, scope, reason, review point, and notice appropriate to protection needs.","Triage shall identify immediate protection or irreversible-consequence risks, the covered question, required routing, known deadlines, and whether temporary preservation or action review is available within the operator's authority. Triage shall not be presented as a concluded evidential finding. Any urgent measure shall have a responsible actor, scope, reason, review point, and notice appropriate to protection needs.",3d5486ed7b20378fece3195b1fe8eb86509ccbb59fc20e891c16a477419c2ed1,3d5486ed7b20378fece3195b1fe8eb86509ccbb59fc20e891c16a477419c2ed1
GR-210,C210-042,unchanged,"A submission containing several kinds of issue shall be divided into distinguishable questions with linked handling routes and a coordinating contact. A referral shall identify what is sent, on what authority, to whom, and whether receipt or acceptance has been confirmed. The operator shall not describe sending a referral as evidence that the recipient has assumed the case.","A submission containing several kinds of issue shall be divided into distinguishable questions with linked handling routes and a coordinating contact. A referral shall identify what is sent, on what authority, to whom, and whether receipt or acceptance has been confirmed. The operator shall not describe sending a referral as evidence that the recipient has assumed the case.",ba947c46b4f2c317dc331bdfd93543238050bfe78c8d4058d1e4f78202e14dfc,ba947c46b4f2c317dc331bdfd93543238050bfe78c8d4058d1e4f78202e14dfc
GR-210,C210-043,unchanged,"The intake record shall preserve the submitted meaning and relevant original formulation within protection limits. Translation, transcription, summarization, or assisted reformulation shall identify its responsible role, method, version relationship, and material uncertainty. The submitter shall have a practicable opportunity to correct a material misunderstanding through the permitted contact arrangement.","The intake record shall preserve the submitted meaning and relevant original formulation within protection limits. Translation, transcription, summarization, or assisted reformulation shall identify its responsible role, method, version relationship, and material uncertainty. The submitter shall have a practicable opportunity to correct a material misunderstanding through the permitted contact arrangement.",2e559bf58278862544ac5ae0b591895bbc410dc26e4893bbef5594fb72643636,2e559bf58278862544ac5ae0b591895bbc410dc26e4893bbef5594fb72643636
GR-210,C210-044,unchanged,"A duplicate-case decision shall identify the related case and explain which issues are shared and which remain distinct. Consolidation shall retain separate attribution, protection preferences, and individual practical consequences where material. A previous disposition shall not automatically dispose of new evidence or a newly identified defect in the previous handling.","A duplicate-case decision shall identify the related case and explain which issues are shared and which remain distinct. Consolidation shall retain separate attribution, protection preferences, and individual practical consequences where material. A previous disposition shall not automatically dispose of new evidence or a newly identified defect in the previous handling.",579353ba4a7d1353834a0bcf4daed326cd24695c494c101d82243a429b8e33e3,579353ba4a7d1353834a0bcf4daed326cd24695c494c101d82243a429b8e33e3
GR-210,C210-045,unchanged,"A request for further information shall specify the missing information, why it matters, who is expected to supply it, available assistance or alternatives, the response period, and the effect of nonresponse. The operator shall not shift responsibility for evidence within its own declared control to a person who lacks access without explaining and addressing that access problem.","A request for further information shall specify the missing information, why it matters, who is expected to supply it, available assistance or alternatives, the response period, and the effect of nonresponse. The operator shall not shift responsibility for evidence within its own declared control to a person who lacks access without explaining and addressing that access problem.",037a91ab6f809b260197ef3ab5907ae3e36deb950a4b1076679ead8754560df2,037a91ab6f809b260197ef3ab5907ae3e36deb950a4b1076679ead8754560df2
GR-210,C210-046,unchanged,"A case placed on hold shall identify the reason, affected work, responsible owner, next review date, and clock treatment. A hold shall not remove the case from pending-work reporting or imply acceptance, rejection, or abandonment. The operator shall reassess the hold at the stated review point and notify permitted recipients of a material change.","A case placed on hold shall identify the reason, affected work, responsible owner, next review date, and clock treatment. A hold shall not remove the case from pending-work reporting or imply acceptance, rejection, or abandonment. The operator shall reassess the hold at the stated review point and notify permitted recipients of a material change.",356fc31a954b6dccf2c86182e0309310d9500339a87ba7ee9984d7e80c0b5912,356fc31a954b6dccf2c86182e0309310d9500339a87ba7ee9984d7e80c0b5912
GR-210,C210-047,unchanged,"When a submitter withdraws a request, the operator shall record its scope, distinguish withdrawal of participation from withdrawal of an evidential assertion, and explain any continuing handling under a separate declared responsibility. Withdrawal shall not be described as proof that the original claim was false or that the person agreed with the challenged decision.","When a submitter withdraws a request, the operator shall record its scope, distinguish withdrawal of participation from withdrawal of an evidential assertion, and explain any continuing handling under a separate declared responsibility. Withdrawal shall not be described as proof that the original claim was false or that the person agreed with the challenged decision.",fa789417f7af3bb58afb46254a1b95e6a5d2093ddf281fd63191085f51296a03,fa789417f7af3bb58afb46254a1b95e6a5d2093ddf281fd63191085f51296a03
GR-210,C210-048,unchanged,"Case transitions shall conform to the semantic controls in Annex B. The operator shall record the previous and new state, trigger, responsible actor, time, reason, and next action. Local status labels may differ if their mapping preserves the distinctions between receipt, review, disposition, action pending, and closure.","Case transitions shall conform to the semantic controls in Annex B. The operator shall record the previous and new state, trigger, responsible actor, time, reason, and next action. Local status labels may differ if their mapping preserves the distinctions between receipt, review, disposition, action pending, and closure.",d9d7b5695c333676f8eab0a7ac4e9a80714c56ec47c4de503a78d51253684198,d9d7b5695c333676f8eab0a7ac4e9a80714c56ec47c4de503a78d51253684198
GR-210,C210-049,unchanged,"The reviewer assignment shall state the questions delegated, relevant domain competence or situated knowledge, decision limits, availability, and accepted responsibility. Where several reviewers supply different expertise, the record shall identify who integrates findings and who is accountable for the disposition. Unavailable competence shall narrow the finding or trigger additional review, referral, or deferral.","The reviewer assignment shall state the questions delegated, relevant domain competence or situated knowledge, decision limits, availability, and accepted responsibility. Where several reviewers supply different expertise, the record shall identify who integrates findings and who is accountable for the disposition. Unavailable competence shall narrow the finding or trigger additional review, referral, or deferral.",744559680182311836243a3e05dd7f4c93ce035181a8b130d759c3aa8c6752f1,744559680182311836243a3e05dd7f4c93ce035181a8b130d759c3aa8c6752f1
GR-210,C210-050,unchanged,"The operator shall provide a route to raise a conflict concern and assign its assessment to a person not deciding a complaint about their own interest. The conflict disposition shall identify the concern, relevant evidence, management action, and effect on the case. Disclosure alone shall not be represented as independent handling.","The operator shall provide a route to raise a conflict concern and assign its assessment to a person not deciding a complaint about their own interest. The conflict disposition shall identify the concern, relevant evidence, management action, and effect on the case. Disclosure alone shall not be represented as independent handling.",7b126632b180d00b5bf1548ac9558694b5c3695ff9a3c63980e175acef9c7415,7b126632b180d00b5bf1548ac9558694b5c3695ff9a3c63980e175acef9c7415
GR-210,C210-051,unchanged,"An author of the challenged account may explain its sources or participate in a disclosed initial reconsideration, but shall not be described as an independent reviewer of that account. A material unresolved conflict shall not support an unqualified independent-review claim; the available further-review arrangement and its limits shall remain explicit.","An author of the challenged account may explain its sources or participate in a disclosed initial reconsideration, but shall not be described as an independent reviewer of that account. A material unresolved conflict shall not support an unqualified independent-review claim; the available further-review arrangement and its limits shall remain explicit.",d64507c34701992f4286a6bd0b15720d8c4aa466701e164d4cb1ebf163f108dc,d64507c34701992f4286a6bd0b15720d8c4aa466701e164d4cb1ebf163f108dc
GR-210,C210-052,unchanged,"Before a consequential disposition, the operator shall give affected parties notice of the questions, material grounds proposed for reliance, applicable criteria, response route, and response period to the extent permitted by protection. A later-added material ground shall receive a further response opportunity unless a declared urgent measure requires temporary action with prompt subsequent review.","Before a consequential disposition, the operator shall give affected parties notice of the questions, material grounds proposed for reliance, applicable criteria, response route, and response period to the extent permitted by protection. A later-added material ground shall receive a further response opportunity unless a declared urgent measure requires temporary action with prompt subsequent review.",a17e3e6d089b589dec4f9c34c2dc6a2119aa91a8ba3d1b9f95d2a54431beff56,a17e3e6d089b589dec4f9c34c2dc6a2119aa91a8ba3d1b9f95d2a54431beff56
GR-210,C210-053,unchanged,"An opportunity to respond shall be assessed in relation to actual access, language, disability, resources, time, and the form of the material. The operator shall record requested adjustments, its response, and unresolved barriers. Merely making a complex dossier available shall not establish that an affected person could meaningfully address the proposed grounds.","An opportunity to respond shall be assessed in relation to actual access, language, disability, resources, time, and the form of the material. The operator shall record requested adjustments, its response, and unresolved barriers. Merely making a complex dossier available shall not establish that an affected person could meaningfully address the proposed grounds.",dc0850d95154a35ad02d3c80acc48fd98cf50c71c9fdbb2d07400feed1507de0,dc0850d95154a35ad02d3c80acc48fd98cf50c71c9fdbb2d07400feed1507de0
GR-210,C210-054,unchanged,"Where direct participation is unsafe or impracticable, the operator shall assess the declared alternatives, including protected contact, assisted submission, representative participation, or controlled independent examination. The record shall identify the chosen arrangement, its authority and limitations, and any material perspective it cannot provide. Representation shall not be inferred without a basis.","Where direct participation is unsafe or impracticable, the operator shall assess the declared alternatives, including protected contact, assisted submission, representative participation, or controlled independent examination. The record shall identify the chosen arrangement, its authority and limitations, and any material perspective it cannot provide. Representation shall not be inferred without a basis.",c3d85071f7fb48ef04438845547a7faec9387f7b9d45791b48dbf97f26edb136,c3d85071f7fb48ef04438845547a7faec9387f7b9d45791b48dbf97f26edb136
GR-210,C210-055,unchanged,"A reviewer shall assess testimony in relation to the source's access, claim scope, method, and material limitations rather than institutional status alone. Relevant experience and technical expertise shall remain distinguishable. Giving a person an opportunity to speak shall not be reported as showing that their grounds influenced the decision unless the disposition records how they were considered.","A reviewer shall assess testimony in relation to the source's access, claim scope, method, and material limitations rather than institutional status alone. Relevant experience and technical expertise shall remain distinguishable. Giving a person an opportunity to speak shall not be reported as showing that their grounds influenced the decision unless the disposition records how they were considered.",f6a1bec3409c3218acd40a9232aab88e7206034be9e3a425deb1f36de6f99b74,f6a1bec3409c3218acd40a9232aab88e7206034be9e3a425deb1f36de6f99b74
GR-210,C210-056,unchanged,"If the reviewer and decision authority are different, the authority shall identify the review findings received, any departure from them, the grounds and competence for that departure, and the additional response opportunity required by new material grounds. A managerial instruction shall not silently replace an evidential assessment while retaining the reviewer's attribution.","If the reviewer and decision authority are different, the authority shall identify the review findings received, any departure from them, the grounds and competence for that departure, and the additional response opportunity required by new material grounds. A managerial instruction shall not silently replace an evidential assessment while retaining the reviewer's attribution.",57c3a98457c4fe3e2007659c47d67d819a17356c53cee258f33c48cfcbe1aeaf,57c3a98457c4fe3e2007659c47d67d819a17356c53cee258f33c48cfcbe1aeaf
GR-210,C210-057,unchanged,The operator shall provide a protected route to report retaliation or interference linked to participation and shall record available protective responses within its authority. Such a report shall remain distinct from the factual merits of the original case. A person shall not have to publish the protected allegation to obtain triage or an explanation of the available route.,The operator shall provide a protected route to report retaliation or interference linked to participation and shall record available protective responses within its authority. Such a report shall remain distinct from the factual merits of the original case. A person shall not have to publish the protected allegation to obtain triage or an explanation of the available route.,a4df6e711ce0f977c6cfa7601f3e489fd6f996523f99f9c22e8e7fc1057ecb39,a4df6e711ce0f977c6cfa7601f3e489fd6f996523f99f9c22e8e7fc1057ecb39
GR-210,C210-058,unchanged,"The reviewer shall maintain an issue-to-evidence plan identifying the question, claim versions, relevant criteria, material available, material sought, expected access, alternatives to examine, and known gaps. A change in the plan that materially affects the scope or burden of review shall be recorded and communicated to permitted affected participants.","The reviewer shall maintain an issue-to-evidence plan identifying the question, claim versions, relevant criteria, material available, material sought, expected access, alternatives to examine, and known gaps. A change in the plan that materially affects the scope or burden of review shall be recorded and communicated to permitted affected participants.",e63fbb7c203c22e7c38a4646e75324ef084e2a015efb07932e0b2d85c61421fe,e63fbb7c203c22e7c38a4646e75324ef084e2a015efb07932e0b2d85c61421fe
GR-210,C210-059,unchanged,"An evidence item used in a disposition shall have a locator or controlled reference, source attribution, acquisition context, relevant version, and any known transformation or custody limitation material to the inference. An unavailable original shall be distinguished from an examined copy, excerpt, testimony about the item, or generated reconstruction.","An evidence item used in a disposition shall have a locator or controlled reference, source attribution, acquisition context, relevant version, and any known transformation or custody limitation material to the inference. An unavailable original shall be distinguished from an examined copy, excerpt, testimony about the item, or generated reconstruction.",4f34efd06efb5af03a0da97a25f76a941ea20af2f4323a366b25dd32ae53c292,4f34efd06efb5af03a0da97a25f76a941ea20af2f4323a366b25dd32ae53c292
GR-210,C210-060,unchanged,"For each material item, the assessment shall state its role relative to the specified claim: support, challenge, qualification, non-discrimination, or another explained relationship. The reviewer shall not give the item a universal reliability status that silently transfers across different claims, times, or contexts. A role assigned by a party shall remain distinguishable from the reviewer's assessment.","For each material item, the assessment shall state its role relative to the specified claim: support, challenge, qualification, non-discrimination, or another explained relationship. The reviewer shall not give the item a universal reliability status that silently transfers across different claims, times, or contexts. A role assigned by a party shall remain distinguishable from the reviewer's assessment.",706a0e32742e12d447de1369bb37988342dff431bf8d6be5e35587f992a4cab4,706a0e32742e12d447de1369bb37988342dff431bf8d6be5e35587f992a4cab4
GR-210,C210-061,unchanged,"Where several items are treated as corroboration, the reviewer shall examine known derivation and dependence material to that claim. Copies, summaries, translations, model outputs, and repeated citations of one source shall not count as independent observations solely because they are separately stored or differently worded. Any asserted independence shall have a stated basis and limits.","Where several items are treated as corroboration, the reviewer shall examine known derivation and dependence material to that claim. Copies, summaries, translations, model outputs, and repeated citations of one source shall not count as independent observations solely because they are separately stored or differently worded. Any asserted independence shall have a stated basis and limits.",e01b8b38010c48cb32ebc9c12aee7e7c1e9b7307f9364af07f059872436b2f2b,e01b8b38010c48cb32ebc9c12aee7e7c1e9b7307f9364af07f059872436b2f2b
GR-210,C210-062,unchanged,"The reviewer shall identify material alternatives that fit the accessible evidence and state why an alternative is retained, weakened, rejected, or outside the assessed scope. An alternative need not receive equal weight merely because a party proposes it. Failure to examine alternatives shall remain a limitation rather than be reported as evidence that none exists.","The reviewer shall identify material alternatives that fit the accessible evidence and state why an alternative is retained, weakened, rejected, or outside the assessed scope. An alternative need not receive equal weight merely because a party proposes it. Failure to examine alternatives shall remain a limitation rather than be reported as evidence that none exists.",db6c81935e14c6be8910bd94f69fdba8949e8d504e4fb9ce184206df23538ab6,db6c81935e14c6be8910bd94f69fdba8949e8d504e4fb9ce184206df23538ab6
GR-210,C210-063,unchanged,"When an identity, temporal order, measurement, classification, or causal link is contested, the review shall identify the relevant criterion or method and assumptions. Agreement on a record identifier, timestamp, endpoint, or category label shall not by itself resolve the corresponding underlying identity, chronology, trajectory, or causal question.","When an identity, temporal order, measurement, classification, or causal link is contested, the review shall identify the relevant criterion or method and assumptions. Agreement on a record identifier, timestamp, endpoint, or category label shall not by itself resolve the corresponding underlying identity, chronology, trajectory, or causal question.",4461305831567b229c6f55b5f77cb6a1c230a6783ed9822e4c298de5d10c4b61,4461305831567b229c6f55b5f77cb6a1c230a6783ed9822e4c298de5d10c4b61
GR-210,C210-064,unchanged,"An assessment of a generative contribution shall state the capacity, relation, distinction, constraint, or possibility at issue, the comparison condition, temporal horizon, proposed connection, and evidential limits. A change following an intervention shall be examined for whether it reveals an earlier condition, creates a new condition, or combines both; later observation shall not silently become direct evidence of the earlier configuration.","An assessment of a generative contribution shall state the capacity, relation, distinction, constraint, or possibility at issue, the comparison condition, temporal horizon, proposed connection, and evidential limits. A change following an intervention shall be examined for whether it reveals an earlier condition, creates a new condition, or combines both; later observation shall not silently become direct evidence of the earlier configuration.",ba1a6156a836b71b365f1fa2fe59115d211725d326ee190e1a8d3b314a2adfae,ba1a6156a836b71b365f1fa2fe59115d211725d326ee190e1a8d3b314a2adfae
GR-210,C210-065,unchanged,"If a rule or category is challenged, the operator shall separate the case-specific application question from the rule-review question and identify the competent recipient for each. A referral of the rule question shall leave its status visible. Rejection under the existing rule shall not be represented as a finding that the rule is adequate, fair, or legally valid.","If a rule or category is challenged, the operator shall separate the case-specific application question from the rule-review question and identify the competent recipient for each. A referral of the rule question shall leave its status visible. Rejection under the existing rule shall not be represented as a finding that the rule is adequate, fair, or legally valid.",930093ae11f4ca873e38103f8e94a68db020ea9186a7662f1978a1e3cef7aa1d,930093ae11f4ca873e38103f8e94a68db020ea9186a7662f1978a1e3cef7aa1d
GR-210,C210-066,unchanged,"A change in evaluative criteria during review shall identify the earlier and revised criteria, authority, reasons, affected issues, and transition effects. The operator shall provide a response opportunity where the change materially affects a party's case. Historical acts shall retain the criteria actually relied on at the time, even when the present assessment uses a later framework.","A change in evaluative criteria during review shall identify the earlier and revised criteria, authority, reasons, affected issues, and transition effects. The operator shall provide a response opportunity where the change materially affects a party's case. Historical acts shall retain the criteria actually relied on at the time, even when the present assessment uses a later framework.",d83fccd7c94c5464c064be39d195dc3c7de091e2d1e32a8274f94a8441f9c6dc,d83fccd7c94c5464c064be39d195dc3c7de091e2d1e32a8274f94a8441f9c6dc
GR-210,C210-067,unchanged,"A numerical score, confidence estimate, or model recommendation used materially in review shall identify what it measures, relevant inputs, method and version where available, assumptions, uncertainty, and role in the decision. A threshold chosen for operational action shall remain distinguishable from an estimate of factual warrant. Unavailable technical details shall qualify the assessment rather than be fabricated.","A numerical score, confidence estimate, or model recommendation used materially in review shall identify what it measures, relevant inputs, method and version where available, assumptions, uncertainty, and role in the decision. A threshold chosen for operational action shall remain distinguishable from an estimate of factual warrant. Unavailable technical details shall qualify the assessment rather than be fabricated.",d507fba9fb4d35ea6a7657befff722d85ea5f8764b4689d3b90dfb494b72a18d,d507fba9fb4d35ea6a7657befff722d85ea5f8764b4689d3b90dfb494b72a18d
GR-210,C210-068,unchanged,"The reviewer shall document the planned examination actually performed, material steps not performed, reasons, and effects on the conclusion. An evidence request sent, an access permission obtained, or a tool available shall not be reported as an examination completed. A finding shall remain bounded by the material and methods actually used.","The reviewer shall document the planned examination actually performed, material steps not performed, reasons, and effects on the conclusion. An evidence request sent, an access permission obtained, or a tool available shall not be reported as an examination completed. A finding shall remain bounded by the material and methods actually used.",bbbd6545a498e3321853087bee04d4335e84ff0aa3a9e422179daf0b5191595b,bbbd6545a498e3321853087bee04d4335e84ff0aa3a9e422179daf0b5191595b
GR-210,C210-069,unchanged,"Each disposition shall address every scoped material issue or state why it remains deferred, referred, withdrawn, or unresolved. The record shall distinguish the parties' positions, the reviewer's assessment, the authorized determination, and any minority or competing assessment retained within protection limits. A single closed-case label shall not conceal different outcomes for different issues.","Each disposition shall address every scoped material issue or state why it remains deferred, referred, withdrawn, or unresolved. The record shall distinguish the parties' positions, the reviewer's assessment, the authorized determination, and any minority or competing assessment retained within protection limits. A single closed-case label shall not conceal different outcomes for different issues.",acc4bd131317e1e68cad6c6fbbc3209b0dd8a00c8dde2a2d8d0a66af0a934875,acc4bd131317e1e68cad6c6fbbc3209b0dd8a00c8dde2a2d8d0a66af0a934875
GR-210,C210-070,unchanged,"A maintained judgment shall explain why the challenge does not warrant the requested change, including treatment of material contrary grounds. An inability-to-decide disposition shall identify the limiting evidence, authority, or method and any conditions for further review. Neither outcome shall rely solely on institutional acceptance of the original account.","A maintained judgment shall explain why the challenge does not warrant the requested change, including treatment of material contrary grounds. An inability-to-decide disposition shall identify the limiting evidence, authority, or method and any conditions for further review. Neither outcome shall rely solely on institutional acceptance of the original account.",210bddf2c78462398de1f5215e709a200f13726759cfa37b88c12aba9e63eb73,210bddf2c78462398de1f5215e709a200f13726759cfa37b88c12aba9e63eb73
GR-210,C210-071,unchanged,"An action plan shall distinguish proposed, authorized, assigned, initiated, completed, verified, failed, and no-longer-pursued actions where those differences are material. It shall identify the executor, authority, affected records or persons, due or review date, completion evidence, and route when execution fails. A reviewer lacking implementation authority shall identify the required decision recipient rather than promise completion.","An action plan shall distinguish proposed, authorized, assigned, initiated, completed, verified, failed, and no-longer-pursued actions where those differences are material. It shall identify the executor, authority, affected records or persons, due or review date, completion evidence, and route when execution fails. A reviewer lacking implementation authority shall identify the required decision recipient rather than promise completion.",eb921992e9d830aa8732e82018da2bd76c04e5bb567e96455aac3084a35aeab5,eb921992e9d830aa8732e82018da2bd76c04e5bb567e96455aac3084a35aeab5
GR-210,C210-072,unchanged,"When immediate action is taken before full review, the operator shall record the urgency, authority, limited purpose, expected consequences, duration or review point, notice limits, and later examination required. The temporary action shall not be presented as a final evidential finding or remove the remaining opportunity to challenge material grounds.","When immediate action is taken before full review, the operator shall record the urgency, authority, limited purpose, expected consequences, duration or review point, notice limits, and later examination required. The temporary action shall not be presented as a final evidential finding or remove the remaining opportunity to challenge material grounds.",0a9748856457b55d74e44109aaed9aa1f2363c0c74784c4ea06c497f417c9adf,0a9748856457b55d74e44109aaed9aa1f2363c0c74784c4ea06c497f417c9adf
GR-210,C210-073,unchanged,"The notification record shall identify the permitted recipient, route, exact disposition or summary version, dispatch time, known delivery status, and any protected information withheld. The operator shall distinguish dispatch, delivery, receipt acknowledged, and substantive response. A delivery failure material to a review opportunity shall trigger the declared alternative or timing correction.","The notification record shall identify the permitted recipient, route, exact disposition or summary version, dispatch time, known delivery status, and any protected information withheld. The operator shall distinguish dispatch, delivery, receipt acknowledged, and substantive response. A delivery failure material to a review opportunity shall trigger the declared alternative or timing correction.",106f4f7581c5ef5f85e15ff629e10e675ee9c296d1f27641d4129a7bf0f5faf0,106f4f7581c5ef5f85e15ff629e10e675ee9c296d1f27641d4129a7bf0f5faf0
GR-210,C210-074,unchanged,"A notice of disposition shall give an accessible account of the outcome, material reasons and limitations, action status, further-review route, relevant deadline and starting event, and assistance available. If the full record cannot be shared, the notice shall explain the permitted way to examine or challenge the grounds without overstating the completeness of the summary.","A notice of disposition shall give an accessible account of the outcome, material reasons and limitations, action status, further-review route, relevant deadline and starting event, and assistance available. If the full record cannot be shared, the notice shall explain the permitted way to examine or challenge the grounds without overstating the completeness of the summary.",a7f66c3cdc81c7132ea5ccf6e75fa39436311229bf93d64a9f31c9fab5c93ab6,a7f66c3cdc81c7132ea5ccf6e75fa39436311229bf93d64a9f31c9fab5c93ab6
GR-210,C210-075,unchanged,"Correction planning shall identify known dependent claims, assessments, records, presentations, and decisions within the operator's control or declared notification relationships. For each, the operator shall record correction performed, review pending, no change with reason, notification sent, unreachable recipient, or another explained status. It shall not assert universal propagation beyond the evidenced boundary.","Correction planning shall identify known dependent claims, assessments, records, presentations, and decisions within the operator's control or declared notification relationships. For each, the operator shall record correction performed, review pending, no change with reason, notification sent, unreachable recipient, or another explained status. It shall not assert universal propagation beyond the evidenced boundary.",0dcff86716783f80c580322cb6d47681ae336070160f6a007ea9f8626575ce41,0dcff86716783f80c580322cb6d47681ae336070160f6a007ea9f8626575ce41
GR-210,C210-076,unchanged,"A correction shall preserve a distinguishable relationship between the prior and revised account, its reason and authority, and the time of each formulation, subject to protection and retention. The corrected view shall not present earlier decision makers as having used evidence or categories acquired later. A removed sensitive detail shall not be retained in the public history solely to illustrate the correction.","A correction shall preserve a distinguishable relationship between the prior and revised account, its reason and authority, and the time of each formulation, subject to protection and retention. The corrected view shall not present earlier decision makers as having used evidence or categories acquired later. A removed sensitive detail shall not be retained in the public history solely to illustrate the correction.",1797a365143717ae8a8a7e1da65a4e11056185865a643786fb3ea9b7982d7e49,1797a365143717ae8a8a7e1da65a4e11056185865a643786fb3ea9b7982d7e49
GR-210,C210-077,unchanged,"A consequential action or remedy shall be evaluated separately from record correction. The follow-up shall identify the intended practical change, evidence of what occurred, unresolved costs or losses, affected perspectives obtained, and limits on causal attribution. An apology, amended field, or scheduled meeting shall not be recorded as restoration of an opportunity without supporting evidence.","A consequential action or remedy shall be evaluated separately from record correction. The follow-up shall identify the intended practical change, evidence of what occurred, unresolved costs or losses, affected perspectives obtained, and limits on causal attribution. An apology, amended field, or scheduled meeting shall not be recorded as restoration of an opportunity without supporting evidence.",f64e6952edb96b488c18fe4cf2358d73117f4d64863176b62b5828c505db0983,f64e6952edb96b488c18fe4cf2358d73117f4d64863176b62b5828c505db0983
GR-210,C210-078,unchanged,"A case closure shall identify which issues are disposed, which actions remain pending, who owns continuing follow-up, and the conditions for reopening. Where the declared procedure requires action verification before closure, unavailable verification shall prevent that closure claim. Administrative closure shall not erase outstanding obligations, remaining disagreement, or unavailable evidence.","A case closure shall identify which issues are disposed, which actions remain pending, who owns continuing follow-up, and the conditions for reopening. Where the declared procedure requires action verification before closure, unavailable verification shall prevent that closure claim. Administrative closure shall not erase outstanding obligations, remaining disagreement, or unavailable evidence.",86a3d8fb6b77a6be7b37081b5b2e070b539303730c135820185dcd9d56c3f3a7,86a3d8fb6b77a6be7b37081b5b2e070b539303730c135820185dcd9d56c3f3a7
GR-210,C210-079,unchanged,"If a disposition is itself corrected, the operator shall identify the earlier disposition and notice versions, the error, authority for correction, affected deadlines or actions, and renewed notifications or response opportunities. A substantive change shall receive the review warranted by its effect, rather than be hidden as a typographic correction.","If a disposition is itself corrected, the operator shall identify the earlier disposition and notice versions, the error, authority for correction, affected deadlines or actions, and renewed notifications or response opportunities. A substantive change shall receive the review warranted by its effect, rather than be hidden as a typographic correction.",85e994d7f2c1e559fadba2777ddddb13d57b0d4deaeb52b645c03688955627d1,85e994d7f2c1e559fadba2777ddddb13d57b0d4deaeb52b645c03688955627d1
GR-210,C210-080,unchanged,"The declaration shall distinguish reconsideration of evidence or judgment, review of procedural failure, conduct handling, and an external legal route where one is asserted. It shall state who can request each route, the grounds and scope, responsible recipient, available remedies, timing, and independence arrangements. Routing assistance shall preserve the submitted concern rather than require technical knowledge of the operator's organization.","The declaration shall distinguish reconsideration of evidence or judgment, review of procedural failure, conduct handling, and an external legal route where one is asserted. It shall state who can request each route, the grounds and scope, responsible recipient, available remedies, timing, and independence arrangements. Routing assistance shall preserve the submitted concern rather than require technical knowledge of the operator's organization.",ab2d61ef8fcb95062361b862ae30f3a1d3f678c9ad45305d91a6012c9b021785,ab2d61ef8fcb95062361b862ae30f3a1d3f678c9ad45305d91a6012c9b021785
GR-210,C210-081,unchanged,"A further-review request shall receive a linked reference, acknowledgement, admissibility decision with reasons, reviewer assignment, timetable, and notice of any effect on action or closure. A refusal to admit the request shall not be represented as substantive refutation and shall identify any remaining challenge route or explicit limit.","A further-review request shall receive a linked reference, acknowledgement, admissibility decision with reasons, reviewer assignment, timetable, and notice of any effect on action or closure. A refusal to admit the request shall not be represented as substantive refutation and shall identify any remaining challenge route or explicit limit.",f31485744cf6dc8339482701c73dcd4bfd5659ffddca8b55fbc81ef2a742a094,f31485744cf6dc8339482701c73dcd4bfd5659ffddca8b55fbc81ef2a742a094
GR-210,C210-082,unchanged,"A person who made the challenged decision shall not be described as independent when reviewing it. An independent-review claim shall identify the reviewer's separation from the disputed handling and relevant interests. If the declared independent function is unavailable, the operator shall disclose the limitation and refrain from claiming that an independent appeal occurred.","A person who made the challenged decision shall not be described as independent when reviewing it. An independent-review claim shall identify the reviewer's separation from the disputed handling and relevant interests. If the declared independent function is unavailable, the operator shall disclose the limitation and refrain from claiming that an independent appeal occurred.",d0e99e809ff23144a8891f061fe77a853242656339b00325923ccea40cfdd105,d0e99e809ff23144a8891f061fe77a853242656339b00325923ccea40cfdd105
GR-210,C210-083,unchanged,"The further-review authority shall assess whether disputed action needs a stay, temporary qualification, preservation measure, or other protection within its mandate. The decision shall identify urgency, consequences for affected parties, duration or review point, and reasons. Requesting review shall not be assumed either to stop every action or to leave every action unaffected.","The further-review authority shall assess whether disputed action needs a stay, temporary qualification, preservation measure, or other protection within its mandate. The decision shall identify urgency, consequences for affected parties, duration or review point, and reasons. Requesting review shall not be assumed either to stop every action or to leave every action unaffected.",bc7329af4d2e5558b2d7b8137e4d280a629b42ad52aefe644fba67d6ac41b6de,bc7329af4d2e5558b2d7b8137e4d280a629b42ad52aefe644fba67d6ac41b6de
GR-210,C210-084,unchanged,"Further review shall identify the record and criteria reviewed, new material admitted, opportunities for response, questions determined, reasons, remedy, and implementation responsibility. A procedural reviewer acting outside authority to decide factual merits shall remit the appropriate question rather than relabel a procedural finding as a final factual conclusion.","Further review shall identify the record and criteria reviewed, new material admitted, opportunities for response, questions determined, reasons, remedy, and implementation responsibility. A procedural reviewer acting outside authority to decide factual merits shall remit the appropriate question rather than relabel a procedural finding as a final factual conclusion.",219b420697677d89ae3a965dea388199fee61f65a547059481c479861142e47e,219b420697677d89ae3a965dea388199fee61f65a547059481c479861142e47e
GR-210,C210-085,unchanged,"Where a remedy requires renewed notice, evidence examination, reassignment, reconsideration, or action, the operator shall record completion evidence before asserting the remedy fulfilled. The renewed disposition shall link the earlier decision and further-review grounds. Repeating the earlier conclusion without performing the required remedy shall not constitute compliance with the review outcome.","Where a remedy requires renewed notice, evidence examination, reassignment, reconsideration, or action, the operator shall record completion evidence before asserting the remedy fulfilled. The renewed disposition shall link the earlier decision and further-review grounds. Repeating the earlier conclusion without performing the required remedy shall not constitute compliance with the review outcome.",0e69b22c7129c76304c01c24e9b3a8686744a667d77bd81f46ec5a8b35e8a6c0,0e69b22c7129c76304c01c24e9b3a8686744a667d77bd81f46ec5a8b35e8a6c0
GR-210,C210-086,unchanged,"A reopening assessment shall distinguish newly available evidence, a material error, changed target conditions, changed categories or criteria, procedural defect, and unimplemented remedy. It shall state whether these grounds affect the past assessment, current action, or both. A later event shall not automatically prove that an earlier claim was mistaken under the evidence then available.","A reopening assessment shall distinguish newly available evidence, a material error, changed target conditions, changed categories or criteria, procedural defect, and unimplemented remedy. It shall state whether these grounds affect the past assessment, current action, or both. A later event shall not automatically prove that an earlier claim was mistaken under the evidence then available.",7f3d45204505142a37710b7becb6a25478a02d6961d4aa1b4bdc421e35739b00,7f3d45204505142a37710b7becb6a25478a02d6961d4aa1b4bdc421e35739b00
GR-210,C210-087,unchanged,"A reopened case shall preserve the earlier scope, evidence state, disposition, and consequential uses to the permitted extent and identify the new review boundary. New and prior issues may be linked or separated when the reason is recorded. Reopening shall not silently reset an overdue action or delete the history of a missed response.","A reopened case shall preserve the earlier scope, evidence state, disposition, and consequential uses to the permitted extent and identify the new review boundary. New and prior issues may be linked or separated when the reason is recorded. Reopening shall not silently reset an overdue action or delete the history of a missed response.",ef5da318ff7510bc73011c3752100052600834acb5deeb031bc057a9be82d0ba,ef5da318ff7510bc73011c3752100052600834acb5deeb031bc057a9be82d0ba
GR-210,C210-088,unchanged,"When a service period is exceeded, the operator shall record the missed event, cause, effect, notice, revised target or authorized extension, and available escalation. An extension shall identify who authorized it and why it is consistent with the declared procedure. Repeated extensions shall trigger capacity review and a reasoned alternative, rather than indefinite pending status without accountability.","When a service period is exceeded, the operator shall record the missed event, cause, effect, notice, revised target or authorized extension, and available escalation. An extension shall identify who authorized it and why it is consistent with the declared procedure. Repeated extensions shall trigger capacity review and a reasoned alternative, rather than indefinite pending status without accountability.",2648444d57f0fc9cc03453aafeb811fa59c8bd4d3049af54a44870e0a48c343f,2648444d57f0fc9cc03453aafeb811fa59c8bd4d3049af54a44870e0a48c343f
GR-210,C210-089,unchanged,"A handover, operator closure, or loss of a responsible function shall identify open cases, pending actions, permitted successor access, affected notices, and continuity limits. Transfer shall require a stated authority and custody record. Where no successor can accept responsibility, users shall receive the available permitted explanation and alternatives; an unavailable service shall not continue to be advertised as operational.","A handover, operator closure, or loss of a responsible function shall identify open cases, pending actions, permitted successor access, affected notices, and continuity limits. Transfer shall require a stated authority and custody record. Where no successor can accept responsibility, users shall receive the available permitted explanation and alternatives; an unavailable service shall not continue to be advertised as operational.",c6ee533323e63802f2102abd52ebef88d15af58f0ce43aeaa86bd61f8d33cbb9,c6ee533323e63802f2102abd52ebef88d15af58f0ce43aeaa86bd61f8d33cbb9
GR-210,C210-090,unchanged,"The operator shall distinguish submission content, identity and contact information, evidence, internal working material, disposition, public summary, and audit information in its access and retention schedule. Access shall correspond to an identified purpose and authority. Permission to examine one component shall not be presumed to authorize onward publication or unrestricted reuse of the case.","The operator shall distinguish submission content, identity and contact information, evidence, internal working material, disposition, public summary, and audit information in its access and retention schedule. Access shall correspond to an identified purpose and authority. Permission to examine one component shall not be presumed to authorize onward publication or unrestricted reuse of the case.",78a3c99402b797f96216b55ce23bb335f30e9c8957a65d8d592d9ae08505f7a2,78a3c99402b797f96216b55ce23bb335f30e9c8957a65d8d592d9ae08505f7a2
GR-210,C210-091,unchanged,"Before relying on protected grounds for a consequential adverse disposition, the reviewer shall assess whether affected parties can receive a sufficient account or a credible authorized alternative examination. If protection prevents fair examination of a material issue, the operator shall narrow the finding, defer it, or state the unresolved limitation rather than claim fully contestable determination.","Before relying on protected grounds for a consequential adverse disposition, the reviewer shall assess whether affected parties can receive a sufficient account or a credible authorized alternative examination. If protection prevents fair examination of a material issue, the operator shall narrow the finding, defer it, or state the unresolved limitation rather than claim fully contestable determination.",ebe3dfabeb3c409f63aac6d73067d2d22de5d86eea292afdb1b6da23072a1171,ebe3dfabeb3c409f63aac6d73067d2d22de5d86eea292afdb1b6da23072a1171
GR-210,C210-092,unchanged,"A controlled view shall identify its source case and disposition version, intended audience, material selection or transformation, and permitted limitations. If acknowledging a particular item's existence is restricted, the view shall state its scope at a safe level without exposing that existence. The protected accountability record shall remain available only within its authorized boundary.","A controlled view shall identify its source case and disposition version, intended audience, material selection or transformation, and permitted limitations. If acknowledging a particular item's existence is restricted, the view shall state its scope at a safe level without exposing that existence. The protected accountability record shall remain available only within its authorized boundary.",ca6239dca92f7bd12413c4b705f5d66eec1fc0c1d462a48db335ffdc9e66600d,ca6239dca92f7bd12413c4b705f5d66eec1fc0c1d462a48db335ffdc9e66600d
GR-210,C210-093,unchanged,"A suspected unauthorized disclosure, misdirected notification, or compromise of protected evidence shall receive recorded triage, containment within authority, affected-case assessment, permitted notice, and review of whether the evidence or procedure remains usable. Correction of the public copy shall not be described as recall of copies beyond the operator's control.","A suspected unauthorized disclosure, misdirected notification, or compromise of protected evidence shall receive recorded triage, containment within authority, affected-case assessment, permitted notice, and review of whether the evidence or procedure remains usable. Correction of the public copy shall not be described as recall of copies beyond the operator's control.",e1777ac74de62f182620e745157edf7486fa9652e40e00e0c1a4b4d3c4451b23,e1777ac74de62f182620e745157edf7486fa9652e40e00e0c1a4b4d3c4451b23
GR-210,C210-094,unchanged,"A retention or disposal decision shall assess ongoing review, action, and reconstruction needs against the applicable protection basis, authority, and schedule. The record shall state what is retained or disposed of, when, by whom, and the permitted verification method. It shall not retain prohibited content merely because a review might theoretically occur in the future.","A retention or disposal decision shall assess ongoing review, action, and reconstruction needs against the applicable protection basis, authority, and schedule. The record shall state what is retained or disposed of, when, by whom, and the permitted verification method. It shall not retain prohibited content merely because a review might theoretically occur in the future.",e1416b86dcc9ed30a2e2f2faf8e2aefcd0f7cfb9cf2c9472f524999b9bb96207,e1416b86dcc9ed30a2e2f2faf8e2aefcd0f7cfb9cf2c9472f524999b9bb96207
GR-210,C210-095,unchanged,"An assessor denied access to material required for an applicable finding shall state the resulting limitation. A protected assessment by another authorized competent person may be cited with its scope and independence limits, but shall not be represented as the first assessor's direct examination. Confidentiality shall not convert an unassessed obligation into fulfillment.","An assessor denied access to material required for an applicable finding shall state the resulting limitation. A protected assessment by another authorized competent person may be cited with its scope and independence limits, but shall not be represented as the first assessor's direct examination. Confidentiality shall not convert an unassessed obligation into fulfillment.",437cbe7cb36619108fc920bc6ba2b1f5fe74e7777c794cf2c81747780b0e51f2,437cbe7cb36619108fc920bc6ba2b1f5fe74e7777c794cf2c81747780b0e51f2
GR-210,C210-096,unchanged,"Before assessment, the assessor shall define the procedure version, operator and institutional scope, period observed, cases selected, relevant failure conditions, methods, evidence access, and independence or author involvement. A sample of cases shall have an explicit selection rationale and limit; a favorable sample shall not be generalized to unexamined settings without supporting grounds.","Before assessment, the assessor shall define the procedure version, operator and institutional scope, period observed, cases selected, relevant failure conditions, methods, evidence access, and independence or author involvement. A sample of cases shall have an explicit selection rationale and limit; a favorable sample shall not be generalized to unexamined settings without supporting grounds.",c0157f15bbe05b734bb90a23c0cd7d6aa4556cb0f2aff4dec91f06acadc3a62d,c0157f15bbe05b734bb90a23c0cd7d6aa4556cb0f2aff4dec91f06acadc3a62d
GR-210,C210-097,unchanged,"The assessment register shall give each applicable requirement its own result, evidence locator, method, assessor, and unresolved action, distinguishing documentary adequacy from actual performance where both are required. A grouped test may support several results only when its evidence supports each obligation separately.","The assessment register shall give each applicable requirement its own result, evidence locator, method, assessor, and unresolved action, distinguishing documentary adequacy from actual performance where both are required. A grouped test may support several results only when its evidence supports each obligation separately.",7502c7c0499d6b66c7377d965a7d8c6c6a40782ce3bcdb562af1c930eab03c86,7502c7c0499d6b66c7377d965a7d8c6c6a40782ce3bcdb562af1c930eab03c86
GR-210,C210-098,unchanged,"A procedure assessment shall use the minimum coverage schedule in Annex C and justify any additional failure cases arising from the declared context. A synthetic exercise shall identify fictional actors and unperformed external actions. A demonstration of software behavior shall not establish competent human review, meaningful participation, legal authority, or practical remedy.","A procedure assessment shall use the minimum coverage schedule in Annex C and justify any additional failure cases arising from the declared context. A synthetic exercise shall identify fictional actors and unperformed external actions. A demonstration of software behavior shall not establish competent human review, meaningful participation, legal authority, or practical remedy.",93ffd5a20600e49bddb947ffa4d47ac1b2bc2afe96514c58b573c3ae37e1bbf3,93ffd5a20600e49bddb947ffa4d47ac1b2bc2afe96514c58b573c3ae37e1bbf3
GR-210,C210-099,unchanged,"Assessment shall include an intended user's attempt to locate the route, identify the issue, understand the notice and reasons, and determine the next available action under permitted conditions. The report shall record assistance, barriers, failures, and participant relationship to the design. Author familiarity shall not be reported as independent evidence of ordinary-user comprehension.","Assessment shall include an intended user's attempt to locate the route, identify the issue, understand the notice and reasons, and determine the next available action under permitted conditions. The report shall record assistance, barriers, failures, and participant relationship to the design. Author familiarity shall not be reported as independent evidence of ordinary-user comprehension.",e37838e3a4b770fa029dada145c42cf22f12b77d0ea1602856d6afd569977a3d,e37838e3a4b770fa029dada145c42cf22f12b77d0ea1602856d6afd569977a3d
GR-210,C210-100,unchanged,"An assessment finding that results in a corrected procedure, case record, or implementation shall identify the changed version, affected requirements, corrective action, and reassessment scope. Results for unchanged material may be reused only with a recorded reason that the change does not invalidate the evidence. A prior pass shall not automatically transfer across a material change.","An assessment finding that results in a corrected procedure, case record, or implementation shall identify the changed version, affected requirements, corrective action, and reassessment scope. Results for unchanged material may be reused only with a recorded reason that the change does not invalidate the evidence. A prior pass shall not automatically transfer across a material change.",e8d1ec20253f4e11329e3dbb66989002306b65d4a70e80dfd0fa87cb6921a80a,e8d1ec20253f4e11329e3dbb66989002306b65d4a70e80dfd0fa87cb6921a80a
GR-210,C210-101,unchanged,"A public assessment summary shall identify the assessed scope, dependency versions, methods, failures and unassessed requirements, protected-evidence limitations, and whether actions were observed or merely documented. It shall not use a certificate, badge, or concise status to imply factual truth, institutional legitimacy, or full procedure fulfillment beyond the evidence.","A public assessment summary shall identify the assessed scope, dependency versions, methods, failures and unassessed requirements, protected-evidence limitations, and whether actions were observed or merely documented. It shall not use a certificate, badge, or concise status to imply factual truth, institutional legitimacy, or full procedure fulfillment beyond the evidence.",21d171f2092ef49a2a55577102d9dae06df29bdf99347e1aa5ae777462ec83c4,21d171f2092ef49a2a55577102d9dae06df29bdf99347e1aa5ae777462ec83c4
GR-210,C210-102,unchanged,"For every applicable service event in Table~\ref{tab:c210-services}, the schedule shall specify the responsible role, starting event, period or deadline, notification, allowed pause or extension, and escalation recipient. If institutional constraints impose a different controlling deadline, the declaration shall identify the asserted source and conflict treatment. A service extension shall not be represented as altering an external deadline beyond the operator's authority.","For every applicable service event in Table~\ref{tab:c210-services}, the schedule shall specify the responsible role, starting event, period or deadline, notification, allowed pause or extension, and escalation recipient. If institutional constraints impose a different controlling deadline, the declaration shall identify the asserted source and conflict treatment. A service extension shall not be represented as altering an external deadline beyond the operator's authority.",b21d0210c705132d255e3ea6c5cda9d66b05157f7e54356d0e73cb0d5f06149a,b21d0210c705132d255e3ea6c5cda9d66b05157f7e54356d0e73cb0d5f06149a
GR-210,C210-103,unchanged,"A transition shall identify the prerequisite evidence, authorizing role, permitted notification, and continuing work in Table~\ref{tab:c210-states}. Skipping a named state shall be permitted only when its underlying obligations are either fulfilled together with another step or inapplicable for a recorded reason. A state label alone shall not serve as evidence that its prerequisite action occurred.","A transition shall identify the prerequisite evidence, authorizing role, permitted notification, and continuing work in Table~\ref{tab:c210-states}. Skipping a named state shall be permitted only when its underlying obligations are either fulfilled together with another step or inapplicable for a recorded reason. A state label alone shall not serve as evidence that its prerequisite action occurred.",f0f96efc8a74e50290b16b9d2d16903cb1f6ee0c9f0f94b2c4cd032784b4e434,f0f96efc8a74e50290b16b9d2d16903cb1f6ee0c9f0f94b2c4cd032784b4e434
GR-210,C210-104,unchanged,"Where a case contains multiple issue or action tracks, the overall state shall identify unresolved tracks and their owners. Disposition of one question shall not close another without an explicit reason. Reopening or remitting an issue shall preserve the earlier disposition and its procedural context while identifying the newly pending work.","Where a case contains multiple issue or action tracks, the overall state shall identify unresolved tracks and their owners. Disposition of one question shall not close another without an explicit reason. Reopening or remitting an issue shall preserve the earlier disposition and its procedural context while identifying the newly pending work.",efd2de37bad4e48a4d093ac0b290b84d6be797cd3b66412eb84e9b029ec30afd,efd2de37bad4e48a4d093ac0b290b84d6be797cd3b66412eb84e9b029ec30afd
GR-210,C210-105,unchanged,"The procedure assessment shall cover each applicable condition in Table~\ref{tab:c210-assessment}, record the input and expected behavior, observe the action claimed, and retain permitted outcome evidence. It shall identify conditions not exercised and their effect on the assessment claim. A fulfilled result shall not be assigned merely because a specimen record contains the expected fields.","The procedure assessment shall cover each applicable condition in Table~\ref{tab:c210-assessment}, record the input and expected behavior, observe the action claimed, and retain permitted outcome evidence. It shall identify conditions not exercised and their effect on the assessment claim. A fulfilled result shall not be assigned merely because a specimen record contains the expected fields.",70d4000915848722a5002124af54c5147bd34b09aef06e7856347c8313d37332,70d4000915848722a5002124af54c5147bd34b09aef06e7856347c8313d37332
